accession	domain	phylum	class	order	family	genus	species	ambiguous_bases	checkm2_completeness	checkm2_contamination	checkm2_model	checkm_completeness	checkm_contamination	checkm_marker_count	checkm_marker_lineage	checkm_marker_set_count	checkm_strain_heterogeneity	coding_bases	coding_density	contig_count	gc_count	gc_percentage	genome_size	gtdb_genome_representative	gtdb_representative	gtdb_taxonomy	gtdb_type_designation_ncbi_taxa	gtdb_type_designation_ncbi_taxa_sources	gtdb_type_species_of_genus	l50_contigs	l50_scaffolds	longest_contig	longest_scaffold	lsu_23s_contig_len	lsu_23s_count	lsu_23s_length	lsu_23s_query_id	lsu_5s_contig_len	lsu_5s_count	lsu_5s_length	lsu_5s_query_id	lsu_silva_23s_blast_align_len	lsu_silva_23s_blast_bitscore	lsu_silva_23s_blast_evalue	lsu_silva_23s_blast_perc_identity	lsu_silva_23s_blast_subject_id	lsu_silva_23s_taxonomy	mean_contig_length	mean_scaffold_length	mimag_high_quality	mimag_low_quality	mimag_medium_quality	n50_contigs	n50_scaffolds	ncbi_assembly_level	ncbi_assembly_name	ncbi_assembly_type	ncbi_bioproject	ncbi_biosample	ncbi_contig_count	ncbi_contig_n50	ncbi_country	ncbi_date	ncbi_genbank_assembly_accession	ncbi_genome_category	ncbi_genome_representation	ncbi_isolate	ncbi_isolation_source	ncbi_lat_lon	ncbi_molecule_count	ncbi_ncrna_count	ncbi_organism_name	ncbi_protein_count	ncbi_refseq_category	ncbi_rrna_count	ncbi_scaffold_count	ncbi_scaffold_l50	ncbi_scaffold_n50	ncbi_scaffold_n75	ncbi_scaffold_n90	ncbi_seq_rel_date	ncbi_spanned_gaps	ncbi_species_taxid	ncbi_ssu_count	ncbi_strain_identifiers	ncbi_submitter	ncbi_taxid	ncbi_taxonomy	ncbi_taxonomy_unfiltered	ncbi_total_gap_length	ncbi_total_length	ncbi_translation_table	ncbi_trna_count	ncbi_type_material_designation	ncbi_ungapped_length	ncbi_unspanned_gaps	ncbi_wgs_master	protein_count	scaffold_count	ssu_contig_len	ssu_count	ssu_gg_blast_align_len	ssu_gg_blast_bitscore	ssu_gg_blast_evalue	ssu_gg_blast_perc_identity	ssu_gg_blast_subject_id	ssu_gg_taxonomy	ssu_length	ssu_query_id	ssu_silva_blast_align_len	ssu_silva_blast_bitscore	ssu_silva_blast_evalue	ssu_silva_blast_perc_identity	ssu_silva_blast_subject_id	ssu_silva_taxonomy	total_gap_length	trna_aa_count	trna_count	trna_selenocysteine_count
GB_GCA_030638685.1	Archaea	Asgardarchaeota	Heimdallarchaeia	Heimdallarchaeales	DAOWED01	DAOWED01	DAOWED01 sp030638685	0	85.56	1.82	General	78.5	4.05	149	k__Archaea (UID2)	107	16.67	2072948	88.915864094719	237	807219	34.62439718636212	2331359	GB_GCA_030638685.1	t	d__Archaea;p__Asgardarchaeota;c__Heimdallarchaeia;o__Heimdallarchaeales;f__DAOWED01;g__DAOWED01;s__DAOWED01 sp030638685	not type material	none	f	65	65	49070	49070	21904	1	2585	DAOWED010000025.1	none	0	none	none	2094	446	8.2e-123	71.585	MEHH01000225.593.3133	Archaea;Asgardarchaeota;Incertae Sedis;Incertae Sedis;Incertae Sedis;Incertae Sedis;Candidatus Heimdallarchaeota archaeon AB_125	9836	9836	f	f	t	11998	11998	Contig	ASM3063868v1	na	PRJNA950938	SAMN34049943	237	11998	none	2023-08-03	GCA_030638685.1	derived from metagenome	full	CSMAG_1930	cold seep	none	0	none	Candidatus Heimdallarchaeota archaeon	none	na	none	none	none	none	none	none	2023-08-03	0	2026747	none	CSMAG_1930	Third Institute of Oceanography, Ministry of Natural Resources	2026747	d__Archaea;p__Candidatus Heimdallarchaeota;c__;o__;f__;g__;s__	d__Archaea;x__Promethearchaeati;p__Candidatus Heimdallarchaeota;x__unclassified Candidatus Heimdallarchaeota;s__Candidatus Heimdallarchaeota archaeon	0	2331359	none	none	na	2331359	0	DAOWED000000000.1	2270	237	24229	1	none	none	none	none	none	none	1467	DAOWED010000056.1	1344	2351	0	98.214	FN820420.1.1346	Archaea;Asgardarchaeota;Heimdallarchaeia;Incertae Sedis;Incertae Sedis;AB_125;uncultured archaeon	0	15	36	0
GB_GCA_048885785.1	Archaea	Asgardarchaeota	Lokiarchaeia	Sigyniarchaeales	SOKP01	SOKP01	SOKP01 sp048940645	0	78.24	3.42	General	72.27	3.27	149	k__Archaea (UID2)	107	0.0	3346183	88.22968099305433	158	1126441	29.71056464371039	3792582	GB_GCA_048940645.1	f	d__Archaea;p__Asgardarchaeota;c__Lokiarchaeia;o__Sigyniarchaeales;f__SOKP01;g__SOKP01;s__SOKP01 sp048940645	not type material	none	f	29	29	148839	148839	none	0	none	none	none	0	none	none	none	none	none	none	none	none	23996	25976	f	f	t	37067	37837	Scaffold	ASM4888578v1	na	PRJNA1162170	SAMN43852811	158	37067	none	2025-03-24	GCA_048885785.1	derived from metagenome	full	DZ1M.426	none	none	0	0	Candidatus Hermodarchaeota archaeon	none	na	1	146	29	37837	23512	13101	2025-03-24	12	2799008	0	DZ1M.426	East china normal University	2799008	d__Archaea;p__Candidatus Hermodarchaeota;c__;o__;f__;g__;s__	d__Archaea;x__Promethearchaeati;p__Candidatus Hermodarchaeota;x__unclassified Candidatus Hermodarchaeota;s__Candidatus Hermodarchaeota archaeon	1200	3792582	11	43	na	3791382	0	JBHLLH000000000.1	3652	146	none	0	none	none	none	none	none	none	none	none	none	none	none	none	none	none	1200	19	43	1
GB_GCA_030626525.1	Archaea	Asgardarchaeota	Heimdallarchaeia	Heimdallarchaeales	Heimdallarchaeaceae	18H4-34	18H4-34 sp023705985	0	82.14	5.17	General	84.58	4.67	149	k__Archaea (UID2)	107	25.0	2355966	88.4974892794788	336	870357	32.693345012966795	2662184	GB_GCA_023705985.1	f	d__Archaea;p__Asgardarchaeota;c__Heimdallarchaeia;o__Heimdallarchaeales;f__Heimdallarchaeaceae;g__18H4-34;s__18H4-34 sp023705985	not type material	none	f	81	81	41112	41112	none	0	none	none	none	0	none	none	none	none	none	none	none	none	7923	7923	f	f	t	9713	9713	Contig	ASM3062652v1	na	PRJNA950938	SAMN34042646	336	9713	none	2023-08-03	GCA_030626525.1	derived from metagenome	full	CSMAG_83	cold seep	none	0	none	Candidatus Heimdallarchaeota archaeon	none	na	none	none	none	none	none	none	2023-08-03	0	2026747	none	CSMAG_83	Third Institute of Oceanography, Ministry of Natural Resources	2026747	d__Archaea;p__Candidatus Heimdallarchaeota;c__;o__;f__;g__;s__	d__Archaea;x__Promethearchaeati;p__Candidatus Heimdallarchaeota;x__unclassified Candidatus Heimdallarchaeota;s__Candidatus Heimdallarchaeota archaeon	0	2662184	none	none	na	2662184	0	DAOUOV000000000.1	2795	336	none	0	none	none	none	none	none	none	none	none	none	none	none	none	none	none	0	19	41	0
GB_GCA_029856045.1	Archaea	Asgardarchaeota	Lokiarchaeia	Sigyniarchaeales	SOKP01	6H3-1	6H3-1 sp029856045	0	100.0	3.53	General	92.99	5.14	149	k__Archaea (UID2)	107	14.29	2942761	88.03826849395065	55	983686	29.428829654103865	3342593	GB_GCA_029856045.1	t	d__Archaea;p__Asgardarchaeota;c__Lokiarchaeia;o__Sigyniarchaeales;f__SOKP01;g__6H3-1;s__6H3-1 sp029856045	not type material	none	f	6	6	564327	564327	564327	1	3132	JAHQWG010000016.1	none	0	none	none	2761	2405	0	82.796	JYIM01000373.485.3826	Archaea;Asgardarchaeota;Incertae Sedis;Incertae Sedis;Incertae Sedis;Incertae Sedis;Lokiarchaeum sp. GC14_75	60774	60774	f	f	t	141884	141884	Contig	ASM2985604v1	na	PRJNA417281	SAMN08011037	55	141884	Denmark: Aarhus Bay Station M5	2023-04-24	GCA_029856045.1	derived from metagenome	full	ABR01	marine sediment	56.1033 N 10.4578 E	0	none	Promethearchaeia archaeon	none	na	none	none	none	none	none	none	2023-04-24	0	3067280	none	ABR01	Uppsala University	3067280	d__Archaea;p__Promethearchaeota;c__Promethearchaeia;o__;f__;g__;s__	d__Archaea;x__Promethearchaeati;p__Promethearchaeota;c__Promethearchaeia;x__unclassified Promethearchaeia;s__Promethearchaeia archaeon	0	3342593	none	none	na	3342593	0	JAHQWG000000000.1	3115	55	564327	1	none	none	none	none	none	none	1495	JAHQWG010000016.1	1427	2540	0	98.809	JQ817593.1.1427	Archaea;Asgardarchaeota;Lokiarchaeia;Incertae Sedis;Incertae Sedis;Incertae Sedis;uncultured archaeon	0	17	42	1
GB_GCA_019058035.1	Archaea	Asgardarchaeota	Lokiarchaeia	Sigyniarchaeales	SOKP01	6H3-1	6H3-1 sp019058015	0	94.87	4.38	General	88.47	5.37	149	k__Archaea (UID2)	107	20.0	3345143	85.61354647849042	377	1140941	29.200546981912385	3907259	GB_GCA_019058015.1	f	d__Archaea;p__Asgardarchaeota;c__Lokiarchaeia;o__Sigyniarchaeales;f__SOKP01;g__6H3-1;s__6H3-1 sp019058015	not type material	none	f	66	66	76851	76851	14692	2	2201	JAHLWF010000363.1	none	0	none	none	1848	1567	0	82.359	JYIM01000373.485.3826	Archaea;Asgardarchaeota;Incertae Sedis;Incertae Sedis;Incertae Sedis;Incertae Sedis;Lokiarchaeum sp. GC14_75	10364	10364	f	f	t	16065	16065	Contig	ASM1905803v1	na	PRJNA678552	SAMN19663739	377	16065	New Zealand: Hikurangi Subduction Margin	2021-06-29	GCA_019058035.1	derived from metagenome	full	3H5_17	sediment collected in IODP Expedition 375 from site U1519E; depth 20.83 mbsf	38.72 S 178.61 E	0	none	Promethearchaeota archaeon	none	na	none	none	none	none	none	none	2021-06-29	0	2053489	none	3H5_17	The University of Queensland	2053489	d__Archaea;p__Promethearchaeota;c__;o__;f__;g__;s__	d__Archaea;x__Promethearchaeati;p__Promethearchaeota;x__unclassified Promethearchaeota;s__Promethearchaeota archaeon	0	3907259	none	none	na	3907259	0	JAHLWF000000000.1	4080	377	22551	1	none	none	none	none	none	none	514	JAHLWF010000282.1	463	839	0	99.352	AB800619.1.1423	Archaea;Asgardarchaeota;Lokiarchaeia;Incertae Sedis;Incertae Sedis;Incertae Sedis;uncultured archaeon	0	17	41	1
GB_GCA_038887685.1	Archaea	Asgardarchaeota	Njordarchaeia	Njordarchaeales	Panguiarchaeaceae	Panguiarchaeum	Panguiarchaeum symbiosum	0	80.56	1.61	General	83.81	0.93	149	k__Archaea (UID2)	107	0.0	1188140	89.19025838856398	46	537695	40.36352280669093	1332141	GB_GCA_024720975.1	f	d__Archaea;p__Asgardarchaeota;c__Njordarchaeia;o__Njordarchaeales;f__Panguiarchaeaceae;g__Panguiarchaeum;s__Panguiarchaeum symbiosum	not type material	none	f	6	6	200462	200462	200462	1	2979	JAWAKB010000001.1	none	0	none	none	2950	1094	0	74.136	CP000504.1594574.1597615	Archaea;Thermoproteota;Thermoproteia;Thermoproteales;Thermoproteaceae;Pyrobaculum;Pyrobaculum islandicum DSM 4184	28959	29603	f	f	t	50799	50799	Scaffold	ASM3888768v1	na	PRJNA544494	SAMN36038125	46	50799	none	2024-04-30	GCA_038887685.1	derived from metagenome	full	SRBZ-1_201901_bins_47	none	none	0	0	Thermoproteota archaeon	none	na	2	45	6	50799	26514	10825	2024-04-30	1	2056631	1	SRBZ-1_201901_bins_47	The University of Texas at Austin	2056631	d__Archaea;p__Thermoproteota;c__;o__;f__;g__;s__	d__Archaea;x__Thermoproteati;p__Thermoproteota;x__unclassified Thermoproteota;s__Thermoproteota archaeon	10	1332141	11	48	na	1332131	0	JAWAKB000000000.1	1272	45	200462	1	none	none	none	none	none	none	1515	JAWAKB010000001.1	1399	992	0	79.914	DQ228522.1.1438	Archaea;Incertae Sedis;Incertae Sedis;Incertae Sedis;Incertae Sedis;Incertae Sedis;uncultured archaeon	10	19	48	0
GB_GCA_018238625.1	Archaea	Asgardarchaeota	Lokiarchaeia	Sigyniarchaeales	SOKP01	SOKP01	SOKP01 sp018238625	0	97.94	7.59	General	89.72	3.27	149	k__Archaea (UID2)	107	0.0	3775640	88.00529200916871	201	1375829	32.068797051541615	4290242	GB_GCA_018238625.1	t	d__Archaea;p__Asgardarchaeota;c__Lokiarchaeia;o__Sigyniarchaeales;f__SOKP01;g__SOKP01;s__SOKP01 sp018238625	not type material	none	f	41	41	109278	109278	none	0	none	none	none	0	none	none	none	none	none	none	none	none	21344	21344	f	f	t	34231	34231	Contig	ASM1823862v1	na	PRJNA628571	SAMN14734418	201	34231	China: Haima cold seep	2021-05-03	GCA_018238625.1	derived from metagenome	full	HM4_B22	cold seep	none	0	none	Promethearchaeota archaeon	none	na	none	none	none	none	none	none	2021-05-03	0	2053489	none	HM4_B22	Institute of Deep-sea Science and Engineering, Chinese Academy of Sciences	2053489	d__Archaea;p__Promethearchaeota;c__;o__;f__;g__;s__	d__Archaea;x__Promethearchaeati;p__Promethearchaeota;x__unclassified Promethearchaeota;s__Promethearchaeota archaeon	0	4290242	none	none	na	4290242	0	JABCSY000000000.1	4163	201	57139	1	none	none	none	none	none	none	1490	JABCSY010000012.1	1456	2639	0	99.382	HQ700683.1.1459	Archaea;Asgardarchaeota;Lokiarchaeia;Incertae Sedis;Incertae Sedis;Incertae Sedis;uncultured crenarchaeote	0	15	42	0
GB_GCA_048883405.1	Archaea	Asgardarchaeota	Thorarchaeia	Thorarchaeales	Thorarchaeaceae	SMTZ1-83	SMTZ1-83 sp048883405	0	81.4	2.17	General	78.15	3.74	149	k__Archaea (UID2)	107	0.0	2887582	90.6760931536548	328	1485061	46.654521281441816	3184502	GB_GCA_048883405.1	t	d__Archaea;p__Asgardarchaeota;c__Thorarchaeia;o__Thorarchaeales;f__Thorarchaeaceae;g__SMTZ1-83;s__SMTZ1-83 sp048883405	not type material	none	f	64	63	88419	88419	none	0	none	none	none	0	none	none	none	none	none	none	none	none	9704	10141	f	f	t	14944	14975	Scaffold	ASM4888340v1	na	PRJNA1162170	SAMN43852952	328	14944	none	2025-03-24	GCA_048883405.1	derived from metagenome	full	QM1B.10	none	none	0	0	Candidatus Thorarchaeota archaeon	none	na	1	314	63	14975	7437	4455	2025-03-24	14	2053491	0	QM1B.10	East china normal University	2053491	d__Archaea;p__Candidatus Thorarchaeota;c__;o__;f__;g__;s__	d__Archaea;x__Promethearchaeati;p__Candidatus Thorarchaeota;x__unclassified Candidatus Thorarchaeota;s__Candidatus Thorarchaeota archaeon	1400	3184502	11	34	na	3183102	0	JBHLQS000000000.1	3209	314	none	0	none	none	none	none	none	none	none	none	none	none	none	none	none	none	1400	17	35	1
GB_GCA_005191425.1	Archaea	Asgardarchaeota	Lokiarchaeia	Helarchaeales	HEL-GB-B	HEL-GB-B	HEL-GB-B sp005191425	0	93.69	4.93	General	86.92	1.4	149	k__Archaea (UID2)	107	0.0	2954315	83.38274894957124	182	993496	28.04048571340674	3543077	GB_GCA_005191425.1	t	d__Archaea;p__Asgardarchaeota;c__Lokiarchaeia;o__Helarchaeales;f__HEL-GB-B;g__HEL-GB-B;s__HEL-GB-B sp005191425	not type material	none	f	40	40	72379	72379	none	0	none	none	none	0	none	none	none	none	none	none	none	none	19467	19467	f	f	t	28908	28908	Contig	ASM519142v1	na	PRJNA362212	SAMN09406172	182	28908	Mexico: Guaymas Basin; Gulf of California	2019-05-06	GCA_005191425.1	derived from metagenome	full	Hel_GB_B	deep-sea hydrothermal vent sediments from dive 4571_4 depth 0-3 cm	29.52416667 N 113.57000000 W	0	none	Candidatus Helarchaeota ASGARD archaeon Hel_GB_B	none	na	none	none	none	none	none	none	2019-05-06	0	2218537	none	Hel_GB_B	The University of Texas at Austin	2218537	d__Archaea;p__Candidatus Helarchaeota;c__;o__;f__;g__;s__	d__Archaea;x__Promethearchaeati;p__Candidatus Helarchaeota;s__Candidatus Helarchaeota ASGARD archaeon Hel_GB_B	0	3543077	none	none	na	3543077	0	SUPR00000000.1	3286	182	none	0	none	none	none	none	none	none	none	none	none	none	none	none	none	none	0	15	34	0
GB_GCA_048940925.1	Archaea	Asgardarchaeota	Lokiarchaeia	Sigyniarchaeales	SOKP01	Loki-b32	Loki-b32 sp048940925	0	100.0	8.42	General	86.14	4.21	149	k__Archaea (UID2)	107	0.0	4140615	85.94874147386426	127	1427855	29.66090076091676	4817540	GB_GCA_048940925.1	t	d__Archaea;p__Asgardarchaeota;c__Lokiarchaeia;o__Sigyniarchaeales;f__SOKP01;g__Loki-b32;s__Loki-b32 sp048940925	not type material	none	f	20	19	265157	265157	41701	1	1599	JBHLOC010000042.1	none	0	none	none	1600	2355	0	93.25	JYIM01000373.485.3826	Archaea;Asgardarchaeota;Incertae Sedis;Incertae Sedis;Incertae Sedis;Incertae Sedis;Lokiarchaeum sp. GC14_75	37904	53528	f	f	t	78086	85976	Scaffold	ASM4894092v1	na	PRJNA1162170	SAMN43852884	127	78086	none	2025-03-25	GCA_048940925.1	derived from metagenome	full	DZ3M.111	none	none	0	0	Promethearchaeota archaeon	none	na	4	90	19	85976	47091	26424	2025-03-25	37	2053489	2	DZ3M.111	East china normal University	2053489	d__Archaea;p__Promethearchaeota;c__;o__;f__;g__;s__	d__Archaea;x__Promethearchaeati;p__Promethearchaeota;x__unclassified Promethearchaeota;s__Promethearchaeota archaeon	3610	4817540	11	42	na	4813930	0	JBHLOC000000000.1	4473	90	none	0	none	none	none	none	none	none	none	none	none	none	none	none	none	none	3610	17	43	1
GB_GCA_016839985.1	Archaea	Asgardarchaeota	Heimdallarchaeia	Heimdallarchaeales	Heimdallarchaeaceae	UBA460	UBA460 sp016839985	0	78.02	5.2	General	76.64	0.47	149	k__Archaea (UID2)	107	0.0	2309100	91.75795704530717	418	801525	31.8506329395608	2516512	GB_GCA_016839985.1	t	d__Archaea;p__Asgardarchaeota;c__Heimdallarchaeia;o__Heimdallarchaeales;f__Heimdallarchaeaceae;g__UBA460;s__UBA460 sp016839985	not type material	none	f	111	111	32931	32931	none	0	none	none	none	0	none	none	none	none	none	none	none	none	6020	6020	f	f	t	7154	7154	Contig	ASM1683998v1	na	PRJNA680430	SAMN16492225	418	7154	China: Rongcheng Nation Swan Nature Reserve	2021-02-09	GCA_016839985.1	derived from metagenome	full	YT1_048	coastal marine sediment	37.350000 N 122.580000 E	0	none	Candidatus Heimdallarchaeota archaeon	none	na	none	none	none	none	none	none	2021-02-09	0	2026747	none	YT1_048	Shenzhen Univeristy	2026747	d__Archaea;p__Candidatus Heimdallarchaeota;c__;o__;f__;g__;s__	d__Archaea;x__Promethearchaeati;p__Candidatus Heimdallarchaeota;x__unclassified Candidatus Heimdallarchaeota;s__Candidatus Heimdallarchaeota archaeon	0	2516512	none	none	na	2516512	0	JAEOTG000000000.1	2760	418	none	0	none	none	none	none	none	none	none	none	none	none	none	none	none	none	0	17	34	0
GB_GCA_038858525.1	Archaea	Asgardarchaeota	Jordiarchaeia	Jordiarchaeales	Freyrarchaeaceae	DTBI01	DTBI01 sp019057715	0	92.7	2.81	General	96.26	0.93	149	k__Archaea (UID2)	107	0.0	1772476	84.70444081887007	106	991259	47.46658813501698	2092542	GB_GCA_038858525.1	t	d__Archaea;p__Asgardarchaeota;c__Jordiarchaeia;o__Jordiarchaeales;f__Freyrarchaeaceae;g__DTBI01;s__DTBI01 sp019057715	not type material	none	f	16	12	139073	202119	none	0	none	none	none	0	none	none	none	none	none	none	none	none	19701	33214	f	f	t	40501	61491	Scaffold	ASM3885852v1	na	PRJNA544494	SAMN36039505	106	40501	none	2024-04-30	GCA_038858525.1	derived from metagenome	full	JZ-1_202007_bins_29	none	none	0	0	Candidatus Jordarchaeales archaeon	none	na	2	63	12	61491	26773	14672	2024-04-30	43	3058035	1	JZ-1_202007_bins_29	The University of Texas at Austin	3058035	d__Archaea;p__;c__Candidatus Jordarchaeia;o__Candidatus Jordarchaeales;f__;g__;s__	d__Archaea;x__Promethearchaeati;x__Promethearchaeati incertae sedis;c__Candidatus Jordarchaeia;o__Candidatus Jordarchaeales;x__unclassified Candidatus Jordarchaeales;s__Candidatus Jordarchaeales archaeon	4212	2092542	11	42	na	2088330	0	JAWCFL000000000.1	2203	63	61491	1	none	none	none	none	none	none	1493	JAWCFL010000012.1	1370	1592	0	87.956	JF935161.1.1360	Archaea;Thermoproteota;Bathyarchaeia;Incertae Sedis;Incertae Sedis;Incertae Sedis;uncultured crenarchaeote	4212	18	40	0
GB_GCA_048939795.1	Archaea	Asgardarchaeota	Lokiarchaeia	Sigyniarchaeales	SOKP01	Loki-b32	Loki-b32 sp048940765	0	66.29	2.79	General	76.72	3.27	149	k__Archaea (UID2)	107	0.0	2622750	87.68618792509956	557	872281	29.166410316768225	2991064	GB_GCA_048940765.1	f	d__Archaea;p__Asgardarchaeota;c__Lokiarchaeia;o__Sigyniarchaeales;f__SOKP01;g__Loki-b32;s__Loki-b32 sp048940765	not type material	none	f	163	157	24499	24499	none	0	none	none	none	0	none	none	none	none	none	none	none	none	5369	5741	f	f	t	6186	6405	Scaffold	ASM4893979v1	na	PRJNA1162170	SAMN43852911	557	6186	none	2025-03-25	GCA_048939795.1	derived from metagenome	full	DZ3S.375	none	none	0	0	Promethearchaeota archaeon	none	na	1	521	157	6405	4328	3312	2025-03-25	36	2053489	0	DZ3S.375	East china normal University	2053489	d__Archaea;p__Promethearchaeota;c__;o__;f__;g__;s__	d__Archaea;x__Promethearchaeati;p__Promethearchaeota;x__unclassified Promethearchaeota;s__Promethearchaeota archaeon	360	2991064	11	34	na	2990704	0	JBHLPD000000000.1	3134	521	none	0	none	none	none	none	none	none	none	none	none	none	none	none	none	none	360	14	33	0
GB_GCA_024275415.1	Archaea	Asgardarchaeota	Thorarchaeia	Thorarchaeales	Thorarchaeaceae	MP5-2226	MP5-2226 sp024275415	0	92.9	4.46	General	94.39	4.98	149	k__Archaea (UID2)	107	25.0	3132204	88.8422834496925	127	1656211	46.97700632350213	3525578	GB_GCA_024275415.1	t	d__Archaea;p__Asgardarchaeota;c__Thorarchaeia;o__Thorarchaeales;f__Thorarchaeaceae;g__MP5-2226;s__MP5-2226 sp024275415	not type material	none	f	21	21	154578	154578	76601	1	2570	JAJRZD010000019.1	95895	1	114	JAJRZD010000064.1	1508	329	8.56e-88	71.419	CP006867.388300.391334	Archaea;Thermoproteota;Thermoproteia;Desulfurococcales;Ignicoccaceae;Ignicoccus;Ignicoccus islandicus DSM 13165	27760	27760	f	f	t	60919	60919	Contig	ASM2427541v1	na	PRJNA771178	SAMN22253159	127	60919	Indian Ocean: Longqi hydrothermal vent field; ultraslow-spreading Southwestern Indian Ridge	2022-07-15	GCA_024275415.1	derived from metagenome	full	Dive96_bin4.146	active black smoker DFF12	37.78 S 49.64 E	0	none	archaeon	none	na	none	none	none	none	none	none	2022-07-15	0	1906665	none	Dive96_bin4.146	Second Organization of Oceanography, State Oceanic Administration	1906665	d__Archaea;p__;c__;o__;f__;g__;s__	d__Archaea;x__unclassified Archaea;s__archaeon	0	3525578	none	none	na	3525578	0	JAJRZD000000000.1	3496	127	20783	1	none	none	none	none	none	none	847	JAJRZD010000095.1	610	344	1.11e-92	77.213	AB644695.1.902	Archaea;Asgardarchaeota;Lokiarchaeia;Incertae Sedis;Incertae Sedis;Incertae Sedis;uncultured archaeon	0	19	47	1
GB_GCA_048886225.1	Archaea	Asgardarchaeota	Lokiarchaeia	Sigyniarchaeales	SOKP01	Loki-b32	Loki-b32 sp048941185	0	97.79	6.56	General	87.07	4.67	149	k__Archaea (UID2)	107	0.0	3277215	87.5928591779908	182	1108047	29.62440626706072	3741418	GB_GCA_048941185.1	f	d__Archaea;p__Asgardarchaeota;c__Lokiarchaeia;o__Sigyniarchaeales;f__SOKP01;g__Loki-b32;s__Loki-b32 sp048941185	not type material	none	f	37	36	131614	131614	none	0	none	none	none	0	none	none	none	none	none	none	none	none	20551	21879	f	f	t	32029	32841	Scaffold	ASM4888622v1	na	PRJNA1162170	SAMN43852800	182	32029	none	2025-03-24	GCA_048886225.1	derived from metagenome	full	DZ1M.231	none	none	0	0	Candidatus Heimdallarchaeota archaeon	none	na	1	171	36	32841	18388	9980	2025-03-24	11	2026747	1	DZ1M.231	East china normal University	2026747	d__Archaea;p__Candidatus Heimdallarchaeota;c__;o__;f__;g__;s__	d__Archaea;x__Promethearchaeati;p__Candidatus Heimdallarchaeota;x__unclassified Candidatus Heimdallarchaeota;s__Candidatus Heimdallarchaeota archaeon	1100	3741418	11	38	na	3740318	0	JBHLKW000000000.1	3658	171	none	0	none	none	none	none	none	none	none	none	none	none	none	none	none	none	1100	18	37	0
GB_GCA_046497275.1	Archaea	Asgardarchaeota	Lokiarchaeia	Sigyniarchaeales	SOKP01	TEKIR-8	TEKIR-8 sp046497275	0	98.88	4.36	General	91.59	0.93	149	k__Archaea (UID2)	107	0.0	3343557	86.7734904044715	188	1170689	30.382245826262373	3853201	GB_GCA_046497275.1	t	d__Archaea;p__Asgardarchaeota;c__Lokiarchaeia;o__Sigyniarchaeales;f__SOKP01;g__TEKIR-8;s__TEKIR-8 sp046497275	not type material	none	f	30	30	149248	149248	none	0	none	none	none	0	none	none	none	none	none	none	none	none	20495	20495	f	f	t	37568	37568	Contig	ASM4649727v1	na	PRJNA1026782	SAMN37758220	188	37568	none	2025-01-03	GCA_046497275.1	derived from metagenome	full	BLK6-3.bin.141	none	none	0	0	Promethearchaeia archaeon	none	na	5	none	none	none	none	none	2025-01-03	0	3067280	3	BLK6-3.bin.141	XINJIANG INSTITUTE OF ECOLOGY AND GEOGRAPHY	3067280	d__Archaea;p__Promethearchaeota;c__Promethearchaeia;o__;f__;g__;s__	d__Archaea;x__Promethearchaeati;p__Promethearchaeota;c__Promethearchaeia;x__unclassified Promethearchaeia;s__Promethearchaeia archaeon	0	3853201	11	45	na	3853201	0	JAWOFX000000000.1	3684	188	4313	1	none	none	none	none	none	none	930	JAWOFX010000004.1	933	1698	0	99.571	GU437592.1.1469	Bacteria;Cyanobacteriota;Cyanobacteriia;Chloroplast;Incertae Sedis;Incertae Sedis;uncultured bacterium	0	18	45	2
GB_GCA_048883105.1	Archaea	Asgardarchaeota	Lokiarchaeia	Sigyniarchaeales	SOKP01	LW40-45	LW40-45 sp048883105	0	82.65	2.85	General	79.13	1.4	149	k__Archaea (UID2)	107	0.0	1850115	88.27895369698821	104	635679	30.353394516440176	2095760	GB_GCA_048883105.1	t	d__Archaea;p__Asgardarchaeota;c__Lokiarchaeia;o__Sigyniarchaeales;f__SOKP01;g__LW40-45;s__LW40-45 sp048883105	not type material	none	f	26	24	62912	62912	none	0	none	none	none	0	none	none	none	none	none	none	none	none	20137	23547	f	f	t	26942	30671	Scaffold	ASM4888310v1	na	PRJNA1162170	SAMN43852958	104	26942	none	2025-03-24	GCA_048883105.1	derived from metagenome	full	QM1B.325	none	none	0	0	Candidatus Thorarchaeota archaeon	none	na	3	89	24	30671	18698	12845	2025-03-24	15	2053491	2	QM1B.325	East china normal University	2053491	d__Archaea;p__Candidatus Thorarchaeota;c__;o__;f__;g__;s__	d__Archaea;x__Promethearchaeati;p__Candidatus Thorarchaeota;x__unclassified Candidatus Thorarchaeota;s__Candidatus Thorarchaeota archaeon	1500	2095760	11	38	na	2094260	0	JBHLQY000000000.1	2050	89	19456	1	none	none	none	none	none	none	459	JBHLQY010000043.1	457	693	0	94.311	AB177230.1.1021	Archaea;Asgardarchaeota;Lokiarchaeia;Incertae Sedis;Incertae Sedis;Incertae Sedis;uncultured archaeon	1500	18	37	0
GB_GCA_016839265.1	Archaea	Asgardarchaeota	Odinarchaeia	Odinarchaeales	Odinarchaeaceae	Odinarchaeum	Odinarchaeum sp016839265	0	97.32	0.46	General	95.95	2.34	149	k__Archaea (UID2)	107	0.0	1224017	90.63388786581632	8	489967	36.28318190872758	1350507	GB_GCA_016839265.1	t	d__Archaea;p__Asgardarchaeota;c__Odinarchaeia;o__Odinarchaeales;f__Odinarchaeaceae;g__Odinarchaeum;s__Odinarchaeum sp016839265	not type material	none	f	1	1	889102	1047345	1047345	1	3040	JAEOUO010000001.1	none	0	none	none	3039	5179	0	97.433	KX764886.1.3038	Archaea;Incertae Sedis;Incertae Sedis;Incertae Sedis;Incertae Sedis;Incertae Sedis;uncultured archaeon	168799	225084	f	f	t	889102	1047345	Scaffold	ASM1683926v1	na	PRJNA680430	SAMN16492259	8	889102	China: Shengli Oilfield	2021-02-09	GCA_016839265.1	derived from metagenome	full	J65_bin.29	oil field	37.400000 N 118.525000 E	0	none	Candidatus Odinarchaeota archaeon	none	na	none	6	1	1047345	1047345	105492	2021-02-09	2	2053490	none	J65_bin.29	Shenzhen Univeristy	2053490	d__Archaea;p__Candidatus Odinarchaeota;c__;o__;f__;g__;s__	d__Archaea;x__Promethearchaeati;p__Candidatus Odinarchaeota;x__unclassified Candidatus Odinarchaeota;s__Candidatus Odinarchaeota archaeon	110	1350507	none	none	na	1350397	0	JAEOUO000000000.1	1412	6	1047345	1	none	none	none	none	none	none	1538	JAEOUO010000001.1	1543	2667	0	97.926	MDVT01000007.652378.653923	Archaea;Asgardarchaeota;Lokiarchaeia;Odinarchaeales;Incertae Sedis;LCB-4;Candidatus Odinarchaeota archaeon LCB_4	110	19	46	0
GB_GCA_030599585.1	Archaea	Asgardarchaeota	Lokiarchaeia	Sigyniarchaeales	SOKP01	SOKP01	SOKP01 sp030599585	0	100.0	8.92	General	89.25	7.48	149	k__Archaea (UID2)	107	18.18	4272338	88.00755091190403	52	1582948	32.607761066867056	4854513	GB_GCA_030599585.1	t	d__Archaea;p__Asgardarchaeota;c__Lokiarchaeia;o__Sigyniarchaeales;f__SOKP01;g__SOKP01;s__SOKP01 sp030599585	not type material	none	f	7	7	411117	411117	105309	1	3055	JAUVNS010000015.1	none	0	none	none	1853	2287	0	89.207	JYIM01000373.485.3826	Archaea;Asgardarchaeota;Incertae Sedis;Incertae Sedis;Incertae Sedis;Incertae Sedis;Lokiarchaeum sp. GC14_75	93356	93356	f	f	t	273693	273693	Contig	ASM3059958v1	na	PRJNA950938	SAMN34048319	52	273693	none	2023-08-03	GCA_030599585.1	derived from metagenome	full	CSMAG_616	cold seep	none	0	none	Promethearchaeota archaeon	none	na	none	none	none	none	none	none	2023-08-03	0	2053489	none	CSMAG_616	Third Institute of Oceanography, Ministry of Natural Resources	2053489	d__Archaea;p__Promethearchaeota;c__;o__;f__;g__;s__	d__Archaea;x__Promethearchaeati;p__Promethearchaeota;x__unclassified Promethearchaeota;s__Promethearchaeota archaeon	0	4854513	none	none	na	4854513	0	JAUVNS000000000.1	4359	52	105309	1	none	none	none	none	none	none	1490	JAUVNS010000015.1	1460	2656	0	99.521	AY835411.1.1460	Archaea;Asgardarchaeota;Lokiarchaeia;Incertae Sedis;Incertae Sedis;Incertae Sedis;uncultured archaeon	0	18	40	0
GB_GCA_004524545.1	Archaea	Asgardarchaeota	Lokiarchaeia	Sigyniarchaeales	Promethearchaeaceae	AMARA-1	AMARA-1 sp004524545	0	76.17	1.42	General	82.55	1.87	149	k__Archaea (UID2)	107	0.0	2297214	90.17533681099526	154	910267	35.73181832991364	2547497	GB_GCA_004524545.1	t	d__Archaea;p__Asgardarchaeota;c__Lokiarchaeia;o__Sigyniarchaeales;f__Promethearchaeaceae;g__AMARA-1;s__AMARA-1 sp004524545	not type material	none	f	33	33	87269	87269	none	0	none	none	none	0	none	none	none	none	none	none	none	none	16542	16542	f	f	t	24063	24063	Contig	ASM452454v1	na	PRJNA483005	SAMN10768447	154	24063	Romania: Amara	2019-03-29	GCA_004524545.1	derived from metagenome	full	AMARA_1	lake sediment	44.6085139 N 27.331375 E	0	0	Promethearchaeota archaeon	none	na	1	none	none	none	none	none	2019-03-29	0	2053489	0	AMARA_1	Babes-Bolyai University	2053489	d__Archaea;p__Promethearchaeota;c__;o__;f__;g__;s__	d__Archaea;x__Promethearchaeati;p__Promethearchaeota;x__unclassified Promethearchaeota;s__Promethearchaeota archaeon	0	2547497	11	30	na	2547497	0	SDNX00000000.1	2496	154	none	0	none	none	none	none	none	none	none	none	none	none	none	none	none	none	0	17	34	0
GB_GCA_048938385.1	Archaea	Asgardarchaeota	Hermodarchaeia	Hermodarchaeales	Hermodarchaeaceae	Hermodarchaeum	Hermodarchaeum sp048938385	0	89.83	3.03	General	92.99	1.87	149	k__Archaea (UID2)	107	0.0	2205535	88.85933896630691	58	1137604	45.84613549387592	2482052	GB_GCA_048938385.1	t	d__Archaea;p__Asgardarchaeota;c__Hermodarchaeia;o__Hermodarchaeales;f__Hermodarchaeaceae;g__Hermodarchaeum;s__Hermodarchaeum sp048938385	not type material	none	f	10	9	333043	333043	none	0	none	none	333043	1	110	JBHLMG010000001.1	none	none	none	none	none	none	42781	48667	f	f	t	75974	95075	Scaffold	ASM4893838v1	na	PRJNA1162170	SAMN43852836	58	75974	none	2025-03-25	GCA_048938385.1	derived from metagenome	full	DZ2M.269	none	none	0	0	Promethearchaeota archaeon	none	na	4	51	9	95075	45975	26673	2025-03-25	7	2053489	1	DZ2M.269	East china normal University	2053489	d__Archaea;p__Promethearchaeota;c__;o__;f__;g__;s__	d__Archaea;x__Promethearchaeati;p__Promethearchaeota;x__unclassified Promethearchaeota;s__Promethearchaeota archaeon	700	2482052	11	46	na	2481352	0	JBHLMG000000000.1	2430	51	none	0	none	none	none	none	none	none	none	none	none	none	none	none	none	none	700	18	44	0
GB_GCA_025960485.1	Archaea	Asgardarchaeota	Heimdallarchaeia	Heimdallarchaeales	Heimdallarchaeaceae	18H4-34	18H4-34 sp023705985	0	90.46	7.8	General	93.46	1.4	149	k__Archaea (UID2)	107	0.0	3418188	88.2905710701298	223	1258291	32.501205598523164	3871521	GB_GCA_023705985.1	f	d__Archaea;p__Asgardarchaeota;c__Heimdallarchaeia;o__Heimdallarchaeales;f__Heimdallarchaeaceae;g__18H4-34;s__18H4-34 sp023705985	not type material	none	f	47	47	104149	104149	none	0	none	none	none	0	none	none	none	none	none	none	none	none	17361	17361	f	f	t	24935	24935	Contig	ASM2596048v1	na	PRJNA380371	SAMN19494274	223	24935	Pacific Ocean: North Pacific Ocean; South Hydrate Ridge on the Cascadia Margin	2022-11-02	GCA_025960485.1	derived from metagenome	full	DCO_2_5	marine sediment	44.3517 N 125.719 W	0	none	Candidatus Heimdallarchaeota archaeon	none	na	none	none	none	none	none	none	2022-11-02	0	2026747	none	DCO_2_5	The University of Texas at Austin	2026747	d__Archaea;p__Candidatus Heimdallarchaeota;c__;o__;f__;g__;s__	d__Archaea;x__Promethearchaeati;p__Candidatus Heimdallarchaeota;x__unclassified Candidatus Heimdallarchaeota;s__Candidatus Heimdallarchaeota archaeon	0	3871521	none	none	na	3871521	0	JAHLEJ000000000.1	3568	223	none	0	none	none	none	none	none	none	none	none	none	none	none	none	none	none	0	19	44	0
GB_GCA_964388035.1	Archaea	Asgardarchaeota	Lokiarchaeia	Sigyniarchaeales	SOKP01	JALGVJ01	JALGVJ01 sp964388035	0	96.73	7.26	General	89.72	1.4	149	k__Archaea (UID2)	107	0.0	4572181	83.5191097200741	263	1828591	33.431511228388295	5474413	GB_GCA_964388035.1	t	d__Archaea;p__Asgardarchaeota;c__Lokiarchaeia;o__Sigyniarchaeales;f__SOKP01;g__JALGVJ01;s__JALGVJ01 sp964388035	not type material	none	f	44	39	120520	147833	55778	1	1297	CAYLZE010000023.1	none	0	none	none	1238	1635	0	90.63	JYIM01000373.485.3826	Archaea;Asgardarchaeota;Incertae Sedis;Incertae Sedis;Incertae Sedis;Incertae Sedis;Lokiarchaeum sp. GC14_75	20797	25945	f	f	t	35431	42095	Scaffold	binchicken_co150_570	na	PRJEB82487	SAMEA117383233	263	35431	none	2025-01-15	GCA_964388035.1	derived from metagenome	full	binchicken_co150_570	none	none	0	none	uncultured archaeon	none	na	none	211	39	42095	22535	13401	2025-01-15	52	115547	none	binchicken_co150_570	Centre for Microbiome Research	115547	d__Archaea;p__;c__;o__;f__;g__;s__	d__Archaea;x__environmental samples;s__uncultured archaeon	4750	5474413	none	none	na	5469663	0	CAYLZE000000000.1	5021	211	none	0	none	none	none	none	none	none	none	none	none	none	none	none	none	none	4750	17	37	0
GB_GCA_038114765.1	Archaea	Asgardarchaeota	Heimdallarchaeia	Heimdallarchaeales	Kariarchaeaceae	Kariarchaeum	Kariarchaeum pelagium	0	81.59	2.01	General	82.24	0.93	149	k__Archaea (UID2)	107	0.0	1333408	91.34414285058602	156	437338	30.00933207075905	1459763	GB_GCA_002728275.1	f	d__Archaea;p__Asgardarchaeota;c__Heimdallarchaeia;o__Heimdallarchaeales;f__Kariarchaeaceae;g__Kariarchaeum;s__Kariarchaeum pelagium	not type material	none	f	24	19	54766	73464	72117	1	2562	JAYNRL010000002.1	none	0	none	none	2369	4375	0	100	BCSF01007275.2.2427	Archaea;Asgardarchaeota;Incertae Sedis;Incertae Sedis;Incertae Sedis;Incertae Sedis;uncultured marine virus	9341	12164	f	f	t	19668	24111	Scaffold	139538_S35.scaffolds.fasta	na	PRJNA1024631	SAMN37860098	156	19668	none	2024-04-15	GCA_038114765.1	derived from metagenome	full	139538_S35_metabat_bins_sspec.tsv.080	none	none	0	0	Candidatus Heimdallarchaeota archaeon	none	na	1	120	19	24111	11566	4730	2024-04-15	36	2026747	0	139538_S35_metabat_bins_sspec.tsv.080	Australian Centre for Ecogenomics	2026747	d__Archaea;p__Candidatus Heimdallarchaeota;c__;o__;f__;g__;s__	d__Archaea;x__Promethearchaeati;p__Candidatus Heimdallarchaeota;x__unclassified Candidatus Heimdallarchaeota;s__Candidatus Heimdallarchaeota archaeon	2423	1459763	11	38	na	1457340	0	JAYNRL000000000.1	1469	120	none	0	none	none	none	none	none	none	none	none	none	none	none	none	none	none	2423	20	38	0
GB_GCA_964598265.1	Archaea	Asgardarchaeota	Lokiarchaeia	Sigyniarchaeales	SOKP01	Loki-b32	Loki-b32 sp964598265	0	88.88	3.65	General	87.38	3.74	149	k__Archaea (UID2)	107	0.0	3561085	84.16286887142438	454	1288793	30.480868586489347	4231183	GB_GCA_964598265.1	t	d__Archaea;p__Asgardarchaeota;c__Lokiarchaeia;o__Sigyniarchaeales;f__SOKP01;g__Loki-b32;s__Loki-b32 sp964598265	not type material	none	f	88	60	65799	112130	7433	1	1324	CAZRBD010000171.1	none	0	none	none	1328	1751	0	90.587	JYIM01000373.485.3826	Archaea;Asgardarchaeota;Incertae Sedis;Incertae Sedis;Incertae Sedis;Incertae Sedis;Lokiarchaeum sp. GC14_75	9313	13305	f	f	t	15001	21144	Scaffold	SRP179991_co3_105	na	PRJEB82487	SAMEA117290162	454	15001	none	2025-01-13	GCA_964598265.1	derived from metagenome	full	SRP179991_co3_105	none	none	0	none	uncultured archaeon	none	na	none	318	60	21144	11717	6141	2025-01-13	136	115547	none	SRP179991_co3_105	Centre for Microbiome Research	115547	d__Archaea;p__;c__;o__;f__;g__;s__	d__Archaea;x__environmental samples;s__uncultured archaeon	2980	4231183	none	none	na	4228203	0	CAZRBD000000000.1	4270	318	none	0	none	none	none	none	none	none	none	none	none	none	none	none	none	none	2980	17	39	1
GB_GCA_029856235.1	Archaea	Asgardarchaeota	Lokiarchaeia	Sigyniarchaeales	SOKP01	SOKP01	SOKP01 sp029856235	0	98.76	8.26	General	82.87	5.14	149	k__Archaea (UID2)	107	28.57	3313329	88.45521748532344	226	1218558	32.53157561729631	3745770	GB_GCA_029856235.1	t	d__Archaea;p__Asgardarchaeota;c__Lokiarchaeia;o__Sigyniarchaeales;f__SOKP01;g__SOKP01;s__SOKP01 sp029856235	not type material	none	f	53	53	90035	90035	28858	1	1871	JAHQWP010000122.1	none	0	none	none	1877	2322	0	89.185	JYIM01000373.485.3826	Archaea;Asgardarchaeota;Incertae Sedis;Incertae Sedis;Incertae Sedis;Incertae Sedis;Lokiarchaeum sp. GC14_75	16574	16574	f	f	t	23089	23089	Contig	ASM2985623v1	na	PRJNA417281	SAMN08011046	226	23089	Denmark: Aarhus Bay Station M5	2023-04-24	GCA_029856235.1	derived from metagenome	full	ABR11	marine sediment	56.1033 N 10.4578 E	0	none	Promethearchaeia archaeon	none	na	none	none	none	none	none	none	2023-04-24	0	3067280	none	ABR11	Uppsala University	3067280	d__Archaea;p__Promethearchaeota;c__Promethearchaeia;o__;f__;g__;s__	d__Archaea;x__Promethearchaeati;p__Promethearchaeota;c__Promethearchaeia;x__unclassified Promethearchaeia;s__Promethearchaeia archaeon	0	3745770	none	none	na	3745770	0	JAHQWP000000000.1	3679	226	none	0	none	none	none	none	none	none	none	none	none	none	none	none	none	none	0	16	41	0
GB_GCA_019057955.1	Archaea	Asgardarchaeota	Lokiarchaeia	Sigyniarchaeales	SOKP01	SOKP01	SOKP01 sp005222975	0	94.72	2.8	General	85.51	1.87	149	k__Archaea (UID2)	107	33.33	2712845	88.0037227734078	258	971371	31.510928266866667	3082648	GB_GCA_005222975.1	f	d__Archaea;p__Asgardarchaeota;c__Lokiarchaeia;o__Sigyniarchaeales;f__SOKP01;g__SOKP01;s__SOKP01 sp005222975	not type material	none	f	39	39	134036	134036	19156	1	3774	JAHLWI010000039.1	none	0	none	none	2151	2880	0	90.981	JYIM01000373.485.3826	Archaea;Asgardarchaeota;Incertae Sedis;Incertae Sedis;Incertae Sedis;Incertae Sedis;Lokiarchaeum sp. GC14_75	11948	11948	f	f	t	19156	19156	Contig	ASM1905795v1	na	PRJNA678552	SAMN19663742	258	19156	New Zealand: Hikurangi Subduction Margin	2021-06-29	GCA_019057955.1	derived from metagenome	full	6Rcc_15	sediment collected in IODP Expedition 375 from site U1519C; depth 144.3 mbsf	38.72 S 178.61 E	0	none	Promethearchaeota archaeon	none	na	none	none	none	none	none	none	2021-06-29	0	2053489	none	6Rcc_15	The University of Queensland	2053489	d__Archaea;p__Promethearchaeota;c__;o__;f__;g__;s__	d__Archaea;x__Promethearchaeati;p__Promethearchaeota;x__unclassified Promethearchaeota;s__Promethearchaeota archaeon	0	3082648	none	none	na	3082648	0	JAHLWI000000000.1	3063	258	4803	1	none	none	none	none	none	none	1492	JAHLWI010000165.1	1461	2623	0	99.11	HQ588670.1.1459	Archaea;Asgardarchaeota;Lokiarchaeia;Incertae Sedis;Incertae Sedis;Incertae Sedis;uncultured archaeon	0	15	39	0
GB_GCA_038889235.1	Archaea	Asgardarchaeota	Jordiarchaeia	Jordiarchaeales	Freyrarchaeaceae	DTBI01	DTBI01 sp038889235	0	95.03	3.27	General	98.13	2.34	149	k__Archaea (UID2)	107	0.0	1850978	86.35230198566003	15	1034071	48.25712280361167	2143519	GB_GCA_038889235.1	t	d__Archaea;p__Asgardarchaeota;c__Jordiarchaeia;o__Jordiarchaeales;f__Freyrarchaeaceae;g__DTBI01;s__DTBI01 sp038889235	not type material	none	f	2	1	766304	1110802	1110802	1	3064	JAWAHN010000001.1	none	0	none	none	2923	2510	0	82.586	KX764886.1.3038	Archaea;Incertae Sedis;Incertae Sedis;Incertae Sedis;Incertae Sedis;Incertae Sedis;uncultured archaeon	142855	267939	f	f	t	420944	1110802	Scaffold	ASM3888923v1	na	PRJNA544494	SAMN36038059	15	420944	none	2024-04-30	GCA_038889235.1	derived from metagenome	full	SRBZ-1_201808_bins_12	none	none	0	0	Candidatus Jordarchaeales archaeon	none	na	2	8	1	1110802	501704	470057	2024-04-30	7	3058035	1	SRBZ-1_201808_bins_12	The University of Texas at Austin	3058035	d__Archaea;p__;c__Candidatus Jordarchaeia;o__Candidatus Jordarchaeales;f__;g__;s__	d__Archaea;x__Promethearchaeati;x__Promethearchaeati incertae sedis;c__Candidatus Jordarchaeia;o__Candidatus Jordarchaeales;x__unclassified Candidatus Jordarchaeales;s__Candidatus Jordarchaeales archaeon	683	2143519	11	46	na	2142836	0	JAWAHN000000000.1	2142	8	501704	1	none	none	none	none	none	none	1494	JAWAHN010000002.1	1369	1605	0	88.093	JF935161.1.1360	Archaea;Thermoproteota;Bathyarchaeia;Incertae Sedis;Incertae Sedis;Incertae Sedis;uncultured crenarchaeote	683	18	44	0
GB_GCA_048885225.1	Archaea	Asgardarchaeota	Hermodarchaeia	Hermodarchaeales	Hermodarchaeaceae	Hermodarchaeum	Hermodarchaeum sp016550395	0	80.81	0.88	General	82.94	0.0	149	k__Archaea (UID2)	107	0.0	1744550	88.95373620479016	350	842557	42.990277966281575	1961188	GB_GCA_016550395.1	f	d__Archaea;p__Asgardarchaeota;c__Hermodarchaeia;o__Hermodarchaeales;f__Hermodarchaeaceae;g__Hermodarchaeum;s__Hermodarchaeum sp016550395	not type material	none	f	99	96	21048	21048	none	0	none	none	7604	1	102	JBHLQB010000072.1	none	none	none	none	none	none	5599	5836	f	f	t	6532	6628	Scaffold	ASM4888522v1	na	PRJNA1162170	SAMN43852935	350	6532	none	2025-03-24	GCA_048885225.1	derived from metagenome	full	H3M.67	none	none	0	0	Candidatus Odinarchaeota archaeon	none	na	2	336	96	6628	4327	3187	2025-03-24	14	2053490	0	H3M.67	East china normal University	2053490	d__Archaea;p__Candidatus Odinarchaeota;c__;o__;f__;g__;s__	d__Archaea;x__Promethearchaeati;p__Candidatus Odinarchaeota;x__unclassified Candidatus Odinarchaeota;s__Candidatus Odinarchaeota archaeon	1310	1961188	11	36	na	1959878	0	JBHLQB000000000.1	2155	336	none	0	none	none	none	none	none	none	none	none	none	none	none	none	none	none	1310	17	35	0
GB_GCA_018238545.1	Archaea	Asgardarchaeota	Heimdallarchaeia	Heimdallarchaeales	Heimdallarchaeaceae	UBA460	UBA460 sp018238545	0	91.83	4.17	General	94.39	4.21	149	k__Archaea (UID2)	107	0.0	3282151	90.45333999162752	128	1233901	34.005280887140536	3628557	GB_GCA_018238545.1	t	d__Archaea;p__Asgardarchaeota;c__Heimdallarchaeia;o__Heimdallarchaeales;f__Heimdallarchaeaceae;g__UBA460;s__UBA460 sp018238545	not type material	none	f	19	19	152976	152976	104608	1	2542	JABCTC010000006.1	none	0	none	none	2548	3784	0	93.564	MEHH01000225.593.3133	Archaea;Asgardarchaeota;Incertae Sedis;Incertae Sedis;Incertae Sedis;Incertae Sedis;Candidatus Heimdallarchaeota archaeon AB_125	28348	28348	f	f	t	68686	68686	Contig	ASM1823854v1	na	PRJNA628571	SAMN14734435	128	68686	China: Haima cold seep	2021-05-03	GCA_018238545.1	derived from metagenome	full	HM4_B41	cold seep	none	0	none	Candidatus Heimdallarchaeota archaeon	none	na	none	none	none	none	none	none	2021-05-03	0	2026747	none	HM4_B41	Institute of Deep-sea Science and Engineering, Chinese Academy of Sciences	2026747	d__Archaea;p__Candidatus Heimdallarchaeota;c__;o__;f__;g__;s__	d__Archaea;x__Promethearchaeati;p__Candidatus Heimdallarchaeota;x__unclassified Candidatus Heimdallarchaeota;s__Candidatus Heimdallarchaeota archaeon	0	3628557	none	none	na	3628557	0	JABCTC000000000.1	3562	128	104608	1	none	none	none	none	none	none	1508	JABCTC010000006.1	1429	2566	0	99.09	JQ816545.1.1430	Archaea;Asgardarchaeota;Heimdallarchaeia;Incertae Sedis;Incertae Sedis;AB_125;uncultured archaeon	0	19	46	0
GB_GCA_048939405.1	Archaea	Asgardarchaeota	Hermodarchaeia	Hermodarchaeales	Hermodarchaeaceae	Hermodarchaeum	Hermodarchaeum sp016550395	0	77.84	1.94	General	82.24	0.0	149	k__Archaea (UID2)	107	0.0	1656783	89.50895449896784	318	796256	43.02228388928241	1850969	GB_GCA_016550395.1	f	d__Archaea;p__Asgardarchaeota;c__Hermodarchaeia;o__Hermodarchaeales;f__Hermodarchaeaceae;g__Hermodarchaeum;s__Hermodarchaeum sp016550395	not type material	none	f	87	85	38856	38856	none	0	none	none	15323	1	102	JBHLPO010000013.1	none	none	none	none	none	none	5820	5970	f	f	t	6439	6439	Scaffold	ASM4893940v1	na	PRJNA1162170	SAMN43852922	318	6439	none	2025-03-25	GCA_048939405.1	derived from metagenome	full	H2S.105	none	none	0	0	Promethearchaeota archaeon	none	na	2	310	85	6439	4227	3221	2025-03-25	8	2053489	0	H2S.105	East china normal University	2053489	d__Archaea;p__Promethearchaeota;c__;o__;f__;g__;s__	d__Archaea;x__Promethearchaeati;p__Promethearchaeota;x__unclassified Promethearchaeota;s__Promethearchaeota archaeon	170	1850969	11	33	na	1850799	0	JBHLPO000000000.1	2082	310	none	0	none	none	none	none	none	none	none	none	none	none	none	none	none	none	170	16	31	0
GB_GCA_048886105.1	Archaea	Asgardarchaeota	Lokiarchaeia	Sigyniarchaeales	SOKP01	Loki-b32	Loki-b32 sp048941385	0	85.76	6.66	General	78.31	4.67	149	k__Archaea (UID2)	107	50.0	3204616	88.81434303183926	484	1121292	31.08535601206385	3608219	GB_GCA_048941385.1	f	d__Archaea;p__Asgardarchaeota;c__Lokiarchaeia;o__Sigyniarchaeales;f__SOKP01;g__Loki-b32;s__Loki-b32 sp048941385	not type material	none	f	117	114	38754	38754	none	0	none	none	none	0	none	none	none	none	none	none	none	none	7452	7742	f	f	t	9695	9826	Scaffold	ASM4888610v1	na	PRJNA1162170	SAMN43852804	484	9695	none	2025-03-24	GCA_048886105.1	derived from metagenome	full	DZ1M.300	none	none	0	0	Candidatus Hermodarchaeota archaeon	none	na	2	466	114	9826	5592	3740	2025-03-24	18	2799008	1	DZ1M.300	East china normal University	2799008	d__Archaea;p__Candidatus Hermodarchaeota;c__;o__;f__;g__;s__	d__Archaea;x__Promethearchaeati;p__Candidatus Hermodarchaeota;x__unclassified Candidatus Hermodarchaeota;s__Candidatus Hermodarchaeota archaeon	1080	3608219	11	31	na	3607139	0	JBHLLA000000000.1	3576	466	none	0	none	none	none	none	none	none	none	none	none	none	none	none	none	none	1080	15	30	1
GB_GCA_048940375.1	Archaea	Asgardarchaeota	Sifarchaeia	Borrarchaeales	Borrarchaeaceae	Borrarchaeum	Borrarchaeum sp048940375	0	77.56	1.29	General	84.52	0.93	149	k__Archaea (UID2)	107	0.0	1759681	84.17387735460512	339	764301	36.6477889803604	2090531	GB_GCA_048940375.1	t	d__Archaea;p__Asgardarchaeota;c__Sifarchaeia;o__Borrarchaeales;f__Borrarchaeaceae;g__Borrarchaeum;s__Borrarchaeum sp048940375	not type material	none	f	83	74	33412	33412	none	0	none	none	5694	1	113	JBHLOP010000138.1	none	none	none	none	none	none	6152	7233	f	f	t	7129	8665	Scaffold	ASM4894037v1	na	PRJNA1162170	SAMN43852897	339	7129	none	2025-03-25	GCA_048940375.1	derived from metagenome	full	DZ3M.366	none	none	0	0	Promethearchaeota archaeon	none	na	2	289	74	8665	5347	3882	2025-03-25	50	2053489	0	DZ3M.366	East china normal University	2053489	d__Archaea;p__Promethearchaeota;c__;o__;f__;g__;s__	d__Archaea;x__Promethearchaeati;p__Promethearchaeota;x__unclassified Promethearchaeota;s__Promethearchaeota archaeon	5000	2090531	11	32	na	2085531	0	JBHLOP000000000.1	2202	289	none	0	none	none	none	none	none	none	none	none	none	none	none	none	none	none	5000	17	31	0
GB_GCA_030622695.1	Archaea	Asgardarchaeota	Lokiarchaeia	Sigyniarchaeales	SOKP01	SOKP01	SOKP01 sp018238625	0	68.54	1.88	General	65.68	1.4	149	k__Archaea (UID2)	107	0.0	2039231	86.46084899260566	416	735223	31.172537480496576	2358560	GB_GCA_018238625.1	f	d__Archaea;p__Asgardarchaeota;c__Lokiarchaeia;o__Sigyniarchaeales;f__SOKP01;g__SOKP01;s__SOKP01 sp018238625	not type material	none	f	128	128	25209	25209	none	0	none	none	none	0	none	none	none	none	none	none	none	none	5669	5669	f	f	t	6364	6364	Contig	ASM3062269v1	na	PRJNA950938	SAMN34051105	416	6364	none	2023-08-03	GCA_030622695.1	derived from metagenome	full	CSMAG_2912	cold seep	none	0	none	Promethearchaeota archaeon	none	na	none	none	none	none	none	none	2023-08-03	0	2053489	none	CSMAG_2912	Third Institute of Oceanography, Ministry of Natural Resources	2053489	d__Archaea;p__Promethearchaeota;c__;o__;f__;g__;s__	d__Archaea;x__Promethearchaeati;p__Promethearchaeota;x__unclassified Promethearchaeota;s__Promethearchaeota archaeon	0	2358560	none	none	na	2358560	0	JAUXFV000000000.1	2607	416	3655	1	none	none	none	none	none	none	854	JAUXFV010000308.1	833	1500	0	99.16	KM356808.1.915	Archaea;Asgardarchaeota;Lokiarchaeia;Incertae Sedis;Incertae Sedis;Incertae Sedis;uncultured archaeon	0	14	30	0
GB_GCA_048939415.1	Archaea	Asgardarchaeota	Hermodarchaeia	Hermodarchaeales	Hermodarchaeaceae	Hermodarchaeum	Hermodarchaeum sp016550395	0	83.29	2.02	General	86.68	0.0	149	k__Archaea (UID2)	107	0.0	1836610	85.77692236917876	262	916601	43.05621775543287	2141147	GB_GCA_016550395.1	f	d__Archaea;p__Asgardarchaeota;c__Hermodarchaeia;o__Hermodarchaeales;f__Hermodarchaeaceae;g__Hermodarchaeum;s__Hermodarchaeum sp016550395	not type material	none	f	58	29	50513	69388	none	0	none	none	23085	1	102	JBHLPM010000028.1	none	none	none	none	none	none	8125	15403	f	f	t	11315	22510	Scaffold	ASM4893941v1	na	PRJNA1162170	SAMN43852920	262	11315	none	2025-03-25	GCA_048939415.1	derived from metagenome	full	H2M.193	none	none	0	0	Promethearchaeota archaeon	none	na	2	139	29	22510	12261	6859	2025-03-25	123	2053489	0	H2M.193	East china normal University	2053489	d__Archaea;p__Promethearchaeota;c__;o__;f__;g__;s__	d__Archaea;x__Promethearchaeati;p__Promethearchaeota;x__unclassified Promethearchaeota;s__Promethearchaeota archaeon	12300	2141147	11	39	na	2128847	0	JBHLPM000000000.1	2170	139	none	0	none	none	none	none	none	none	none	none	none	none	none	none	none	none	12300	17	36	0
GB_GCA_014730125.1	Archaea	Asgardarchaeota	Lokiarchaeia	Sigyniarchaeales	SOKP01	TEKIR-8	TEKIR-8 sp014730165	0	96.69	4.33	General	91.59	3.74	149	k__Archaea (UID2)	107	14.29	4464116	85.636204450358	489	1609206	30.869783405884345	5212884	GB_GCA_014730165.1	f	d__Archaea;p__Asgardarchaeota;c__Lokiarchaeia;o__Sigyniarchaeales;f__SOKP01;g__TEKIR-8;s__TEKIR-8 sp014730165	not type material	none	f	93	93	79990	79990	46388	1	2179	WJIT01000315.1	none	0	none	none	1930	2501	0	90.155	JYIM01000373.485.3826	Archaea;Asgardarchaeota;Incertae Sedis;Incertae Sedis;Incertae Sedis;Incertae Sedis;Lokiarchaeum sp. GC14_75	10660	10660	f	f	t	16294	16294	Contig	ASM1473012v1	na	PRJNA561032	SAMN13151186	489	16294	Australia: Shark Bay; Hameline Pool	2020-09-24	GCA_014730125.1	derived from metagenome	full	RBin_035	microbial mat from hypersaline water environment	25.7834 S 113.2988 E	0	0	Promethearchaeota archaeon	none	na	2	none	none	none	none	none	2020-09-24	0	2053489	1	RBin_035	University of New South Wales	2053489	d__Archaea;p__Promethearchaeota;c__;o__;f__;g__;s__	d__Archaea;x__Promethearchaeati;p__Promethearchaeota;x__unclassified Promethearchaeota;s__Promethearchaeota archaeon	0	5212884	11	43	na	5212884	0	WJIT00000000.1	5200	489	none	0	none	none	none	none	none	none	none	none	none	none	none	none	none	none	0	16	42	1
GB_GCA_024720855.1	Archaea	Asgardarchaeota	Njordarchaeia	Njordarchaeales	Panguiarchaeaceae	Panguiarchaeum	Panguiarchaeum symbiosum	0	78.83	1.04	General	80.46	1.4	149	k__Archaea (UID2)	107	0.0	1178316	89.43602105812845	67	530168	40.24057758050119	1317496	GB_GCA_024720975.1	f	d__Archaea;p__Asgardarchaeota;c__Njordarchaeia;o__Njordarchaeales;f__Panguiarchaeaceae;g__Panguiarchaeum;s__Panguiarchaeum symbiosum	not type material	none	f	10	10	114158	114158	none	0	none	none	none	0	none	none	none	none	none	none	none	none	19664	19664	f	f	t	40452	40452	Contig	ASM2472085v1	na	PRJNA544494	SAMN28868084	67	40452	China: Tengchong county; Yunnan; ShiZiTouDuiMian-1b pool	2022-08-19	GCA_024720855.1	derived from metagenome	full	SZTDM-1b.bin_1	hot spring sediment	24.95 N 98.44 E	0	0	Thermoproteota archaeon	none	na	2	none	none	none	none	none	2022-08-19	0	2056631	1	SZTDM-1b.bin_1	The University of Texas at Austin	2056631	d__Archaea;p__Thermoproteota;c__;o__;f__;g__;s__	d__Archaea;x__Thermoproteati;p__Thermoproteota;x__unclassified Thermoproteota;s__Thermoproteota archaeon	0	1317496	11	43	na	1317496	0	JANJYF000000000.1	1246	67	114158	1	none	none	none	none	none	none	1515	JANJYF010000001.1	1399	992	0	79.914	DQ228522.1.1438	Archaea;Incertae Sedis;Incertae Sedis;Incertae Sedis;Incertae Sedis;Incertae Sedis;uncultured archaeon	0	17	43	0
GB_GCA_964590855.1	Archaea	Asgardarchaeota	Heimdallarchaeia	Heimdallarchaeales	Heimdallarchaeaceae	UBA460	UBA460 sp964590855	0	88.52	7.03	General	92.99	6.11	149	k__Archaea (UID2)	107	0.0	3367923	90.55265267800536	474	1276765	34.33827354003203	3719298	GB_GCA_964590855.1	t	d__Archaea;p__Asgardarchaeota;c__Heimdallarchaeia;o__Heimdallarchaeales;f__Heimdallarchaeaceae;g__UBA460;s__UBA460 sp964590855	not type material	none	f	71	60	134128	134128	41026	1	1804	CAZPXJ010000011.1	none	0	none	none	1802	2782	0	94.562	MEHH01000225.593.3133	Archaea;Asgardarchaeota;Incertae Sedis;Incertae Sedis;Incertae Sedis;Incertae Sedis;Candidatus Heimdallarchaeota archaeon AB_125	7844	9093	f	f	t	13979	16502	Scaffold	SRP214966_co2_105	na	PRJEB82487	SAMEA117292160	474	13979	none	2025-01-12	GCA_964590855.1	derived from metagenome	full	SRP214966_co2_105	none	none	0	none	uncultured archaeon	none	na	none	409	60	16502	8087	3424	2025-01-12	65	115547	none	SRP214966_co2_105	Centre for Microbiome Research	115547	d__Archaea;p__;c__;o__;f__;g__;s__	d__Archaea;x__environmental samples;s__uncultured archaeon	1100	3719298	none	none	na	3718198	0	CAZPXJ000000000.1	3788	409	none	0	none	none	none	none	none	none	none	none	none	none	none	none	none	none	1100	19	49	0
GB_GCA_048885565.1	Archaea	Asgardarchaeota	Lokiarchaeia	Sigyniarchaeales	SOKP01	Loki-b32	Loki-b32 sp048938855	0	95.66	4.19	General	86.92	3.27	149	k__Archaea (UID2)	107	0.0	3303885	88.03476854896385	330	1128204	30.06594123491112	3752932	GB_GCA_048938855.1	f	d__Archaea;p__Asgardarchaeota;c__Lokiarchaeia;o__Sigyniarchaeales;f__SOKP01;g__Loki-b32;s__Loki-b32 sp048938855	not type material	none	f	74	72	52349	52349	none	0	none	none	none	0	none	none	none	none	none	none	none	none	11371	11876	f	f	t	15585	15856	Scaffold	ASM4888556v1	na	PRJNA1162170	SAMN43852817	330	15585	none	2025-03-24	GCA_048885565.1	derived from metagenome	full	DZ1M.468	none	none	0	0	Candidatus Hermodarchaeota archaeon	none	na	2	316	72	15856	10028	5621	2025-03-24	14	2799008	1	DZ1M.468	East china normal University	2799008	d__Archaea;p__Candidatus Hermodarchaeota;c__;o__;f__;g__;s__	d__Archaea;x__Promethearchaeati;p__Candidatus Hermodarchaeota;x__unclassified Candidatus Hermodarchaeota;s__Candidatus Hermodarchaeota archaeon	500	3752932	11	37	na	3752432	0	JBHLLN000000000.1	3681	316	none	0	none	none	none	none	none	none	none	none	none	none	none	none	none	none	500	17	35	1
GB_GCA_964600445.1	Archaea	Asgardarchaeota	Lokiarchaeia	Sigyniarchaeales	SOKP01	LW40-45	LW40-45 sp964600445	0	72.49	2.09	General	75.7	4.67	149	k__Archaea (UID2)	107	12.5	1697841	85.56734750652147	423	607050	30.65884316086335	1984216	GB_GCA_964600445.1	t	d__Archaea;p__Asgardarchaeota;c__Lokiarchaeia;o__Sigyniarchaeales;f__SOKP01;g__LW40-45;s__LW40-45 sp964600445	not type material	none	f	106	90	21656	30945	none	0	none	none	none	0	none	none	none	none	none	none	none	none	4680	5333	f	f	t	5727	6631	Scaffold	binchicken_co122_36	na	PRJEB82487	SAMEA117387641	423	5727	none	2025-01-08	GCA_964600445.1	derived from metagenome	full	binchicken_co122_36	none	none	0	none	uncultured archaeon	none	na	none	372	90	6631	4103	2724	2025-01-08	51	115547	none	binchicken_co122_36	Centre for Microbiome Research	115547	d__Archaea;p__;c__;o__;f__;g__;s__	d__Archaea;x__environmental samples;s__uncultured archaeon	4200	1984216	none	none	na	1980016	0	CAZRKO000000000.1	2113	372	none	0	none	none	none	none	none	none	none	none	none	none	none	none	none	none	4200	15	27	0
GB_GCA_016839295.1	Archaea	Asgardarchaeota	Heimdallarchaeia	Hodarchaeales	Hodarchaeaceae	Hodarchaeum	Hodarchaeum sp011364965	0	95.39	3.15	General	93.93	1.94	149	k__Archaea (UID2)	107	0.0	3486883	87.90560330679354	71	1377605	34.729928891636256	3966622	GB_GCA_011364965.1	f	d__Archaea;p__Asgardarchaeota;c__Heimdallarchaeia;o__Hodarchaeales;f__Hodarchaeaceae;g__Hodarchaeum;s__Hodarchaeum sp011364965	not type material	none	f	8	8	472702	472702	none	0	none	none	none	0	none	none	none	none	none	none	none	none	55867	55867	f	f	t	136887	136887	Contig	ASM1683929v1	na	PRJNA680430	SAMN16492260	71	136887	China: Changjiang Estuary	2021-02-09	GCA_016839295.1	derived from metagenome	full	N1B_bin6.179	estuary sediment	32.435277 N 122.010277 E	0	none	Promethearchaeota archaeon	none	na	none	none	none	none	none	none	2021-02-09	0	2053489	none	N1B_bin6.179	Shenzhen Univeristy	2053489	d__Archaea;p__Promethearchaeota;c__;o__;f__;g__;s__	d__Archaea;x__Promethearchaeati;p__Promethearchaeota;x__unclassified Promethearchaeota;s__Promethearchaeota archaeon	0	3966622	none	none	na	3966622	0	JAEOUP000000000.1	3588	71	none	0	none	none	none	none	none	none	none	none	none	none	none	none	none	none	0	17	44	0
GB_GCA_050009915.1	Archaea	Asgardarchaeota	Heimdallarchaeia	JABLTI01	JABLTI01	JABLTI01	JABLTI01 sp019058275	2	94.05	6.07	General	95.33	8.88	149	k__Archaea (UID2)	107	0.0	3773781	87.25953100945297	8	1399534	32.36084365987972	4324778	GB_GCA_019058275.1	f	d__Archaea;p__Asgardarchaeota;c__Heimdallarchaeia;o__JABLTI01;f__JABLTI01;g__JABLTI01;s__JABLTI01 sp019058275	not type material	none	f	2	2	1551900	1551900	483006	1	3388	JACCLD010000005.1	none	0	none	none	231	148	3.4e-33	78.788	JYIM01000373.485.3826	Archaea;Asgardarchaeota;Incertae Sedis;Incertae Sedis;Incertae Sedis;Incertae Sedis;Lokiarchaeum sp. GC14_75	540597	540597	f	f	t	930343	930343	Contig	ASM5000991v1	na	PRJNA644245	SAMN15459035	8	930343	none	2025-04-29	GCA_050009915.1	derived from metagenome	full	Heim33H	none	none	0	0	Candidatus Heimdallarchaeota archaeon	none	na	1	none	none	none	none	none	2025-04-29	0	2026747	1	Heim33H	Japan Agency for Marine-Earth Science and technology	2026747	d__Archaea;p__Candidatus Heimdallarchaeota;c__;o__;f__;g__;s__	d__Archaea;x__Promethearchaeati;p__Candidatus Heimdallarchaeota;x__unclassified Candidatus Heimdallarchaeota;s__Candidatus Heimdallarchaeota archaeon	0	4324778	11	44	na	4324778	0	JACCLD000000000.1	4296	8	483006	1	none	none	none	none	none	none	1519	JACCLD010000005.1	1452	2610	0	99.105	AB797836.1.1452	Archaea;Asgardarchaeota;Lokiarchaeia;Odinarchaeales;Incertae Sedis;Incertae Sedis;uncultured archaeon	0	19	45	0
GB_GCA_048886645.1	Archaea	Asgardarchaeota	Wukongarchaeia	Wukongarchaeales	Wukongarchaeaceae	Wukongarchaeum	Wukongarchaeum sp048886645	0	87.21	2.24	General	89.46	1.87	149	k__Archaea (UID2)	107	0.0	1620120	84.00876737673015	188	726937	37.78233307155409	1928513	GB_GCA_048886645.1	t	d__Archaea;p__Asgardarchaeota;c__Wukongarchaeia;o__Wukongarchaeales;f__Wukongarchaeaceae;g__Wukongarchaeum;s__Wukongarchaeum sp048886645	not type material	none	f	38	31	60213	62731	62731	1	1926	JBHLKN010000001.1	none	0	none	none	1789	1079	0	77.921	CP014854.1051184.1054186	Archaea;Methanobacteriota;Thermococci;Thermococcales;Thermococcaceae;Thermococcus;Thermococcus celer	10234	13486	f	f	t	15131	19480	Scaffold	ASM4888664v1	na	PRJNA1162170	SAMN43852791	188	15131	none	2025-03-24	GCA_048886645.1	derived from metagenome	full	DZ1B.339	none	none	0	0	Candidatus Hodarchaeota archaeon	none	na	1	143	31	19480	11042	6949	2025-03-24	45	2800102	0	DZ1B.339	East china normal University	2800102	d__Archaea;p__Candidatus Hodarchaeota;c__;o__;f__;g__;s__	d__Archaea;x__Promethearchaeati;p__Candidatus Hodarchaeota;x__unclassified Candidatus Hodarchaeota;s__Candidatus Hodarchaeota archaeon	4500	1928513	11	36	na	1924013	0	JBHLKN000000000.1	2013	143	none	0	none	none	none	none	none	none	none	none	none	none	none	none	none	none	4500	17	35	0
GB_GCA_038839555.1	Archaea	Asgardarchaeota	Njordarchaeia	Njordarchaeales	Panguiarchaeaceae	Panguiarchaeum	Panguiarchaeum symbiosum	0	78.07	0.58	General	81.94	0.0	149	k__Archaea (UID2)	107	0.0	1077762	89.71100517658576	53	483949	40.283059937354906	1201371	GB_GCA_024720975.1	f	d__Archaea;p__Asgardarchaeota;c__Njordarchaeia;o__Njordarchaeales;f__Panguiarchaeaceae;g__Panguiarchaeum;s__Panguiarchaeum symbiosum	not type material	none	f	11	11	136160	136160	136160	1	2979	JAWBWI010000001.1	none	0	none	none	2950	1083	0	74.068	CP000504.1594574.1597615	Archaea;Thermoproteota;Thermoproteia;Thermoproteales;Thermoproteaceae;Pyrobaculum;Pyrobaculum islandicum DSM 4184	22667	22667	f	f	t	28751	28751	Contig	ASM3883955v1	na	PRJNA544494	SAMN36039268	53	28751	none	2024-04-30	GCA_038839555.1	derived from metagenome	full	JZ-1_201803_bins_45	none	none	0	0	Thermoproteota archaeon	none	na	2	none	none	none	none	none	2024-04-30	0	2056631	1	JZ-1_201803_bins_45	The University of Texas at Austin	2056631	d__Archaea;p__Thermoproteota;c__;o__;f__;g__;s__	d__Archaea;x__Thermoproteati;p__Thermoproteota;x__unclassified Thermoproteota;s__Thermoproteota archaeon	0	1201371	11	45	na	1201371	0	JAWBWI000000000.1	1176	53	136160	1	none	none	none	none	none	none	1515	JAWBWI010000001.1	1399	998	0	79.986	DQ228522.1.1438	Archaea;Incertae Sedis;Incertae Sedis;Incertae Sedis;Incertae Sedis;Incertae Sedis;uncultured archaeon	0	18	45	0
GB_GCA_038846665.1	Archaea	Asgardarchaeota	Jordiarchaeia	Jordiarchaeales	Freyrarchaeaceae	DTBI01	DTBI01 sp019057715	0	96.27	2.97	General	97.99	3.27	149	k__Archaea (UID2)	107	0.0	2043781	84.02892812577733	109	1154497	47.60684765150624	2432235	GB_GCA_038858525.1	f	d__Archaea;p__Asgardarchaeota;c__Jordiarchaeia;o__Jordiarchaeales;f__Freyrarchaeaceae;g__DTBI01;s__DTBI01 sp019057715	not type material	none	f	18	6	128847	374470	326583	1	3051	JAWBPQ010000002.1	none	0	none	none	2922	2473	0	82.375	KX764886.1.3038	Archaea;Incertae Sedis;Incertae Sedis;Incertae Sedis;Incertae Sedis;Incertae Sedis;uncultured archaeon	22248	69492	f	f	t	46507	117467	Scaffold	ASM3884666v1	na	PRJNA544494	SAMN36039094	109	46507	none	2024-04-30	GCA_038846665.1	derived from metagenome	full	JZ-1_201705_bins_10	none	none	0	0	Candidatus Jordarchaeales archaeon	none	na	2	35	6	117467	62017	32114	2024-04-30	74	3058035	1	JZ-1_201705_bins_10	The University of Texas at Austin	3058035	d__Archaea;p__;c__Candidatus Jordarchaeia;o__Candidatus Jordarchaeales;f__;g__;s__	d__Archaea;x__Promethearchaeati;x__Promethearchaeati incertae sedis;c__Candidatus Jordarchaeia;o__Candidatus Jordarchaeales;x__unclassified Candidatus Jordarchaeales;s__Candidatus Jordarchaeales archaeon	7170	2432235	11	44	na	2425065	0	JAWBPQ000000000.1	2474	35	374470	1	none	none	none	none	none	none	1493	JAWBPQ010000001.1	1370	1592	0	87.956	JF935161.1.1360	Archaea;Thermoproteota;Bathyarchaeia;Incertae Sedis;Incertae Sedis;Incertae Sedis;uncultured crenarchaeote	7170	18	42	0
GB_GCA_964473825.1	Archaea	Asgardarchaeota	Thorarchaeia	Thorarchaeales	Thorarchaeaceae	TEKIR-12S	TEKIR-12S sp964473825	0	95.73	4.37	General	92.99	4.67	149	k__Archaea (UID2)	107	0.0	2904453	88.78801255310707	113	1609510	49.21714794897717	3271222	GB_GCA_964473825.1	t	d__Archaea;p__Asgardarchaeota;c__Thorarchaeia;o__Thorarchaeales;f__Thorarchaeaceae;g__TEKIR-12S;s__TEKIR-12S sp964473825	not type material	none	f	13	12	319225	319225	7402	1	952	CAYYQL010000074.1	none	0	none	none	487	191	1.53e-46	74.538	CP006867.388300.391334	Archaea;Thermoproteota;Thermoproteia;Desulfurococcales;Ignicoccaceae;Ignicoccus;Ignicoccus islandicus DSM 13165	28940	31759	f	f	t	60046	67344	Scaffold	SRP141376_co1_28	na	PRJEB82487	SAMEA117288455	113	60046	none	2025-01-11	GCA_964473825.1	derived from metagenome	full	SRP141376_co1_28	none	none	0	none	uncultured archaeon	none	na	none	103	12	67344	32385	12454	2025-01-11	10	115547	none	SRP141376_co1_28	Centre for Microbiome Research	115547	d__Archaea;p__;c__;o__;f__;g__;s__	d__Archaea;x__environmental samples;s__uncultured archaeon	1000	3271222	none	none	na	3270222	0	CAYYQL000000000.1	3136	103	none	0	none	none	none	none	none	none	none	none	none	none	none	none	none	none	1000	18	45	1
GB_GCA_019894955.1	Archaea	Asgardarchaeota	Lokiarchaeia	Sigyniarchaeales	SOKP01	SOKP01	SOKP01 sp019894955	0	87.95	3.81	General	81.31	2.34	149	k__Archaea (UID2)	107	0.0	2457736	88.8580049849706	277	868190	31.40656890315943	2765914	GB_GCA_019894955.1	t	d__Archaea;p__Asgardarchaeota;c__Lokiarchaeia;o__Sigyniarchaeales;f__SOKP01;g__SOKP01;s__SOKP01 sp019894955	not type material	none	f	58	51	53718	53718	none	0	none	none	none	0	none	none	none	none	none	none	none	none	9979	11335	f	f	t	13404	16707	Scaffold	ASM1989495v1	na	PRJNA680161	SAMN18946027	277	13404	Russia: Cape Chukochii	2021-09-07	GCA_019894955.1	derived from metagenome	full	bin12	permafrost sediment	70.05 N 159.55 E	0	0	Promethearchaeota archaeon	none	na	2	244	51	16707	8992	5722	2021-09-07	33	2053489	1	bin12	Princeton University	2053489	d__Archaea;p__Promethearchaeota;c__;o__;f__;g__;s__	d__Archaea;x__Promethearchaeati;p__Promethearchaeota;x__unclassified Promethearchaeota;s__Promethearchaeota archaeon	1556	2765914	11	31	na	2764358	0	JAGXNQ000000000.1	2858	244	none	0	none	none	none	none	none	none	none	none	none	none	none	none	none	none	1556	15	30	1
GB_GCA_029856425.1	Archaea	Asgardarchaeota	Thorarchaeia	Thorarchaeales	Thorarchaeaceae	SMTZ1-83	SMTZ1-83 sp029856425	0	74.51	2.61	General	79.13	1.87	149	k__Archaea (UID2)	107	0.0	2074396	90.69868818068416	384	1053957	46.0820968122043	2287129	GB_GCA_029856425.1	t	d__Archaea;p__Asgardarchaeota;c__Thorarchaeia;o__Thorarchaeales;f__Thorarchaeaceae;g__SMTZ1-83;s__SMTZ1-83 sp029856425	not type material	none	f	97	97	47989	47989	none	0	none	none	none	0	none	none	none	none	none	none	none	none	5956	5956	f	f	t	7047	7047	Contig	ASM2985642v1	na	PRJNA417281	SAMN08011056	384	7047	USA:White Oak River estuary; North Carolina	2023-04-24	GCA_029856425.1	derived from metagenome	full	WORH6	marine sediment	34.640199 N 77.109447 W	0	none	Candidatus Thorarchaeota archaeon	none	na	none	none	none	none	none	none	2023-04-24	0	2053491	none	WORH6	Uppsala University	2053491	d__Archaea;p__Candidatus Thorarchaeota;c__;o__;f__;g__;s__	d__Archaea;x__Promethearchaeati;p__Candidatus Thorarchaeota;x__unclassified Candidatus Thorarchaeota;s__Candidatus Thorarchaeota archaeon	0	2287129	none	none	na	2287129	0	JAHQWZ000000000.1	2544	384	none	0	none	none	none	none	none	none	none	none	none	none	none	none	none	none	0	20	32	0
GB_GCA_022096895.1	Archaea	Asgardarchaeota	Heimdallarchaeia	Heimdallarchaeales	Heimdallarchaeaceae	UBA460	UBA460 sp023139025	0	80.8	3.73	General	86.45	0.93	149	k__Archaea (UID2)	107	0.0	2508274	91.2618999539738	659	917328	33.376376010347705	2748435	GB_GCA_023139025.1	f	d__Archaea;p__Asgardarchaeota;c__Heimdallarchaeia;o__Heimdallarchaeales;f__Heimdallarchaeaceae;g__UBA460;s__UBA460 sp023139025	not type material	none	f	135	135	26862	26862	3240	1	929	JADCTP010000288.1	none	0	none	none	929	1600	0	97.74	MEHH01000225.593.3133	Archaea;Asgardarchaeota;Incertae Sedis;Incertae Sedis;Incertae Sedis;Incertae Sedis;Candidatus Heimdallarchaeota archaeon AB_125	4170	4170	f	f	t	6299	6299	Contig	ASM2209689v1	na	PRJNA593668	SAMN15815164	659	6299	Pacific Ocean: South China Sea	2022-02-08	GCA_022096895.1	derived from metagenome	full	C1.bin.5	cold seep sediment	22.115309 N 119.285863 E	0	0	Candidatus Heimdallarchaeota archaeon	none	na	2	none	none	none	none	none	2022-02-08	0	2026747	1	C1.bin.5	Institute of Oceanology, Chinese Academy of Sciences	2026747	d__Archaea;p__Candidatus Heimdallarchaeota;c__;o__;f__;g__;s__	d__Archaea;x__Promethearchaeati;p__Candidatus Heimdallarchaeota;x__unclassified Candidatus Heimdallarchaeota;s__Candidatus Heimdallarchaeota archaeon	0	2748435	11	38	na	2748435	0	JADCTP000000000.1	3088	659	26862	1	none	none	none	none	none	none	904	JADCTP010000001.1	887	1639	0	100	JQ817511.1.1411	Archaea;Asgardarchaeota;Heimdallarchaeia;Incertae Sedis;Incertae Sedis;AB_125;uncultured archaeon	0	19	39	0
GB_GCA_038871775.1	Archaea	Asgardarchaeota	Jordiarchaeia	Jordiarchaeales	Jordiarchaeaceae	Jordiarchaeum	Jordiarchaeum sp030587365	0	97.78	5.1	General	97.66	1.87	149	k__Archaea (UID2)	107	0.0	3153394	81.55088172823855	180	1637610	42.353994573362925	3866781	GB_GCA_030587365.2	f	d__Archaea;p__Asgardarchaeota;c__Jordiarchaeia;o__Jordiarchaeales;f__Jordiarchaeaceae;g__Jordiarchaeum;s__Jordiarchaeum sp030587365	not type material	none	f	36	34	141779	141779	84461	1	2172	JAVZHH010000006.1	none	0	none	none	879	843	0	84.414	KX764886.1.3038	Archaea;Incertae Sedis;Incertae Sedis;Incertae Sedis;Incertae Sedis;Incertae Sedis;uncultured archaeon	21480	24319	f	f	t	33194	33828	Scaffold	ASM3887177v1	na	PRJNA544494	SAMN36037208	180	33194	none	2024-04-30	GCA_038871775.1	derived from metagenome	full	DRTY-6_201808_bins_73	none	none	0	0	Candidatus Jordarchaeaceae archaeon	none	na	1	159	34	33828	18880	11509	2024-04-30	21	3058036	0	DRTY-6_201808_bins_73	The University of Texas at Austin	3058036	d__Archaea;p__;c__Candidatus Jordarchaeia;o__Candidatus Jordarchaeales;f__Candidatus Jordarchaeaceae;g__;s__	d__Archaea;x__Promethearchaeati;x__Promethearchaeati incertae sedis;c__Candidatus Jordarchaeia;o__Candidatus Jordarchaeales;f__Candidatus Jordarchaeaceae;x__unclassified Candidatus Jordarchaeaceae;s__Candidatus Jordarchaeaceae archaeon	298	3866781	11	43	na	3866483	0	JAVZHH000000000.1	3724	159	none	0	none	none	none	none	none	none	none	none	none	none	none	none	none	none	298	17	37	0
GB_GCA_038868355.1	Archaea	Asgardarchaeota	Jordiarchaeia	Jordiarchaeales	Freyrarchaeaceae	DTBI01	DTBI01 sp019057715	0	87.92	2.07	General	94.39	0.0	149	k__Archaea (UID2)	107	0.0	1735052	85.79504154135691	175	955912	47.26921007658713	2022322	GB_GCA_038858525.1	f	d__Archaea;p__Asgardarchaeota;c__Jordiarchaeia;o__Jordiarchaeales;f__Freyrarchaeaceae;g__DTBI01;s__DTBI01 sp019057715	not type material	none	f	40	40	67486	67486	none	0	none	none	none	0	none	none	none	none	none	none	none	none	11555	11896	f	f	t	16810	16810	Scaffold	ASM3886835v1	na	PRJNA544494	SAMN36037795	175	16810	none	2024-04-30	GCA_038868355.1	derived from metagenome	full	JZ-2_202101_bins_68	none	none	0	0	Candidatus Jordarchaeales archaeon	none	na	0	170	40	16810	9559	5319	2024-04-30	5	3058035	0	JZ-2_202101_bins_68	The University of Texas at Austin	3058035	d__Archaea;p__;c__Candidatus Jordarchaeia;o__Candidatus Jordarchaeales;f__;g__;s__	d__Archaea;x__Promethearchaeati;x__Promethearchaeati incertae sedis;c__Candidatus Jordarchaeia;o__Candidatus Jordarchaeales;x__unclassified Candidatus Jordarchaeales;s__Candidatus Jordarchaeales archaeon	50	2022322	11	38	na	2022272	0	JAWCTH000000000.1	2184	170	none	0	none	none	none	none	none	none	none	none	none	none	none	none	none	none	50	18	36	0
GB_GCA_048883265.1	Archaea	Asgardarchaeota	Lokiarchaeia	Sigyniarchaeales	SOKP01	Loki-b32	Loki-b32 sp048940605	0	94.71	8.81	General	86.6	7.01	149	k__Archaea (UID2)	107	0.0	3820428	87.92964759121621	325	1340499	30.890924421684826	4344869	GB_GCA_048940605.1	f	d__Archaea;p__Asgardarchaeota;c__Lokiarchaeia;o__Sigyniarchaeales;f__SOKP01;g__Loki-b32;s__Loki-b32 sp048940605	not type material	none	f	58	50	114823	114823	none	0	none	none	none	0	none	none	none	none	none	none	none	none	13352	16092	f	f	t	22519	25022	Scaffold	ASM4888326v1	na	PRJNA1162170	SAMN43852955	325	22519	none	2025-03-24	GCA_048883265.1	derived from metagenome	full	QM1B.283	none	none	0	0	Candidatus Thorarchaeota archaeon	none	na	3	270	50	25022	13704	7283	2025-03-24	55	2053491	2	QM1B.283	East china normal University	2053491	d__Archaea;p__Candidatus Thorarchaeota;c__;o__;f__;g__;s__	d__Archaea;x__Promethearchaeati;p__Candidatus Thorarchaeota;x__unclassified Candidatus Thorarchaeota;s__Candidatus Thorarchaeota archaeon	5410	4344869	11	38	na	4339459	0	JBHLQV000000000.1	4019	270	none	0	none	none	none	none	none	none	none	none	none	none	none	none	none	none	5410	17	38	1
GB_GCA_019057815.1	Archaea	Asgardarchaeota	Heimdallarchaeia	Heimdallarchaeales	Heimdallarchaeaceae	18H4-34	18H4-34 sp019057815	0	95.38	2.07	General	95.33	4.21	149	k__Archaea (UID2)	107	0.0	3315636	88.75458243156969	48	1223639	32.75497325158236	3735735	GB_GCA_019057815.1	t	d__Archaea;p__Asgardarchaeota;c__Heimdallarchaeia;o__Heimdallarchaeales;f__Heimdallarchaeaceae;g__18H4-34;s__18H4-34 sp019057815	not type material	none	f	10	10	304232	304232	47106	1	2537	JAHLWR010000027.1	none	0	none	none	2538	3419	0	91.017	MEHH01000225.593.3133	Archaea;Asgardarchaeota;Incertae Sedis;Incertae Sedis;Incertae Sedis;Incertae Sedis;Candidatus Heimdallarchaeota archaeon AB_125	77827	77827	f	f	t	137731	137731	Contig	ASM1905781v1	na	PRJNA678552	SAMN19663751	48	137731	New Zealand: Hikurangi Subduction Margin	2021-06-29	GCA_019057815.1	derived from metagenome	full	18H4_34	sediment collected in IODP Expedition 375 from site U1520D; depth 160.76 mbsf	38.97 S 179.13 E	0	none	Candidatus Heimdallarchaeota archaeon	none	na	none	none	none	none	none	none	2021-06-29	0	2026747	none	18H4_34	The University of Queensland	2026747	d__Archaea;p__Candidatus Heimdallarchaeota;c__;o__;f__;g__;s__	d__Archaea;x__Promethearchaeati;p__Candidatus Heimdallarchaeota;x__unclassified Candidatus Heimdallarchaeota;s__Candidatus Heimdallarchaeota archaeon	0	3735735	none	none	na	3735735	0	JAHLWR000000000.1	3335	48	47106	1	none	none	none	none	none	none	1463	JAHLWR010000027.1	1444	2590	0	99.03	KP091041.1.1464	Archaea;Asgardarchaeota;Heimdallarchaeia;Incertae Sedis;Incertae Sedis;AB_125;uncultured archaeon	0	19	45	0
GB_GCA_048885575.1	Archaea	Asgardarchaeota	Lokiarchaeia	Sigyniarchaeales	SOKP01	SOKP01	SOKP01 sp048885575	0	95.25	3.92	General	85.51	1.87	149	k__Archaea (UID2)	107	33.33	2773318	88.58304147082733	514	986536	31.525722165145297	3130755	GB_GCA_048885575.1	t	d__Archaea;p__Asgardarchaeota;c__Lokiarchaeia;o__Sigyniarchaeales;f__SOKP01;g__SOKP01;s__SOKP01 sp048885575	not type material	none	f	138	135	36237	36237	none	0	none	none	none	0	none	none	none	none	none	none	none	none	6088	6324	f	f	t	7311	7504	Scaffold	ASM4888557v1	na	PRJNA1162170	SAMN43852816	514	7311	none	2025-03-24	GCA_048885575.1	derived from metagenome	full	DZ1M.447	none	none	0	0	Candidatus Hermodarchaeota archaeon	none	na	1	495	135	7504	4646	3337	2025-03-24	19	2799008	1	DZ1M.447	East china normal University	2799008	d__Archaea;p__Candidatus Hermodarchaeota;c__;o__;f__;g__;s__	d__Archaea;x__Promethearchaeati;p__Candidatus Hermodarchaeota;x__unclassified Candidatus Hermodarchaeota;s__Candidatus Hermodarchaeota archaeon	1450	3130755	11	33	na	3129305	0	JBHLLM000000000.1	3270	495	none	0	none	none	none	none	none	none	none	none	none	none	none	none	none	none	1450	15	34	0
GB_GCA_023705965.1	Archaea	Asgardarchaeota	Heimdallarchaeia	Heimdallarchaeales	Heimdallarchaeaceae	UBA460	UBA460 sp023705945	0	85.06	4.27	General	88.32	3.74	149	k__Archaea (UID2)	107	0.0	2704670	89.79686831317665	542	1017396	33.77823343859054	3011987	GB_GCA_023705945.1	f	d__Archaea;p__Asgardarchaeota;c__Heimdallarchaeia;o__Heimdallarchaeales;f__Heimdallarchaeaceae;g__UBA460;s__UBA460 sp023705945	not type material	none	f	115	115	41440	41440	none	0	none	none	none	0	none	none	none	none	none	none	none	none	5557	5557	f	f	t	7388	7388	Contig	ASM2370596v1	na	PRJDB12054	SAMD00399034	542	7388	Japan	2021-12-02	GCA_023705965.1	derived from metagenome	full	8H_bin10	68.82m-68.92m section below the seafloor (cmbsf) in subseafloor sediments off Shimokita Peninsula	41.1773 N 142.2014 E	0	none	Candidatus Heimdallarchaeota archaeon	none	na	none	none	none	none	none	none	2021-12-02	0	2026747	none	8H_bin10	Super-cutting-edge Grand and Advanced Research (SUGAR) Program, Institute for Extra-cutting-edge Science and Technology Avant-garde Research (X-star), Japan Agency for Marine-Earth Science and Technology	2026747	d__Archaea;p__Candidatus Heimdallarchaeota;c__;o__;f__;g__;s__	d__Archaea;x__Promethearchaeati;p__Candidatus Heimdallarchaeota;x__unclassified Candidatus Heimdallarchaeota;s__Candidatus Heimdallarchaeota archaeon	0	3011987	none	none	na	3011987	0	BPTN00000000.1	3158	542	4123	1	none	none	none	none	none	none	479	BPTN01000262.1	480	863	0	99.167	JQ816545.1.1430	Archaea;Asgardarchaeota;Heimdallarchaeia;Incertae Sedis;Incertae Sedis;AB_125;uncultured archaeon	0	19	46	0
GB_GCA_036161275.1	Archaea	Asgardarchaeota	Heimdallarchaeia	Heimdallarchaeales	Kariarchaeaceae	Kariarchaeum	Kariarchaeum pelagium	0	78.57	1.46	General	78.35	0.93	149	k__Archaea (UID2)	107	0.0	1194011	92.43288226915216	115	388420	30.069053074874592	1291760	GB_GCA_002728275.1	f	d__Archaea;p__Asgardarchaeota;c__Heimdallarchaeia;o__Heimdallarchaeales;f__Kariarchaeaceae;g__Kariarchaeum;s__Kariarchaeum pelagium	not type material	none	f	30	30	55010	55010	55010	1	2562	JAYYDC010000032.1	none	0	none	none	2369	4375	0	100	BCSF01007275.2.2427	Archaea;Asgardarchaeota;Incertae Sedis;Incertae Sedis;Incertae Sedis;Incertae Sedis;uncultured marine virus	11232	11232	f	f	t	15469	15469	Contig	ASM3616127v1	na	PRJNA880762	SAMN39282597	115	15469	none	2024-01-25	GCA_036161275.1	derived from metagenome	full	XS_MAG300	none	none	0	0	Promethearchaeati archaeon	none	na	1	none	none	none	none	none	2024-01-25	0	2591838	0	XS_MAG300	Southern University of Science and Technology	2591838	d__Archaea;p__;c__;o__;f__;g__;s__	d__Archaea;x__Promethearchaeati;x__unclassified Promethearchaeati;s__Promethearchaeati archaeon	0	1291760	11	36	na	1291760	0	JAYYDC000000000.1	1298	115	none	0	none	none	none	none	none	none	none	none	none	none	none	none	none	none	0	20	36	0
GB_GCA_019058575.1	Archaea	Asgardarchaeota	Atabeyarchaeia	Atabeyarchaeales	Atabeyarchaeaceae	JAHPYV01	JAHPYV01 sp019058495	0	77.88	3.47	General	83.64	2.34	149	k__Archaea (UID2)	107	33.33	2367955	81.78300704701093	534	1318495	45.71723100586612	2895412	GB_GCA_019058495.1	f	d__Archaea;p__Asgardarchaeota;c__Atabeyarchaeia;o__Atabeyarchaeales;f__Atabeyarchaeaceae;g__JAHPYV01;s__JAHPYV01 sp019058495	not type material	none	f	117	80	39432	88760	none	0	none	none	none	0	none	none	none	none	none	none	none	none	5400	7027	f	f	t	6564	8743	Scaffold	ASM1905857v1	na	PRJNA678545	SAMN19664017	534	6564	Australia: Lake Cootharaba; Sunshine Coast	2021-06-29	GCA_019058575.1	derived from metagenome	full	LC20	Freshwater lake sediment	26.28 S 152.99 E	0	none	Promethearchaeati archaeon	none	na	none	412	80	8743	4584	3154	2021-06-29	122	2591838	none	LC20	The University of Queensland	2591838	d__Archaea;p__;c__;o__;f__;g__;s__	d__Archaea;x__Promethearchaeati;x__unclassified Promethearchaeati;s__Promethearchaeati archaeon	11390	2895412	none	none	na	2884022	0	JAHPYU000000000.1	3379	412	none	0	none	none	none	none	none	none	none	none	none	none	none	none	none	none	11390	17	34	0
GB_GCA_013138615.1	Archaea	Asgardarchaeota	Thorarchaeia	Thorarchaeales	Thorarchaeaceae	WTCK01	WTCK01 sp013138615	0	67.32	2.46	General	79.71	4.67	149	k__Archaea (UID2)	107	33.33	1328226	90.39431211628936	299	707179	48.1280740236115	1469369	GB_GCA_013138615.1	t	d__Archaea;p__Asgardarchaeota;c__Thorarchaeia;o__Thorarchaeales;f__Thorarchaeaceae;g__WTCK01;s__WTCK01 sp013138615	not type material	none	f	88	88	50034	50034	none	0	none	none	none	0	none	none	none	none	none	none	none	none	4914	4914	f	f	t	5019	5019	Contig	ASM1313861v1	na	PRJNA562730	SAMN13287992	299	5019	New Zealand: Hikurangi Margin	2020-05-21	GCA_013138615.1	derived from metagenome	full	GLR93	Glendhu Ridge methane seep	41.77033333 S 176.0835 E	0	0	Candidatus Thorarchaeota archaeon	none	na	1	none	none	none	none	none	2020-05-21	0	2053491	0	GLR93	GNS Science	2053491	d__Archaea;p__Candidatus Thorarchaeota;c__;o__;f__;g__;s__	d__Archaea;x__Promethearchaeati;p__Candidatus Thorarchaeota;x__unclassified Candidatus Thorarchaeota;s__Candidatus Thorarchaeota archaeon	0	1469369	11	30	na	1469369	0	WTCK00000000.1	1697	299	none	0	none	none	none	none	none	none	none	none	none	none	none	none	none	none	0	16	30	0
GB_GCA_019057575.1	Archaea	Asgardarchaeota	Lokiarchaeia	Sigyniarchaeales	SOKP01	Loki-b32	Loki-b32 sp019057865	0	100.0	3.61	General	90.81	4.21	149	k__Archaea (UID2)	107	0.0	3439775	86.68853343145236	71	1159224	29.214535392152666	3967970	GB_GCA_019057865.1	f	d__Archaea;p__Asgardarchaeota;c__Lokiarchaeia;o__Sigyniarchaeales;f__SOKP01;g__Loki-b32;s__Loki-b32 sp019057865	not type material	none	f	12	12	291651	291651	134026	1	1215	DXJN01000064.1	none	0	none	none	660	800	0	89.091	JYIM01000373.485.3826	Archaea;Asgardarchaeota;Incertae Sedis;Incertae Sedis;Incertae Sedis;Incertae Sedis;Lokiarchaeum sp. GC14_75	55886	55886	f	f	t	117986	117986	Contig	ASM1905757v1	na	PRJNA678817	SAMN19820869	71	117986	none	2021-06-29	GCA_019057575.1	derived from metagenome	full	MAG_17	marine sediment	11.2811 N 93.1 E	0	none	Promethearchaeota archaeon	none	na	none	none	none	none	none	none	2021-06-29	0	2053489	none	MAG_17	The University of Queensland	2053489	d__Archaea;p__Promethearchaeota;c__;o__;f__;g__;s__	d__Archaea;x__Promethearchaeati;p__Promethearchaeota;x__unclassified Promethearchaeota;s__Promethearchaeota archaeon	0	3967970	none	none	na	3967970	0	DXJN00000000.1	3905	71	7684	1	none	none	none	none	none	none	1397	DXJN01000043.1	1377	2459	0	98.911	AB799816.1.1422	Archaea;Asgardarchaeota;Lokiarchaeia;Incertae Sedis;Incertae Sedis;Incertae Sedis;uncultured archaeon	0	17	43	0
GB_GCA_021399335.1	Archaea	Asgardarchaeota	Heimdallarchaeia	Heimdallarchaeales	Heimdallarchaeaceae	UBA460	UBA460 sp023132955	0	89.6	4.31	General	86.84	5.61	149	k__Archaea (UID2)	107	33.33	2769679	90.6468154406764	434	1023887	33.51005510786912	3055462	GB_GCA_030668825.1	f	d__Archaea;p__Asgardarchaeota;c__Heimdallarchaeia;o__Heimdallarchaeales;f__Heimdallarchaeaceae;g__UBA460;s__UBA460 sp023132955	not type material	none	f	84	84	67236	67236	7405	2	1166	JAAFKH010000302.1	none	0	none	none	1165	2030	0	98.112	MEHH01000225.593.3133	Archaea;Asgardarchaeota;Incertae Sedis;Incertae Sedis;Incertae Sedis;Incertae Sedis;Candidatus Heimdallarchaeota archaeon AB_125	7040	7040	f	f	t	10642	10642	Contig	ASM2139933v1	na	PRJNA593668	SAMN13483368	434	10642	Pacific Ocean: South China Sea	2022-01-10	GCA_021399335.1	derived from metagenome	full	C2.bin.3	cold seep sediment	22.116277 N 119.285367 E	0	0	Candidatus Heimdallarchaeota archaeon	none	na	0	none	none	none	none	none	2022-01-10	0	2026747	0	C2.bin.3	Institute of Oceanology, Chinese Academy of Sciences	2026747	d__Archaea;p__Candidatus Heimdallarchaeota;c__;o__;f__;g__;s__	d__Archaea;x__Promethearchaeati;p__Candidatus Heimdallarchaeota;x__unclassified Candidatus Heimdallarchaeota;s__Candidatus Heimdallarchaeota archaeon	0	3055462	11	46	na	3055462	0	JAAFKH000000000.1	3185	434	none	0	none	none	none	none	none	none	none	none	none	none	none	none	none	none	0	19	45	0
GB_GCA_048882325.1	Archaea	Asgardarchaeota	Thorarchaeia	Thorarchaeales	Thorarchaeaceae	SMTZ1-45	SMTZ1-45 sp048882325	0	93.35	4.3	General	90.81	3.27	149	k__Archaea (UID2)	107	0.0	3276708	91.14217694284066	112	1592505	44.32414724644232	3595161	GB_GCA_048882325.1	t	d__Archaea;p__Asgardarchaeota;c__Thorarchaeia;o__Thorarchaeales;f__Thorarchaeaceae;g__SMTZ1-45;s__SMTZ1-45 sp048882325	not type material	none	f	17	14	195411	204368	none	0	none	none	none	0	none	none	none	none	none	none	none	none	32079	40395	f	f	t	64115	69902	Scaffold	ASM4888232v1	na	PRJNA1162170	SAMN43852978	112	64115	none	2025-03-24	GCA_048882325.1	derived from metagenome	full	TM1S.264	none	none	0	0	Candidatus Thorarchaeota archaeon	none	na	2	89	14	69902	33061	18404	2025-03-24	23	2053491	0	TM1S.264	East china normal University	2053491	d__Archaea;p__Candidatus Thorarchaeota;c__;o__;f__;g__;s__	d__Archaea;x__Promethearchaeati;p__Candidatus Thorarchaeota;x__unclassified Candidatus Thorarchaeota;s__Candidatus Thorarchaeota archaeon	2300	3595161	11	36	na	3592861	0	JBHLRS000000000.1	3454	89	none	0	none	none	none	none	none	none	none	none	none	none	none	none	none	none	2300	16	37	1
GB_GCA_048938455.1	Archaea	Asgardarchaeota	Heimdallarchaeia	Hodarchaeales	Hodarchaeaceae	Hodarchaeum	Hodarchaeum sp048886185	0	94.53	4.36	General	95.33	4.67	149	k__Archaea (UID2)	107	0.0	4188713	86.20780282436853	126	1704157	35.09922030887764	4858856	GB_GCA_048886185.1	f	d__Archaea;p__Asgardarchaeota;c__Heimdallarchaeia;o__Hodarchaeales;f__Hodarchaeaceae;g__Hodarchaeum;s__Hodarchaeum sp048886185	not type material	none	f	14	12	276743	276743	none	0	none	none	none	0	none	none	none	none	none	none	none	none	38533	53987	f	f	t	125994	133464	Scaffold	ASM4893845v1	na	PRJNA1162170	SAMN43852833	126	125994	none	2025-03-25	GCA_048938455.1	derived from metagenome	full	DZ2M.197	none	none	0	0	Promethearchaeota archaeon	none	na	0	90	12	133464	74682	38590	2025-03-25	36	2053489	0	DZ2M.197	East china normal University	2053489	d__Archaea;p__Promethearchaeota;c__;o__;f__;g__;s__	d__Archaea;x__Promethearchaeati;p__Promethearchaeota;x__unclassified Promethearchaeota;s__Promethearchaeota archaeon	3600	4858856	11	46	na	4855256	0	JBHLMD000000000.1	4212	90	none	0	none	none	none	none	none	none	none	none	none	none	none	none	none	none	3600	18	45	0
GB_GCA_040225955.1	Archaea	Asgardarchaeota	Asgardarchaeia	Asgardarchaeales	Asgardarchaeaceae	Asgardarchaeum	Asgardarchaeum abyssi	0	93.49	7.78	General	93.46	4.67	149	k__Archaea (UID2)	107	0.0	2280085	86.52909811958027	194	894860	33.962851352274534	2635050	GB_GCA_040225955.1	t	d__Archaea;p__Asgardarchaeota;c__Asgardarchaeia;o__Asgardarchaeales;f__Asgardarchaeaceae;g__Asgardarchaeum;s__Asgardarchaeum abyssi	type strain of species	Seqcode;LPSN	f	26	26	103451	103451	none	0	none	none	none	0	none	none	none	none	none	none	none	none	13581	13942	f	f	t	29067	31421	Scaffold	ASM4022595v1	na	PRJNA692327	SAMN41434964	194	29067	none	2024-06-17	GCA_040225955.1	derived from metagenome	full	AB3033_2	none	none	0	0	Candidatus Asgardarchaeum abyssi	none	na	1	189	26	31421	12208	5698	2024-06-17	5	3163616	1	AB3033_2	University of Texas at Austin	3163616	d__Archaea;p__;c__Candidatus Asgardarchaeia (ex Tamarit et al. 2024);o__Candidatus Asgardarchaeales (ex Tamarit et al. 2024);f__Candidatus Asgardarchaeaceae;g__Candidatus Asgardarchaeum (ex Tamarit et al. 2024);s__Candidatus Asgardarchaeum abyssi	d__Archaea;x__Promethearchaeati;x__Promethearchaeati incertae sedis;c__Candidatus Asgardarchaeia (ex Tamarit et al. 2024);o__Candidatus Asgardarchaeales (ex Tamarit et al. 2024);f__Candidatus Asgardarchaeaceae;g__Candidatus Asgardarchaeum (ex Tamarit et al. 2024);s__Candidatus Asgardarchaeum abyssi	230	2635050	11	44	assembly from type material	2634820	0	JBECUL000000000.1	2782	189	5485	1	none	none	none	none	none	none	397	JBECUL010000110.1	368	590	5.82e-167	95.652	AB175574.1.978	Archaea;Incertae Sedis;Incertae Sedis;Incertae Sedis;Incertae Sedis;Incertae Sedis;uncultured archaeon	230	19	44	0
GB_GCA_038824485.1	Archaea	Asgardarchaeota	Jordiarchaeia	Jordiarchaeales	Freyrarchaeaceae	DTBI01	DTBI01 sp038889235	0	94.14	2.55	General	98.13	2.34	149	k__Archaea (UID2)	107	0.0	1838245	86.12664927183954	31	1029910	48.27586206896552	2134351	GB_GCA_038889235.1	f	d__Archaea;p__Asgardarchaeota;c__Jordiarchaeia;o__Jordiarchaeales;f__Freyrarchaeaceae;g__DTBI01;s__DTBI01 sp038889235	not type material	none	f	5	3	473607	554382	554382	1	3064	JAWBBM010000001.1	none	0	none	none	2923	2510	0	82.586	KX764886.1.3038	Archaea;Incertae Sedis;Incertae Sedis;Incertae Sedis;Incertae Sedis;Incertae Sedis;uncultured archaeon	68818	106717	f	f	t	162458	290058	Scaffold	ASM3882448v1	na	PRJNA544494	SAMN36038726	31	162458	none	2024-04-30	GCA_038824485.1	derived from metagenome	full	GMQP_201705_bins_20	none	none	0	0	Candidatus Jordarchaeales archaeon	none	na	2	20	3	290058	186920	58340	2024-04-30	11	3058035	1	GMQP_201705_bins_20	The University of Texas at Austin	3058035	d__Archaea;p__;c__Candidatus Jordarchaeia;o__Candidatus Jordarchaeales;f__;g__;s__	d__Archaea;x__Promethearchaeati;x__Promethearchaeati incertae sedis;c__Candidatus Jordarchaeia;o__Candidatus Jordarchaeales;x__unclassified Candidatus Jordarchaeales;s__Candidatus Jordarchaeales archaeon	966	2134351	11	46	na	2133385	0	JAWBBM000000000.1	2158	20	54200	1	none	none	none	none	none	none	1494	JAWBBM010000009.1	1369	1605	0	88.093	JF935161.1.1360	Archaea;Thermoproteota;Bathyarchaeia;Incertae Sedis;Incertae Sedis;Incertae Sedis;uncultured crenarchaeote	966	18	44	0
GB_GCA_019058315.1	Archaea	Asgardarchaeota	Lokiarchaeia	Helarchaeales	RDOG01	JABXJV01	JABXJV01 sp019058315	0	94.29	6.61	General	95.33	4.74	149	k__Archaea (UID2)	107	0.0	5178590	89.36914779020351	22	1766637	30.49287438600416	5794606	GB_GCA_019058315.1	t	d__Archaea;p__Asgardarchaeota;c__Lokiarchaeia;o__Helarchaeales;f__RDOG01;g__JABXJV01;s__JABXJV01 sp019058315	not type material	none	f	5	3	877809	1484684	1403725	1	3137	JAHPZH010000002.1	none	0	none	none	2153	1378	0	78.634	KX764886.1.3038	Archaea;Incertae Sedis;Incertae Sedis;Incertae Sedis;Incertae Sedis;Incertae Sedis;uncultured archaeon	263345	482883	f	f	t	525816	843982	Scaffold	ASM1905831v1	na	PRJNA678545	SAMN19664030	22	525816	Australia: Lake Weyba; Sunshine Coast	2021-06-29	GCA_019058315.1	derived from metagenome	full	LW55_61	Saline water lake sediment	26.44 S 153.06 E	0	none	Candidatus Helarchaeota archaeon	none	na	none	12	3	843982	384600	275544	2021-06-29	10	2719382	none	LW55_61	The University of Queensland	2719382	d__Archaea;p__Candidatus Helarchaeota;c__;o__;f__;g__;s__	d__Archaea;x__Promethearchaeati;p__Candidatus Helarchaeota;x__unclassified Candidatus Helarchaeota;s__Candidatus Helarchaeota archaeon	1000	5794606	none	none	na	5793606	0	JAHPZH000000000.1	5121	12	31445	1	none	none	none	none	none	none	897	JAHPZH010000011.1	909	582	2.29e-164	78.768	GQ848431.1.941	Archaea;Asgardarchaeota;Lokiarchaeia;Odinarchaeales;Incertae Sedis;LCB-4;uncultured archaeon	1000	19	63	1
GB_GCA_964409945.1	Archaea	Asgardarchaeota	Lokiarchaeia	Sigyniarchaeales	SOKP01	Loki-b32	Loki-b32 sp964409945	0	100.0	5.32	General	85.39	6.07	149	k__Archaea (UID2)	107	12.5	3596410	86.6639276019408	219	1231530	29.689801566541867	4149835	GB_GCA_964409945.1	t	d__Archaea;p__Asgardarchaeota;c__Lokiarchaeia;o__Sigyniarchaeales;f__SOKP01;g__Loki-b32;s__Loki-b32 sp964409945	not type material	none	f	33	29	155623	185340	none	0	none	none	none	0	none	none	none	none	none	none	none	none	18940	21956	f	f	t	33077	36521	Scaffold	SRP185410_co2_266	na	PRJEB82487	SAMEA117290242	219	33077	none	2025-01-13	GCA_964409945.1	derived from metagenome	full	SRP185410_co2_266	none	none	0	none	uncultured archaeon	none	na	none	189	29	36521	20881	10978	2025-01-13	30	115547	none	SRP185410_co2_266	Centre for Microbiome Research	115547	d__Archaea;p__;c__;o__;f__;g__;s__	d__Archaea;x__environmental samples;s__uncultured archaeon	1845	4149835	none	none	na	4147990	0	CAYPFJ000000000.1	4076	189	none	0	none	none	none	none	none	none	none	none	none	none	none	none	none	none	1845	16	40	0
GB_GCA_038863965.1	Archaea	Asgardarchaeota	Jordiarchaeia	Jordiarchaeales	Freyrarchaeaceae	DTBI01	DTBI01 sp019057715	0	88.74	2.89	General	92.52	0.47	149	k__Archaea (UID2)	107	0.0	1731195	85.61511562178701	225	962064	47.584928748535326	2022067	GB_GCA_038858525.1	f	d__Archaea;p__Asgardarchaeota;c__Jordiarchaeia;o__Jordiarchaeales;f__Freyrarchaeaceae;g__DTBI01;s__DTBI01 sp019057715	not type material	none	f	55	49	41676	52965	11704	1	3051	JAWCBJ010000053.1	none	0	none	none	2922	2473	0	82.375	KX764886.1.3038	Archaea;Incertae Sedis;Incertae Sedis;Incertae Sedis;Incertae Sedis;Incertae Sedis;uncultured archaeon	8985	10264	f	f	t	11562	12128	Scaffold	ASM3886396v1	na	PRJNA544494	SAMN36039399	225	11562	none	2024-04-30	GCA_038863965.1	derived from metagenome	full	JZ-1_201907_bins_72	none	none	0	0	Candidatus Jordarchaeales archaeon	none	na	2	197	49	12128	8179	5180	2024-04-30	28	3058035	1	JZ-1_201907_bins_72	The University of Texas at Austin	3058035	d__Archaea;p__;c__Candidatus Jordarchaeia;o__Candidatus Jordarchaeales;f__;g__;s__	d__Archaea;x__Promethearchaeati;x__Promethearchaeati incertae sedis;c__Candidatus Jordarchaeia;o__Candidatus Jordarchaeales;x__unclassified Candidatus Jordarchaeales;s__Candidatus Jordarchaeales archaeon	284	2022067	11	36	na	2021783	0	JAWCBJ000000000.1	2179	197	25033	1	none	none	none	none	none	none	1493	JAWCBJ010000012.1	1370	1592	0	87.956	JF935161.1.1360	Archaea;Thermoproteota;Bathyarchaeia;Incertae Sedis;Incertae Sedis;Incertae Sedis;uncultured crenarchaeote	284	15	35	0
GB_GCA_030668875.1	Archaea	Asgardarchaeota	Heimdallarchaeia	Heimdallarchaeales	Heimdallarchaeaceae	UBA460	UBA460 sp030668875	0	92.34	4.43	General	92.95	3.27	149	k__Archaea (UID2)	107	0.0	2911815	90.1659598779338	99	1091091	33.78623550231545	3229395	GB_GCA_030668875.1	t	d__Archaea;p__Asgardarchaeota;c__Heimdallarchaeia;o__Heimdallarchaeales;f__Heimdallarchaeaceae;g__UBA460;s__UBA460 sp030668875	not type material	none	f	20	20	116485	116485	none	0	none	none	none	0	none	none	none	none	none	none	none	none	32620	32620	f	f	t	58529	58529	Contig	ASM3066887v1	na	PRJNA950938	SAMN34048791	99	58529	none	2023-08-07	GCA_030668875.1	derived from metagenome	full	CSMAG_1088	cold seep	none	0	none	Candidatus Heimdallarchaeota archaeon	none	na	none	none	none	none	none	none	2023-08-07	0	2026747	none	CSMAG_1088	Third Institute of Oceanography, Ministry of Natural Resources	2026747	d__Archaea;p__Candidatus Heimdallarchaeota;c__;o__;f__;g__;s__	d__Archaea;x__Promethearchaeati;p__Candidatus Heimdallarchaeota;x__unclassified Candidatus Heimdallarchaeota;s__Candidatus Heimdallarchaeota archaeon	0	3229395	none	none	na	3229395	0	DAOVER000000000.1	3046	99	none	0	none	none	none	none	none	none	none	none	none	none	none	none	none	none	0	19	45	0
GB_GCA_029856085.1	Archaea	Asgardarchaeota	Lokiarchaeia	Sigyniarchaeales	SOKP01	Loki-b32	Loki-b32 sp029856085	0	79.69	4.45	General	77.02	3.27	149	k__Archaea (UID2)	107	25.0	2852817	87.49617007181403	214	1006308	30.86356254629268	3260505	GB_GCA_029856085.1	t	d__Archaea;p__Asgardarchaeota;c__Lokiarchaeia;o__Sigyniarchaeales;f__SOKP01;g__Loki-b32;s__Loki-b32 sp029856085	not type material	none	f	55	55	86922	86922	none	0	none	none	none	0	none	none	none	none	none	none	none	none	15236	15236	f	f	t	19468	19468	Contig	ASM2985608v1	na	PRJNA417281	SAMN08011039	214	19468	Denmark: Aarhus Bay Station M5	2023-04-24	GCA_029856085.1	derived from metagenome	full	ABR03	marine sediment	56.1033 N 10.4578 E	0	none	Promethearchaeia archaeon	none	na	none	none	none	none	none	none	2023-04-24	0	3067280	none	ABR03	Uppsala University	3067280	d__Archaea;p__Promethearchaeota;c__Promethearchaeia;o__;f__;g__;s__	d__Archaea;x__Promethearchaeati;p__Promethearchaeota;c__Promethearchaeia;x__unclassified Promethearchaeia;s__Promethearchaeia archaeon	0	3260505	none	none	na	3260505	0	JAHQWI000000000.1	3249	214	31329	1	none	none	none	none	none	none	579	JAHQWI010000118.1	577	1027	0	98.787	JQ816551.1.1441	Archaea;Asgardarchaeota;Lokiarchaeia;Incertae Sedis;Incertae Sedis;Incertae Sedis;uncultured archaeon	0	16	28	1
GB_GCA_001940755.1	Archaea	Asgardarchaeota	Heimdallarchaeia	Heimdallarchaeales	Heimdallarchaeaceae	UBA460	UBA460 sp001940755	0	86.46	1.85	General	79.37	2.34	149	k__Archaea (UID2)	107	0.0	2076561	91.12959639090882	225	760106	33.35714818601916	2278690	GB_GCA_001940755.1	t	d__Archaea;p__Asgardarchaeota;c__Heimdallarchaeia;o__Heimdallarchaeales;f__Heimdallarchaeaceae;g__UBA460;s__UBA460 sp001940755	not type material	none	f	67	67	40319	40319	3299	1	2541	MEHH01000225.1	none	0	none	none	2541	4693	0	100	MEHH01000225.593.3133	Archaea;Asgardarchaeota;Incertae Sedis;Incertae Sedis;Incertae Sedis;Incertae Sedis;Candidatus Heimdallarchaeota archaeon AB_125	10127	10127	f	f	t	10774	10774	Contig	ASM194075v1	na	PRJNA319486	SAMN04924818	225	10774	Denmark: Aarhus Bay; Baltic Sea	2017-01-10	GCA_001940755.1	derived from metagenome	full	AB_125	Marine sediment	56.103333 N 10.45783299 E	0	0	Candidatus Heimdallarchaeota archaeon AB_125	2348	na	2	none	none	none	none	none	2017-01-10	0	1841596	1	AB_125	Uppsala University	1841596	d__Archaea;p__Candidatus Heimdallarchaeota;c__;o__;f__;g__;s__	d__Archaea;x__Promethearchaeati;p__Candidatus Heimdallarchaeota;x__unclassified Candidatus Heimdallarchaeota;s__Candidatus Heimdallarchaeota archaeon AB_125	0	2278690	11	33	na	2278690	0	MEHH00000000.1	2365	225	14619	1	none	none	none	none	none	none	1450	MEHH01000036.1	1450	2678	0	100	MEHH01000036.3025.4474	Archaea;Asgardarchaeota;Heimdallarchaeia;Incertae Sedis;Incertae Sedis;AB_125;Candidatus Heimdallarchaeota archaeon AB_125	0	15	34	0
GB_GCA_038817605.1	Archaea	Asgardarchaeota	Njordarchaeia	Njordarchaeales	Panguiarchaeaceae	Panguiarchaeum	Panguiarchaeum symbiosum	0	76.63	0.8	General	80.15	0.0	149	k__Archaea (UID2)	107	0.0	1040643	90.25125514829786	47	462097	40.076024390941946	1153051	GB_GCA_024720975.1	f	d__Archaea;p__Asgardarchaeota;c__Njordarchaeia;o__Njordarchaeales;f__Panguiarchaeaceae;g__Panguiarchaeum;s__Panguiarchaeum symbiosum	not type material	none	f	11	11	74458	74458	none	0	none	none	none	0	none	none	none	none	none	none	none	none	24533	24533	f	f	t	38507	38507	Contig	ASM3881760v1	na	PRJNA544494	SAMN36038526	47	38507	none	2024-04-30	GCA_038817605.1	derived from metagenome	full	ZZQ_201803_bins_82	none	none	0	0	Thermoproteota archaeon	none	na	1	none	none	none	none	none	2024-04-30	0	2056631	1	ZZQ_201803_bins_82	The University of Texas at Austin	2056631	d__Archaea;p__Thermoproteota;c__;o__;f__;g__;s__	d__Archaea;x__Thermoproteati;p__Thermoproteota;x__unclassified Thermoproteota;s__Thermoproteota archaeon	0	1153051	11	44	na	1153051	0	JAWAZM000000000.1	1145	47	none	0	none	none	none	none	none	none	none	none	none	none	none	none	none	none	0	18	44	0
GB_GCA_029855925.1	Archaea	Asgardarchaeota	Thorarchaeia	Thorarchaeales	Thorarchaeaceae	B65-G9	B65-G9 sp029855925	0	74.67	1.59	General	76.5	3.27	149	k__Archaea (UID2)	107	0.0	2006675	90.52320692616946	477	1116769	50.3786170036161	2216752	GB_GCA_029855925.1	t	d__Archaea;p__Asgardarchaeota;c__Thorarchaeia;o__Thorarchaeales;f__Thorarchaeaceae;g__B65-G9;s__B65-G9 sp029855925	not type material	none	f	122	122	31430	31430	none	0	none	none	none	0	none	none	none	none	none	none	none	none	4647	4647	f	f	t	5396	5396	Contig	ASM2985592v1	na	PRJNA495050	SAMN18742759	477	5396	Pacific Ocean: Lau Basin	2023-04-24	GCA_029855925.1	derived from metagenome	full	A399	hydrothermal vent deposit	21.4492 S 176.2599 W	0	none	Candidatus Thorarchaeota archaeon	none	na	none	none	none	none	none	none	2023-04-24	0	2053491	none	A399	Portland State University	2053491	d__Archaea;p__Candidatus Thorarchaeota;c__;o__;f__;g__;s__	d__Archaea;x__Promethearchaeati;p__Candidatus Thorarchaeota;x__unclassified Candidatus Thorarchaeota;s__Candidatus Thorarchaeota archaeon	0	2216752	none	none	na	2216752	0	JAGSHP000000000.1	2426	477	none	0	none	none	none	none	none	none	none	none	none	none	none	none	none	none	0	18	35	1
GB_GCA_030615145.1	Archaea	Asgardarchaeota	Lokiarchaeia	Sigyniarchaeales	SOKP01	SOKP01	SOKP01 sp030615145	0	84.93	6.43	General	77.1	1.4	149	k__Archaea (UID2)	107	0.0	2512009	87.01831361745127	236	908311	31.46473259458098	2886759	GB_GCA_030615145.1	t	d__Archaea;p__Asgardarchaeota;c__Lokiarchaeia;o__Sigyniarchaeales;f__SOKP01;g__SOKP01;s__SOKP01 sp030615145	not type material	none	f	73	73	36839	36839	none	0	none	none	none	0	none	none	none	none	none	none	none	none	12232	12232	f	f	t	13664	13664	Contig	ASM3061514v1	na	PRJNA950938	SAMN34050936	236	13664	none	2023-08-03	GCA_030615145.1	derived from metagenome	full	CSMAG_2743	cold seep	none	0	none	Promethearchaeota archaeon	none	na	none	none	none	none	none	none	2023-08-03	0	2053489	none	CSMAG_2743	Third Institute of Oceanography, Ministry of Natural Resources	2053489	d__Archaea;p__Promethearchaeota;c__;o__;f__;g__;s__	d__Archaea;x__Promethearchaeati;p__Promethearchaeota;x__unclassified Promethearchaeota;s__Promethearchaeota archaeon	0	2886759	none	none	na	2886759	0	JAUWZT000000000.1	2959	236	none	0	none	none	none	none	none	none	none	none	none	none	none	none	none	none	0	15	30	0
GB_GCA_965372995.1	Archaea	Asgardarchaeota	Lokiarchaeia	Sigyniarchaeales	SOKP01	SOKP01	SOKP01 sp030612905	0	96.52	2.22	General	82.24	3.27	149	k__Archaea (UID2)	107	25.0	3201088	88.10487522259562	439	1149911	31.64947829365833	3633270	GB_GCA_030612905.1	f	d__Archaea;p__Asgardarchaeota;c__Lokiarchaeia;o__Sigyniarchaeales;f__SOKP01;g__SOKP01;s__SOKP01 sp030612905	not type material	none	f	99	99	77138	77138	14417	1	3025	CBDVEK010000062.1	none	0	none	none	3058	3919	0	90.059	JYIM01000373.485.3826	Archaea;Asgardarchaeota;Incertae Sedis;Incertae Sedis;Incertae Sedis;Incertae Sedis;Lokiarchaeum sp. GC14_75	8276	8276	f	f	t	11378	11378	Contig	SRR22302358_concoct_32	na	PRJEB87526	SAMEA118545648	439	11378	none	2025-07-03	GCA_965372995.1	derived from metagenome	full	SRR22302358_concoct_32	none	none	0	none	uncultured archaeon	none	na	none	none	none	none	none	none	2025-07-03	0	115547	none	SRR22302358_concoct_32	EMG	115547	d__Archaea;p__;c__;o__;f__;g__;s__	d__Archaea;x__environmental samples;s__uncultured archaeon	0	3633270	none	none	na	3633270	0	CBDVEK000000000.1	3710	439	49956	1	none	none	none	none	none	none	1490	CBDVEK010000002.1	1456	2645	0	99.451	HQ700683.1.1459	Archaea;Asgardarchaeota;Lokiarchaeia;Incertae Sedis;Incertae Sedis;Incertae Sedis;uncultured crenarchaeote	0	16	35	0
GB_GCA_018238155.1	Archaea	Asgardarchaeota	Heimdallarchaeia	JABLTI01	JABLTI01	JABLTI01	JABLTI01 sp018238155	0	90.71	5.94	General	94.39	7.94	149	k__Archaea (UID2)	107	0.0	3551857	87.05542531302122	46	1337771	32.78854508400133	4079995	GB_GCA_018238155.1	t	d__Archaea;p__Asgardarchaeota;c__Heimdallarchaeia;o__JABLTI01;f__JABLTI01;g__JABLTI01;s__JABLTI01 sp018238155	not type material	none	f	8	8	461240	461240	136836	1	2787	JABCTZ010000006.1	none	0	none	none	2207	545	8.48e-153	72.225	KP308663.317302.320369	Archaea;Thermoproteota;Bathyarchaeia;Incertae Sedis;Incertae Sedis;Incertae Sedis;uncultured archaeon	88695	88695	f	f	t	180948	180948	Contig	ASM1823815v1	na	PRJNA628571	SAMN14734393	46	180948	China: Haima cold seep	2021-05-03	GCA_018238155.1	derived from metagenome	full	HM7_B34	cold seep	none	0	none	Candidatus Heimdallarchaeota archaeon	none	na	none	none	none	none	none	none	2021-05-03	0	2026747	none	HM7_B34	Institute of Deep-sea Science and Engineering, Chinese Academy of Sciences	2026747	d__Archaea;p__Candidatus Heimdallarchaeota;c__;o__;f__;g__;s__	d__Archaea;x__Promethearchaeati;p__Candidatus Heimdallarchaeota;x__unclassified Candidatus Heimdallarchaeota;s__Candidatus Heimdallarchaeota archaeon	0	4079995	none	none	na	4079995	0	JABCTZ000000000.1	3724	46	136836	1	none	none	none	none	none	none	1488	JABCTZ010000006.1	1407	2479	0	98.507	DQ522940.1.1403	Archaea;Asgardarchaeota;Heimdallarchaeia;Incertae Sedis;Incertae Sedis;LC_3;uncultured archaeon	0	18	45	0
GB_GCA_048939595.1	Archaea	Asgardarchaeota	Hermodarchaeia	Hermodarchaeales	Hermodarchaeaceae	Hermodarchaeum	Hermodarchaeum sp048939595	0	84.47	4.85	General	90.19	1.01	149	k__Archaea (UID2)	107	100.0	2086725	89.17712046865398	175	1045231	44.68368803058168	2339978	GB_GCA_048939595.1	t	d__Archaea;p__Asgardarchaeota;c__Hermodarchaeia;o__Hermodarchaeales;f__Hermodarchaeaceae;g__Hermodarchaeum;s__Hermodarchaeum sp048939595	not type material	none	f	31	31	83558	83558	none	0	none	none	35168	1	109	JBHLPI010000014.1	none	none	none	none	none	none	13366	14011	f	f	t	20060	20060	Scaffold	ASM4893959v1	na	PRJNA1162170	SAMN43852916	175	20060	none	2025-03-25	GCA_048939595.1	derived from metagenome	full	H2M.163	none	none	0	0	Promethearchaeota archaeon	none	na	2	167	31	20060	10816	6003	2025-03-25	8	2053489	1	H2M.163	East china normal University	2053489	d__Archaea;p__Promethearchaeota;c__;o__;f__;g__;s__	d__Archaea;x__Promethearchaeati;p__Promethearchaeota;x__unclassified Promethearchaeota;s__Promethearchaeota archaeon	800	2339978	11	32	na	2339178	0	JBHLPI000000000.1	2425	167	4687	1	none	none	none	none	none	none	543	JBHLPI010000137.1	542	902	0	96.679	JQ989578.1.1448	Archaea;Asgardarchaeota;Lokiarchaeia;Odinarchaeales;Incertae Sedis;LCB-4;uncultured archaeon	800	17	30	0
GB_GCA_964629395.1	Archaea	Asgardarchaeota	Lokiarchaeia	Sigyniarchaeales	SOKP01	CAZVTX01	CAZVTX01 sp964629395	0	89.71	4.7	General	87.38	1.17	149	k__Archaea (UID2)	107	33.33	3206669	89.46507642144047	467	1047046	29.24571437828773	3584269	GB_GCA_964629395.1	t	d__Archaea;p__Asgardarchaeota;c__Lokiarchaeia;o__Sigyniarchaeales;f__SOKP01;g__CAZVTX01;s__CAZVTX01 sp964629395	not type material	none	f	119	107	32157	36591	none	0	none	none	none	0	none	none	none	none	none	none	none	none	7666	8595	f	f	t	9565	10396	Scaffold	binchicken_co19_533	na	PRJEB82487	SAMEA117364461	467	9565	none	2025-01-12	GCA_964629395.1	derived from metagenome	full	binchicken_co19_533	none	none	0	none	uncultured archaeon	none	na	none	417	107	10396	6777	4403	2025-01-12	50	115547	none	binchicken_co19_533	Centre for Microbiome Research	115547	d__Archaea;p__;c__;o__;f__;g__;s__	d__Archaea;x__environmental samples;s__uncultured archaeon	4100	3584269	none	none	na	3580169	0	CAZVTX000000000.1	3636	417	6461	1	none	none	none	none	none	none	798	CAZVTX010000229.1	799	1153	0	92.866	GQ994132.1.963	Archaea;Thermoproteota;Bathyarchaeia;Incertae Sedis;Incertae Sedis;Incertae Sedis;uncultured archaeon	4100	17	38	1
GB_GCA_008080745.1	Archaea	Asgardarchaeota	Thorarchaeia	Thorarchaeales	Thorarchaeaceae	SHMX01	SHMX01 sp008080745	0	97.98	4.79	General	92.99	3.74	149	k__Archaea (UID2)	107	0.0	2867303	90.68058916230046	19	1303607	41.22754058294468	3161981	GB_GCA_008080745.1	t	d__Archaea;p__Asgardarchaeota;c__Thorarchaeia;o__Thorarchaeales;f__Thorarchaeaceae;g__SHMX01;s__SHMX01 sp008080745	not type material	none	f	3	3	668889	668889	74380	1	3078	SHMX01000009.1	none	0	none	none	863	235	2.3e-59	72.422	MTMB01000003.340440.343536	Archaea;Thermoproteota;Nitrososphaeria;Caldarchaeales;Geothermarchaeaceae;Incertae Sedis;Candidatus Geothermarchaeota archaeon JdFR-14	166420	166420	f	f	t	548263	548263	Contig	ASM808074v1	na	PRJNA521734	SAMN10909898	19	548263	Mexico: Baja; California	2019-08-23	GCA_008080745.1	derived from metagenome	full	BC	marine sediment	30.213 N 114.663 W	0	0	Candidatus Thorarchaeota archaeon	none	na	2	none	none	none	none	none	2019-08-23	0	2053491	1	BC	University of Vienna	2053491	d__Archaea;p__Candidatus Thorarchaeota;c__;o__;f__;g__;s__	d__Archaea;x__Promethearchaeati;p__Candidatus Thorarchaeota;x__unclassified Candidatus Thorarchaeota;s__Candidatus Thorarchaeota archaeon	0	3161981	11	25	na	3161981	0	SHMX00000000.1	2922	19	592382	2	none	none	none	none	none	none	903	SHMX01000002.1	374	185	7.59e-45	76.203	DQ228515.1.1464	Archaea;Asgardarchaeota;Lokiarchaeia;Odinarchaeales;Incertae Sedis;LCB-4;uncultured archaeon	0	18	45	1
GB_GCA_048939725.1	Archaea	Asgardarchaeota	Heimdallarchaeia	Hodarchaeales	Hodarchaeaceae	Hodarchaeum	Hodarchaeum sp048939725	0	95.97	7.31	General	93.46	4.67	149	k__Archaea (UID2)	107	0.0	4053529	88.89516826911479	510	1648166	36.14879521269712	4559898	GB_GCA_048939725.1	t	d__Archaea;p__Asgardarchaeota;c__Heimdallarchaeia;o__Hodarchaeales;f__Hodarchaeaceae;g__Hodarchaeum;s__Hodarchaeum sp048939725	not type material	none	f	95	92	111203	123594	none	0	none	none	none	0	none	none	none	none	none	none	none	none	8939	9539	f	f	t	13325	13845	Scaffold	ASM4893972v1	na	PRJNA1162170	SAMN43852914	510	13325	none	2025-03-25	GCA_048939725.1	derived from metagenome	full	DZ3S.51	none	none	0	0	Promethearchaeota archaeon	none	na	1	478	92	13845	6680	4189	2025-03-25	32	2053489	1	DZ3S.51	East china normal University	2053489	d__Archaea;p__Promethearchaeota;c__;o__;f__;g__;s__	d__Archaea;x__Promethearchaeati;p__Promethearchaeota;x__unclassified Promethearchaeota;s__Promethearchaeota archaeon	504	4559898	11	46	na	4559394	0	JBHLPG000000000.1	4334	478	none	0	none	none	none	none	none	none	none	none	none	none	none	none	none	none	504	19	45	0
GB_GCA_964435435.1	Archaea	Asgardarchaeota	Lokiarchaeia	Sigyniarchaeales	SOKP01	Loki-b32	Loki-b32 sp964435435	0	93.22	5.15	General	85.9	5.14	149	k__Archaea (UID2)	107	0.0	3963070	85.8929917498237	322	1374109	29.801564219445304	4613962	GB_GCA_964435435.1	t	d__Archaea;p__Asgardarchaeota;c__Lokiarchaeia;o__Sigyniarchaeales;f__SOKP01;g__Loki-b32;s__Loki-b32 sp964435435	not type material	none	f	61	54	115236	115236	none	0	none	none	none	0	none	none	none	none	none	none	none	none	14319	15855	f	f	t	21540	23963	Scaffold	SRP239594_co1_24	na	PRJEB82487	SAMEA117125001	322	21540	none	2025-01-13	GCA_964435435.1	derived from metagenome	full	SRP239594_co1_24	none	none	0	none	uncultured archaeon	none	na	none	291	54	23963	14191	6661	2025-01-13	31	115547	none	SRP239594_co1_24	Centre for Microbiome Research	115547	d__Archaea;p__;c__;o__;f__;g__;s__	d__Archaea;x__environmental samples;s__uncultured archaeon	3100	4613962	none	none	na	4610862	0	CAYSZJ000000000.1	4580	291	none	0	none	none	none	none	none	none	none	none	none	none	none	none	none	none	3100	14	27	0
GB_GCA_011364905.1	Archaea	Asgardarchaeota	Thorarchaeia	Thorarchaeales	Thorarchaeaceae	SMTZ1-45	SMTZ1-45 sp011364905	24	80.77	4.55	General	82.78	3.27	149	k__Archaea (UID2)	107	0.0	2785344	90.4460795249196	103	1383988	44.97383760794302	3079563	GB_GCA_011364905.1	t	d__Archaea;p__Asgardarchaeota;c__Thorarchaeia;o__Thorarchaeales;f__Thorarchaeaceae;g__SMTZ1-45;s__SMTZ1-45 sp011364905	not type material	none	f	19	17	194802	194802	none	0	none	none	none	0	none	none	none	none	none	none	none	none	29877	32416	f	f	t	48571	53238	Scaffold	ASM1136490v1	na	PRJNA495098	SAMN10218968	103	48571	China: Xinying Bay; Danzhou	2020-03-16	GCA_011364905.1	derived from metagenome	full	DZG_bin1.115	Danzhou intertidal mangrove sediment	19.7410 N 109.2727 E	0	0	Candidatus Thorarchaeota archaeon	none	na	1	95	17	53238	29654	13267	2020-03-16	8	2053491	1	DZG_bin1.115	Shenzhen University	2053491	d__Archaea;p__Candidatus Thorarchaeota;c__;o__;f__;g__;s__	d__Archaea;x__Promethearchaeati;p__Candidatus Thorarchaeota;x__unclassified Candidatus Thorarchaeota;s__Candidatus Thorarchaeota archaeon	2221	3079563	11	34	na	3077342	0	RDNZ00000000.1	3017	95	36268	1	none	none	none	none	none	none	1501	RDNZ01000028.1	1017	688	0	79.154	MTLX01000005.1443.2912	Archaea;Thermoproteota;Bathyarchaeia;Incertae Sedis;Incertae Sedis;Incertae Sedis;Candidatus Bathyarchaeota archaeon JdFR-10	2221	16	39	0
GB_GCA_048941715.1	Archaea	Asgardarchaeota	Hermodarchaeia	Hermodarchaeales	Hermodarchaeaceae	Hermodarchaeum	Hermodarchaeum sp048938295	0	90.44	4.58	General	89.58	1.87	149	k__Archaea (UID2)	107	0.0	2197715	89.31150512246366	128	1126020	45.77447325736912	2460730	GB_GCA_048938295.1	f	d__Archaea;p__Asgardarchaeota;c__Hermodarchaeia;o__Hermodarchaeales;f__Hermodarchaeaceae;g__Hermodarchaeum;s__Hermodarchaeum sp048938295	not type material	none	f	23	23	200806	200806	53508	1	2512	JBHLNI010000007.1	15382	1	110	JBHLNI010000055.1	1311	665	0	76.278	JRER01003300.2.2687	Archaea;Thermoproteota;Bathyarchaeia;Incertae Sedis;Incertae Sedis;Incertae Sedis;marine sediment metagenome	19218	20506	f	f	t	27668	29044	Scaffold	ASM4894171v1	na	PRJNA1162170	SAMN43852864	128	27668	none	2025-03-25	GCA_048941715.1	derived from metagenome	full	DZ2S.240	none	none	0	0	Promethearchaeota archaeon	none	na	4	120	23	29044	17584	9856	2025-03-25	8	2053489	1	DZ2S.240	East china normal University	2053489	d__Archaea;p__Promethearchaeota;c__;o__;f__;g__;s__	d__Archaea;x__Promethearchaeati;p__Promethearchaeota;x__unclassified Promethearchaeota;s__Promethearchaeota archaeon	800	2460730	11	44	na	2459930	0	JBHLNI000000000.1	2521	120	10698	1	none	none	none	none	none	none	778	JBHLNI010000071.1	776	1277	0	96.392	JQ258219.1.1034	Archaea;Asgardarchaeota;Lokiarchaeia;Odinarchaeales;Incertae Sedis;LCB-4;uncultured archaeon	800	19	42	0
GB_GCA_048939765.1	Archaea	Asgardarchaeota	Thorarchaeia	Thorarchaeales	Thorarchaeaceae	SMTZ1-83	SMTZ1-83 sp048939765	0	88.54	4.3	General	92.06	4.67	149	k__Archaea (UID2)	107	0.0	3022334	89.78604940776573	165	1579555	47.00425627393466	3366151	GB_GCA_048939765.1	t	d__Archaea;p__Asgardarchaeota;c__Thorarchaeia;o__Thorarchaeales;f__Thorarchaeaceae;g__SMTZ1-83;s__SMTZ1-83 sp048939765	not type material	none	f	23	19	125728	127759	41073	1	3059	JBHLPF010000034.1	none	0	none	none	1510	320	6.14e-85	71.325	CP006867.388300.391334	Archaea;Thermoproteota;Thermoproteia;Desulfurococcales;Ignicoccaceae;Ignicoccus;Ignicoccus islandicus DSM 13165	20366	31168	f	f	t	44746	74843	Scaffold	ASM4893976v1	na	PRJNA1162170	SAMN43852913	165	44746	none	2025-03-25	GCA_048939765.1	derived from metagenome	full	DZ3S.43	none	none	0	0	Promethearchaeota archaeon	none	na	3	108	19	74843	37531	13257	2025-03-25	57	2053489	1	DZ3S.43	East china normal University	2053489	d__Archaea;p__Promethearchaeota;c__;o__;f__;g__;s__	d__Archaea;x__Promethearchaeati;p__Promethearchaeota;x__unclassified Promethearchaeota;s__Promethearchaeota archaeon	5700	3366151	11	38	na	3360451	0	JBHLPF000000000.1	3220	108	71742	1	none	none	none	none	none	none	1501	JBHLPF010000020.1	944	765	0	81.674	AB019721.1.1425	Archaea;Asgardarchaeota;Lokiarchaeia;Incertae Sedis;Incertae Sedis;Incertae Sedis;unidentified archaeon	5700	17	40	0
GB_GCA_964610875.1	Archaea	Asgardarchaeota	Thorarchaeia	Thorarchaeales	Thorarchaeaceae	CAZSWP01	CAZSWP01 sp964610875	0	95.04	5.78	General	95.79	5.14	149	k__Archaea (UID2)	107	0.0	3356563	89.40668530502916	159	1527681	40.697766110543085	3754264	GB_GCA_964610875.1	t	d__Archaea;p__Asgardarchaeota;c__Thorarchaeia;o__Thorarchaeales;f__Thorarchaeaceae;g__CAZSWP01;s__CAZSWP01 sp964610875	not type material	none	f	23	20	166160	166160	none	0	none	none	69729	1	144	CAZSWP010000016.1	none	none	none	none	none	none	23608	30276	f	f	t	49695	63673	Scaffold	SRP141376_co1_380	na	PRJEB82487	SAMEA117288496	159	49695	none	2025-01-12	GCA_964610875.1	derived from metagenome	full	SRP141376_co1_380	none	none	0	none	uncultured archaeon	none	na	none	124	20	63673	33395	13489	2025-01-12	35	115547	none	SRP141376_co1_380	Centre for Microbiome Research	115547	d__Archaea;p__;c__;o__;f__;g__;s__	d__Archaea;x__environmental samples;s__uncultured archaeon	542	3754264	none	none	na	3753722	0	CAZSWP000000000.1	3667	124	58036	1	none	none	none	none	none	none	504	CAZSWP010000025.1	198	110	2.56e-22	77.273	JX000736.1.1412	Archaea;Asgardarchaeota;Heimdallarchaeia;Incertae Sedis;Incertae Sedis;AB_125;uncultured archaeon	542	17	42	1
GB_GCA_035528035.1	Archaea	Asgardarchaeota	Heimdallarchaeia	JABLTI01	JABLTI01	JABLTI01	JABLTI01 sp035528035	0	86.43	6.73	General	93.46	7.01	149	k__Archaea (UID2)	107	0.0	3310556	88.44590838061902	61	1177816	31.46692157608183	3743029	GB_GCA_035528035.1	t	d__Archaea;p__Asgardarchaeota;c__Heimdallarchaeia;o__JABLTI01;f__JABLTI01;g__JABLTI01;s__JABLTI01 sp035528035	not type material	none	f	10	10	447409	447409	80577	1	2540	DATKZI010000020.1	none	0	none	none	2175	420	4.88e-115	71.126	KP308663.317302.320369	Archaea;Thermoproteota;Bathyarchaeia;Incertae Sedis;Incertae Sedis;Incertae Sedis;uncultured archaeon	61361	61361	f	f	t	115916	115916	Contig	ASM3552803v1	na	PRJNA983538	SAMN37938721	61	115916	none	2024-01-10	GCA_035528035.1	derived from metagenome	full	SMAG_U14241	none	none	0	0	Candidatus Bathyarchaeia archaeon	none	na	2	none	none	none	none	none	2024-01-10	0	3045160	1	SMAG_U14241	Zhejiang University	3045160	d__Archaea;p__Candidatus Bathyarchaeota;c__Candidatus Bathyarchaeia;o__;f__;g__;s__	d__Archaea;x__Thermoproteati;p__Candidatus Bathyarchaeota;c__Candidatus Bathyarchaeia;x__unclassified Candidatus Bathyarchaeia;s__Candidatus Bathyarchaeia archaeon	0	3743029	11	40	na	3743029	0	DATKZI000000000.1	3488	61	72834	1	none	none	none	none	none	none	1489	DATKZI010000025.1	1458	2117	0	92.867	FR682492.1.1462	Archaea;Asgardarchaeota;Heimdallarchaeia;Incertae Sedis;Incertae Sedis;LC_3;uncultured archaeon	0	17	40	0
GB_GCA_048940605.1	Archaea	Asgardarchaeota	Lokiarchaeia	Sigyniarchaeales	SOKP01	Loki-b32	Loki-b32 sp048940605	0	84.62	3.12	General	74.45	0.93	149	k__Archaea (UID2)	107	0.0	3026859	86.92422938382583	289	1059842	30.505362116650897	3482181	GB_GCA_048940605.1	t	d__Archaea;p__Asgardarchaeota;c__Lokiarchaeia;o__Sigyniarchaeales;f__SOKP01;g__Loki-b32;s__Loki-b32 sp048940605	not type material	none	f	54	43	110903	110903	26084	1	1186	JBHLOJ010000039.1	none	0	none	none	1186	1840	0	94.688	JYIM01000373.485.3826	Archaea;Asgardarchaeota;Incertae Sedis;Incertae Sedis;Incertae Sedis;Incertae Sedis;Lokiarchaeum sp. GC14_75	12021	16581	f	f	t	19580	25613	Scaffold	ASM4894060v1	na	PRJNA1162170	SAMN43852891	289	19580	none	2025-03-25	GCA_048940605.1	derived from metagenome	full	DZ3M.322	none	none	0	0	Promethearchaeota archaeon	none	na	3	210	43	25613	14377	7544	2025-03-25	79	2053489	2	DZ3M.322	East china normal University	2053489	d__Archaea;p__Promethearchaeota;c__;o__;f__;g__;s__	d__Archaea;x__Promethearchaeati;p__Promethearchaeota;x__unclassified Promethearchaeota;s__Promethearchaeota archaeon	7900	3482181	11	28	na	3474281	0	JBHLOJ000000000.1	3165	210	none	0	none	none	none	none	none	none	none	none	none	none	none	none	none	none	7900	14	28	1
GB_GCA_048940185.1	Archaea	Asgardarchaeota	Lokiarchaeia	Sigyniarchaeales	SOKP01	SOKP01	SOKP01 sp048940645	0	82.15	4.11	General	70.79	2.41	149	k__Archaea (UID2)	107	25.0	3280967	88.2437251114421	276	1106366	29.76443299218687	3718074	GB_GCA_048940645.1	f	d__Archaea;p__Asgardarchaeota;c__Lokiarchaeia;o__Sigyniarchaeales;f__SOKP01;g__SOKP01;s__SOKP01 sp048940645	not type material	none	f	46	45	84446	84446	15213	1	2186	JBHLOU010000076.1	none	0	none	none	1932	2667	0	91.615	JYIM01000373.485.3826	Archaea;Asgardarchaeota;Incertae Sedis;Incertae Sedis;Incertae Sedis;Incertae Sedis;Lokiarchaeum sp. GC14_75	13467	13977	f	f	t	22930	23439	Scaffold	ASM4894018v1	na	PRJNA1162170	SAMN43852902	276	22930	none	2025-03-25	GCA_048940185.1	derived from metagenome	full	DZ3S.207	none	none	0	0	Promethearchaeota archaeon	none	na	1	266	45	23439	11216	5730	2025-03-25	10	2053489	0	DZ3S.207	East china normal University	2053489	d__Archaea;p__Promethearchaeota;c__;o__;f__;g__;s__	d__Archaea;x__Promethearchaeati;p__Promethearchaeota;x__unclassified Promethearchaeota;s__Promethearchaeota archaeon	1000	3718074	11	36	na	3717074	0	JBHLOU000000000.1	3662	266	none	0	none	none	none	none	none	none	none	none	none	none	none	none	none	none	1000	17	37	1
GB_GCA_016839545.1	Archaea	Asgardarchaeota	Heimdallarchaeia	Heimdallarchaeales	Kariarchaeaceae	Kariarchaeum	Kariarchaeum sp016839545	0	68.8	1.75	General	77.43	0.0	149	k__Archaea (UID2)	107	0.0	2646045	91.65350714182048	624	1273981	44.1280577926844	2887009	GB_GCA_016839545.1	t	d__Archaea;p__Asgardarchaeota;c__Heimdallarchaeia;o__Heimdallarchaeales;f__Kariarchaeaceae;g__Kariarchaeum;s__Kariarchaeum sp016839545	not type material	none	f	184	184	20814	20814	none	0	none	none	none	0	none	none	none	none	none	none	none	none	4626	4626	f	f	t	5246	5246	Contig	ASM1683954v1	na	PRJNA680430	SAMN16492246	624	5246	China: Futian Nature Reserve of Shenzhen	2021-02-09	GCA_016839545.1	derived from metagenome	full	FT_008	coastal marine sediment	22.530000 N 114.000000 E	0	none	Candidatus Kariarchaeota archaeon	none	na	none	none	none	none	none	none	2021-02-09	0	2799010	none	FT_008	Shenzhen Univeristy	2799010	d__Archaea;p__Candidatus Kariarchaeota;c__;o__;f__;g__;s__	d__Archaea;x__Promethearchaeati;p__Candidatus Kariarchaeota;x__unclassified Candidatus Kariarchaeota;s__Candidatus Kariarchaeota archaeon	0	2887009	none	none	na	2887009	0	JAEOUB000000000.1	3341	624	none	0	none	none	none	none	none	none	none	none	none	none	none	none	none	none	0	19	32	0
GB_GCA_964609885.1	Archaea	Asgardarchaeota	Thorarchaeia	Thorarchaeales	Thorarchaeaceae	B65-G9	B65-G9 sp964609885	0	66.21	1.78	General	78.09	4.21	149	k__Archaea (UID2)	107	16.67	1523775	91.23232112771178	373	908189	54.39840576359347	1670214	GB_GCA_964609885.1	t	d__Archaea;p__Asgardarchaeota;c__Thorarchaeia;o__Thorarchaeales;f__Thorarchaeaceae;g__B65-G9;s__B65-G9 sp964609885	not type material	none	f	100	94	17909	17909	none	0	none	none	none	0	none	none	none	none	none	none	none	none	4475	4799	f	f	t	5226	5746	Scaffold	SRP338002_co1_132	na	PRJEB82487	SAMEA117382333	373	5226	none	2025-01-07	GCA_964609885.1	derived from metagenome	full	SRP338002_co1_132	none	none	0	none	uncultured archaeon	none	na	none	348	94	5746	3596	2592	2025-01-07	25	115547	none	SRP338002_co1_132	Centre for Microbiome Research	115547	d__Archaea;p__;c__;o__;f__;g__;s__	d__Archaea;x__environmental samples;s__uncultured archaeon	700	1670214	none	none	na	1669514	0	CAZSTY000000000.1	1898	348	none	0	none	none	none	none	none	none	none	none	none	none	none	none	none	none	700	18	34	1
GB_GCA_001940705.1	Archaea	Asgardarchaeota	Thorarchaeia	Thorarchaeales	Thorarchaeaceae	SMTZ1-45	SMTZ1-45 sp001940705	0	85.23	5.7	General	90.12	3.19	149	k__Archaea (UID2)	107	33.33	2609172	91.3686321942364	264	1273014	44.57871997097688	2855654	GB_GCA_001940705.1	t	d__Archaea;p__Asgardarchaeota;c__Thorarchaeia;o__Thorarchaeales;f__Thorarchaeaceae;g__SMTZ1-45;s__SMTZ1-45 sp001940705	not type material	none	f	52	52	89304	89304	26908	1	1056	MEHG01000018.1	none	0	none	none	109	130	3.77e-28	88.073	DQ397549.30903.33889	Archaea;Thermoproteota;Nitrososphaeria;Nitrosopumilales;Nitrosopumilaceae;Incertae Sedis;Cenarchaeum symbiosum A	10816	10816	f	f	t	15359	15359	Contig	ASM194070v1	na	PRJNA319486	SAMN04924819	264	15359	Denmark: Aarhus Bay; Baltic Sea	2017-01-10	GCA_001940705.1	derived from metagenome	full	AB_25	Marine sediment	56.103333 N 10.45783299 E	0	0	Candidatus Thorarchaeota archaeon AB_25	2914	na	2	none	none	none	none	none	2017-01-10	0	1837170	1	AB_25	Uppsala University	1837170	d__Archaea;p__Candidatus Thorarchaeota;c__;o__;f__;g__;s__	d__Archaea;x__Promethearchaeati;p__Candidatus Thorarchaeota;x__unclassified Candidatus Thorarchaeota;s__Candidatus Thorarchaeota archaeon AB_25	0	2855654	11	33	na	2855654	0	MEHG00000000.1	2957	264	none	0	none	none	none	none	none	none	none	none	none	none	none	none	none	none	0	18	38	0
GB_GCA_964514425.1	Archaea	Asgardarchaeota	Heimdallarchaeia	Heimdallarchaeales	Heimdallarchaeaceae	CAZEQQ01	CAZEQQ01 sp964514425	0	91.14	5.76	General	91.59	5.14	149	k__Archaea (UID2)	107	0.0	2998519	89.14779293345072	778	1076915	32.03028870877411	3363537	GB_GCA_964514425.1	t	d__Archaea;p__Asgardarchaeota;c__Heimdallarchaeia;o__Heimdallarchaeales;f__Heimdallarchaeaceae;g__CAZEQQ01;s__CAZEQQ01 sp964514425	not type material	none	f	179	163	27178	27178	12768	1	2014	CAZEQQ010000033.1	none	0	none	none	2019	2492	0	89.054	MEHH01000225.593.3133	Archaea;Asgardarchaeota;Incertae Sedis;Incertae Sedis;Incertae Sedis;Incertae Sedis;Candidatus Heimdallarchaeota archaeon AB_125	4321	4770	f	f	t	5677	6177	Scaffold	SRP241326_co1_80	na	PRJEB82487	SAMEA117125023	778	5677	none	2025-01-11	GCA_964514425.1	derived from metagenome	full	SRP241326_co1_80	none	none	0	none	uncultured archaeon	none	na	none	705	163	6177	3446	2256	2025-01-11	73	115547	none	SRP241326_co1_80	Centre for Microbiome Research	115547	d__Archaea;p__;c__;o__;f__;g__;s__	d__Archaea;x__environmental samples;s__uncultured archaeon	1360	3363537	none	none	na	3362177	0	CAZEQQ000000000.1	3538	705	8628	1	none	none	none	none	none	none	1475	CAZEQQ010000095.1	1351	1672	0	89.119	AB797474.1.1410	Archaea;Asgardarchaeota;Heimdallarchaeia;Incertae Sedis;Incertae Sedis;AB_125;uncultured archaeon	1360	17	43	0
GB_GCA_964347205.1	Archaea	Asgardarchaeota	Hermodarchaeia	Hermodarchaeales	Hermodarchaeaceae	Hermodarchaeum	Hermodarchaeum sp964347205	0	78.26	3.75	General	89.83	2.8	149	k__Archaea (UID2)	107	0.0	2147965	86.21635680987859	653	1063382	42.8846008043116	2491366	GB_GCA_964347205.1	t	d__Archaea;p__Asgardarchaeota;c__Hermodarchaeia;o__Hermodarchaeales;f__Hermodarchaeaceae;g__Hermodarchaeum;s__Hermodarchaeum sp964347205	not type material	none	f	102	28	32155	87306	none	0	none	none	none	0	none	none	none	none	none	none	none	none	3797	15284	f	f	t	7002	27570	Scaffold	ERP108616_co2_125	na	PRJEB82487	SAMEA117294012	653	7002	none	2025-01-09	GCA_964347205.1	derived from metagenome	full	ERP108616_co2_125	none	none	0	none	uncultured archaeon	none	na	none	163	28	27570	15070	7058	2025-01-09	490	115547	none	ERP108616_co2_125	Centre for Microbiome Research	115547	d__Archaea;p__;c__;o__;f__;g__;s__	d__Archaea;x__environmental samples;s__uncultured archaeon	11730	2491366	none	none	na	2479636	0	CAYFXY000000000.1	2741	163	none	0	none	none	none	none	none	none	none	none	none	none	none	none	none	none	11730	16	32	0
GB_GCA_011525205.1	Archaea	Asgardarchaeota	Heimdallarchaeia	Heimdallarchaeales	Kariarchaeaceae	Kariarchaeum	Kariarchaeum pelagium	0	83.79	0.95	General	82.71	0.93	149	k__Archaea (UID2)	107	0.0	1188125	89.36663921263337	263	402781	30.41038592358539	1329495	GB_GCA_002728275.1	f	d__Archaea;p__Asgardarchaeota;c__Heimdallarchaeia;o__Heimdallarchaeales;f__Kariarchaeaceae;g__Kariarchaeum;s__Kariarchaeum pelagium	not type material	none	f	63	51	33199	49872	49872	1	2562	WTIN01000090.1	none	0	none	none	2369	4375	0	100	BCSF01007275.2.2427	Archaea;Asgardarchaeota;Incertae Sedis;Incertae Sedis;Incertae Sedis;Incertae Sedis;uncultured marine virus	5036	6271	f	f	t	6405	7818	Scaffold	ASM1152520v1	na	PRJNA594068	SAMN13494964	263	6405	Australia: Great Barrier Reef; Magnetic Island; Geoffrey Bay	2020-03-20	GCA_011525205.1	derived from metagenome	full	PL36323bin_28	coral reef seawater	19.9326 S 146.51861 E	0	none	Candidatus Heimdallarchaeota archaeon	none	na	none	212	51	7818	4706	3122	2020-03-20	51	2026747	none	PL36323bin_28	James Cook University	2026747	d__Archaea;p__Candidatus Heimdallarchaeota;c__;o__;f__;g__;s__	d__Archaea;x__Promethearchaeati;p__Candidatus Heimdallarchaeota;x__unclassified Candidatus Heimdallarchaeota;s__Candidatus Heimdallarchaeota archaeon	5010	1329495	none	none	na	1324485	0	WTIN00000000.1	1363	212	none	0	none	none	none	none	none	none	none	none	none	none	none	none	none	none	5010	18	33	0
GB_GCA_964354495.1	Archaea	Asgardarchaeota	Thorarchaeia	Thorarchaeales	Thorarchaeaceae	SMTZ1-45	SMTZ1-45 sp964354495	0	97.7	3.84	General	93.93	3.74	149	k__Archaea (UID2)	107	0.0	2938351	89.16571735841246	64	1572821	47.746868475041	3295382	GB_GCA_964354495.1	t	d__Archaea;p__Asgardarchaeota;c__Thorarchaeia;o__Thorarchaeales;f__Thorarchaeaceae;g__SMTZ1-45;s__SMTZ1-45 sp964354495	not type material	none	f	10	6	239153	678935	68938	1	3084	CAYHAA010000017.1	none	0	none	none	1206	366	7.85e-99	72.886	KX764886.1.3038	Archaea;Incertae Sedis;Incertae Sedis;Incertae Sedis;Incertae Sedis;Incertae Sedis;uncultured archaeon	51470	64615	f	f	t	111883	152816	Scaffold	ERP119294_co1_301	na	PRJEB82487	SAMEA117363126	64	111883	none	2025-01-11	GCA_964354495.1	derived from metagenome	full	ERP119294_co1_301	none	none	0	none	uncultured archaeon	none	na	none	51	6	152816	79391	31002	2025-01-11	13	115547	none	ERP119294_co1_301	Centre for Microbiome Research	115547	d__Archaea;p__;c__;o__;f__;g__;s__	d__Archaea;x__environmental samples;s__uncultured archaeon	1300	3295382	none	none	na	3294082	0	CAYHAA000000000.1	3145	51	78222	1	none	none	none	none	none	none	506	CAYHAA010000015.1	197	110	2.57e-22	77.157	EU731750.1.1237	Archaea;Asgardarchaeota;Lokiarchaeia;Incertae Sedis;Incertae Sedis;Incertae Sedis;uncultured crenarchaeote	1300	18	46	0
GB_GCA_027054495.1	Archaea	Asgardarchaeota	Heimdallarchaeia	Hodarchaeales	S146-22	S146-22	S146-22 sp015520535	0	85.48	5.29	General	81.7	3.27	149	k__Archaea (UID2)	107	0.0	3386011	87.29838418589493	1038	1432011	36.92906733674873	3878664	GB_GCA_015520535.1	f	d__Archaea;p__Asgardarchaeota;c__Heimdallarchaeia;o__Hodarchaeales;f__S146-22;g__S146-22;s__S146-22 sp015520535	not type material	none	f	219	207	22413	22413	1436	1	1006	JALUOM010000280.1	none	0	none	none	997	1423	0	92.477	BAYV01000108.420.3163	Bacteria;Pseudomonadota;Alphaproteobacteria;Kordiimonadales;Kordiimonadaceae;Q-1;alpha proteobacterium Q-1	3735	3990	f	f	t	5310	5614	Scaffold	ASM2705449v1	na	PRJNA821212	SAMN27359473	1038	5310	Pacific Ocean: Brothers volcano	2022-12-19	GCA_027054495.1	derived from metagenome	full	S146_maxbin2_scaf2bin.134	marine hydrothermal vent	none	0	none	Candidatus Heimdallarchaeota archaeon	none	na	none	972	207	5614	3191	1785	2022-12-19	66	2026747	none	S146_maxbin2_scaf2bin.134	Portland State University	2026747	d__Archaea;p__Candidatus Heimdallarchaeota;c__;o__;f__;g__;s__	d__Archaea;x__Promethearchaeati;p__Candidatus Heimdallarchaeota;x__unclassified Candidatus Heimdallarchaeota;s__Candidatus Heimdallarchaeota archaeon	930	3878664	none	none	na	3877734	0	JALUOM000000000.1	3883	972	none	0	none	none	none	none	none	none	none	none	none	none	none	none	none	none	930	19	43	0
GB_GCA_019058195.1	Archaea	Asgardarchaeota	Heimdallarchaeia	JABLTI01	JABLTI01	JABLTI01	JABLTI01 sp019058275	0	93.0	6.24	General	94.39	7.94	149	k__Archaea (UID2)	107	0.0	3842605	86.90001897387734	16	1434708	32.445737311530486	4421869	GB_GCA_019058275.1	f	d__Archaea;p__Asgardarchaeota;c__Heimdallarchaeia;o__JABLTI01;f__JABLTI01;g__JABLTI01;s__JABLTI01 sp019058275	not type material	none	f	1	1	2258244	2258244	2258244	1	3388	JAHLVY010000001.1	none	0	none	none	231	148	3.4e-33	78.788	JYIM01000373.485.3826	Archaea;Asgardarchaeota;Incertae Sedis;Incertae Sedis;Incertae Sedis;Incertae Sedis;Lokiarchaeum sp. GC14_75	276366	276366	f	f	t	2258244	2258244	Contig	ASM1905819v1	na	PRJNA678552	SAMN19663732	16	2258244	New Zealand: Hikurangi Subduction Margin	2021-06-29	GCA_019058195.1	derived from metagenome	full	12R2_1	sediment collected in IODP Expedition 375 from site U1519C; depth 280.17 mbsf	38.72 S 178.61 E	0	none	Candidatus Heimdallarchaeota archaeon	none	na	none	none	none	none	none	none	2021-06-29	0	2026747	none	12R2_1	The University of Queensland	2026747	d__Archaea;p__Candidatus Heimdallarchaeota;c__;o__;f__;g__;s__	d__Archaea;x__Promethearchaeati;p__Candidatus Heimdallarchaeota;x__unclassified Candidatus Heimdallarchaeota;s__Candidatus Heimdallarchaeota archaeon	0	4421869	none	none	na	4421869	0	JAHLVY000000000.1	4380	16	2258244	1	none	none	none	none	none	none	1519	JAHLVY010000001.1	1452	2604	0	99.036	AB797836.1.1452	Archaea;Asgardarchaeota;Lokiarchaeia;Odinarchaeales;Incertae Sedis;Incertae Sedis;uncultured archaeon	0	19	45	0
GB_GCA_048938895.1	Archaea	Asgardarchaeota	Lokiarchaeia	Sigyniarchaeales	SOKP01	Loki-b32	Loki-b32 sp048938895	0	98.74	7.49	General	90.81	5.37	149	k__Archaea (UID2)	107	0.0	4130223	88.8290872239484	206	1445768	31.115680450513715	4649629	GB_GCA_048938895.1	t	d__Archaea;p__Asgardarchaeota;c__Lokiarchaeia;o__Sigyniarchaeales;f__SOKP01;g__Loki-b32;s__Loki-b32 sp048938895	not type material	none	f	27	24	185936	185936	none	0	none	none	none	0	none	none	none	none	none	none	none	none	22555	26722	f	f	t	48613	65964	Scaffold	ASM4893889v1	na	PRJNA1162170	SAMN43852824	206	48613	none	2025-03-25	GCA_048938895.1	derived from metagenome	full	DZ1S.191	none	none	0	0	Promethearchaeota archaeon	none	na	1	174	24	65964	27436	11611	2025-03-25	32	2053489	1	DZ1S.191	East china normal University	2053489	d__Archaea;p__Promethearchaeota;c__;o__;f__;g__;s__	d__Archaea;x__Promethearchaeati;p__Promethearchaeota;x__unclassified Promethearchaeota;s__Promethearchaeota archaeon	3200	4649629	11	40	na	4646429	0	JBHLLU000000000.1	4344	174	none	0	none	none	none	none	none	none	none	none	none	none	none	none	none	none	3200	18	41	1
GB_GCA_035530895.1	Archaea	Asgardarchaeota	Lokiarchaeia	Sigyniarchaeales	SOKP01	SOKP01	SOKP01 sp035530895	0	86.67	2.38	General	79.28	1.87	149	k__Archaea (UID2)	107	0.0	2308889	87.29384391911869	179	843185	31.87890790113431	2644962	GB_GCA_035530895.1	t	d__Archaea;p__Asgardarchaeota;c__Lokiarchaeia;o__Sigyniarchaeales;f__SOKP01;g__SOKP01;s__SOKP01 sp035530895	not type material	none	f	45	45	62300	62300	none	0	none	none	none	0	none	none	none	none	none	none	none	none	14776	14776	f	f	t	20904	20904	Contig	ASM3553089v1	na	PRJNA983538	SAMN37938579	179	20904	none	2024-01-10	GCA_035530895.1	derived from metagenome	full	SMAG_U14091	none	none	0	0	Candidatus Nanopelagicaceae bacterium	none	na	2	none	none	none	none	none	2024-01-10	0	2518609	2	SMAG_U14091	Zhejiang University	2518609	d__Bacteria;p__Actinomycetota;c__Actinomycetes;o__Candidatus Nanopelagicales;f__Candidatus Nanopelagicaceae;g__;s__	d__Bacteria;x__Bacillati;p__Actinomycetota;c__Actinomycetes;o__Candidatus Nanopelagicales;f__Candidatus Nanopelagicaceae;x__unclassified Candidatus Nanopelagicaceae;s__Candidatus Nanopelagicaceae bacterium	0	2644962	11	37	na	2644962	0	DATKTW000000000.1	2695	179	18573	2	none	none	none	none	none	none	1492	DATKTW010000036.1	1462	2586	0	98.632	AY835411.1.1460	Archaea;Asgardarchaeota;Lokiarchaeia;Incertae Sedis;Incertae Sedis;Incertae Sedis;uncultured archaeon	0	15	31	0
GB_GCA_038840315.1	Archaea	Asgardarchaeota	Jordiarchaeia	Jordiarchaeales	Freyrarchaeaceae	DTBI01	DTBI01 sp019057715	0	93.48	2.99	General	98.13	3.74	149	k__Archaea (UID2)	107	0.0	1954671	85.74209000267578	26	1080847	47.413555616384514	2279710	GB_GCA_038858525.1	f	d__Archaea;p__Asgardarchaeota;c__Jordiarchaeia;o__Jordiarchaeales;f__Freyrarchaeaceae;g__DTBI01;s__DTBI01 sp019057715	not type material	none	f	4	4	436303	436303	382303	1	3051	JAWBVV010000002.1	none	0	none	none	2922	2473	0	82.375	KX764886.1.3038	Archaea;Incertae Sedis;Incertae Sedis;Incertae Sedis;Incertae Sedis;Incertae Sedis;uncultured archaeon	87677	91188	f	f	t	184224	184224	Scaffold	ASM3884031v1	na	PRJNA544494	SAMN36039255	26	184224	none	2024-04-30	GCA_038840315.1	derived from metagenome	full	JZ-1_201803_bins_25	none	none	0	0	Candidatus Jordarchaeales archaeon	none	na	2	25	4	184224	82388	34705	2024-04-30	1	3058035	1	JZ-1_201803_bins_25	The University of Texas at Austin	3058035	d__Archaea;p__;c__Candidatus Jordarchaeia;o__Candidatus Jordarchaeales;f__;g__;s__	d__Archaea;x__Promethearchaeati;x__Promethearchaeati incertae sedis;c__Candidatus Jordarchaeia;o__Candidatus Jordarchaeales;x__unclassified Candidatus Jordarchaeales;s__Candidatus Jordarchaeales archaeon	94	2279710	11	45	na	2279616	0	JAWBVV000000000.1	2337	25	436303	1	none	none	none	none	none	none	1493	JAWBVV010000001.1	1370	1592	0	87.956	JF935161.1.1360	Archaea;Thermoproteota;Bathyarchaeia;Incertae Sedis;Incertae Sedis;Incertae Sedis;uncultured crenarchaeote	94	18	43	0
GB_GCA_048938155.1	Archaea	Asgardarchaeota	Lokiarchaeia	Sigyniarchaeales	SOKP01	Loki-b32	Loki-b32 sp048940605	0	95.65	5.46	General	88.01	4.67	149	k__Archaea (UID2)	107	0.0	3564378	88.00807297080684	197	1237435	30.58069551197616	4050058	GB_GCA_048940605.1	f	d__Archaea;p__Asgardarchaeota;c__Lokiarchaeia;o__Sigyniarchaeales;f__SOKP01;g__Loki-b32;s__Loki-b32 sp048940605	not type material	none	f	24	23	195483	196615	36682	1	2698	JBHLMM010000029.1	none	0	none	none	2698	4294	0	95.404	JYIM01000373.485.3826	Archaea;Asgardarchaeota;Incertae Sedis;Incertae Sedis;Incertae Sedis;Incertae Sedis;Lokiarchaeum sp. GC14_75	20540	25155	f	f	t	41069	42934	Scaffold	ASM4893815v1	na	PRJNA1162170	SAMN43852842	197	41069	none	2025-03-25	GCA_048938155.1	derived from metagenome	full	DZ2M.339	none	none	0	0	Promethearchaeota archaeon	none	na	2	161	23	42934	20858	11895	2025-03-25	36	2053489	1	DZ2M.339	East china normal University	2053489	d__Archaea;p__Promethearchaeota;c__;o__;f__;g__;s__	d__Archaea;x__Promethearchaeati;p__Promethearchaeota;x__unclassified Promethearchaeota;s__Promethearchaeota archaeon	3600	4050058	11	29	na	4046458	0	JBHLMM000000000.1	3655	161	39642	1	none	none	none	none	none	none	414	JBHLMM010000026.1	412	728	0	98.544	JQ816551.1.1441	Archaea;Asgardarchaeota;Lokiarchaeia;Incertae Sedis;Incertae Sedis;Incertae Sedis;uncultured archaeon	3600	14	29	0
GB_GCA_030587675.2	Archaea	Asgardarchaeota	Wukongarchaeia	Wukongarchaeales	Wukongarchaeaceae	Wukongarchaeum	Wukongarchaeum yapensis	0	98.8	5.21	General	91.59	2.95	149	k__Archaea (UID2)	107	33.33	1958565	82.74349480699881	246	897331	37.90954241429774	2367032	GB_GCA_016840425.1	f	d__Archaea;p__Asgardarchaeota;c__Wukongarchaeia;o__Wukongarchaeales;f__Wukongarchaeaceae;g__Wukongarchaeum;s__Wukongarchaeum yapensis	not type material	none	f	57	57	40736	40736	24392	1	3052	JAUQYU020000015.1	none	0	none	none	2933	1423	0	75.963	CP015104.687132.690086	Archaea;Methanobacteriota;Thermococci;Thermococcales;Thermococcaceae;Thermococcus;Thermococcus sp. P6	9622	9622	f	f	t	13469	13469	Contig	ASM3058767v2	na	PRJNA923143	SAMN32689768	246	13469	USA: White Oak River Estuary; North Carolina	2024-07-27	GCA_030587675.2	derived from metagenome	full	WOR_431	marine sediment	34.64 N 77.10 W	0	0	Candidatus Wukongarchaeota archaeon	none	na	2	none	none	none	none	none	2024-07-27	0	2799012	1	WOR_431	an eLibrary of Microbial Systematics and Genomics	2799012	d__Archaea;p__Candidatus Wukongarchaeota;c__;o__;f__;g__;s__	d__Archaea;x__Promethearchaeati;p__Candidatus Wukongarchaeota;x__unclassified Candidatus Wukongarchaeota;s__Candidatus Wukongarchaeota archaeon	0	2367032	11	48	na	2367032	0	JAUQYU000000000.2	2536	246	14603	1	none	none	none	none	none	none	1403	JAUQYU020000134.1	1168	1206	0	85.616	HQ651847.1.1412	Archaea;Halobacteriota;ANME-1;ANME-1b;Incertae Sedis;Incertae Sedis;uncultured archaeon	0	18	47	0
GB_GCA_048884785.1	Archaea	Asgardarchaeota	Thorarchaeia	Thorarchaeales	Thorarchaeaceae	MP5-2226	MP5-2226 sp048884785	0	91.3	5.37	General	91.3	7.01	149	k__Archaea (UID2)	107	0.0	3204667	88.73106377865265	219	1578072	43.767700079016784	3611663	GB_GCA_048884785.1	t	d__Archaea;p__Asgardarchaeota;c__Thorarchaeia;o__Thorarchaeales;f__Thorarchaeaceae;g__MP5-2226;s__MP5-2226 sp048884785	not type material	none	f	37	26	105226	158432	17363	1	1158	JBHLQM010000067.1	42447	1	114	JBHLQM010000025.1	133	115	1.16e-23	82.707	AZAJ01000001.1426969.1429891	Archaea;Halobacteriota;Methanosarcinia;Methanosarcinales;Methanosarcinaceae;Methanolobus;Methanolobus tindarius DSM 2278	16463	22858	f	f	t	29758	39756	Scaffold	ASM4888478v1	na	PRJNA1162170	SAMN43852946	219	29758	none	2025-03-24	GCA_048884785.1	derived from metagenome	full	LCG1B.62	none	none	0	0	Candidatus Thorarchaeota archaeon	none	na	5	158	26	39756	24768	8940	2025-03-24	61	2053491	2	LCG1B.62	East china normal University	2053491	d__Archaea;p__Candidatus Thorarchaeota;c__;o__;f__;g__;s__	d__Archaea;x__Promethearchaeati;p__Candidatus Thorarchaeota;x__unclassified Candidatus Thorarchaeota;s__Candidatus Thorarchaeota archaeon	6100	3611663	11	40	na	3605563	0	JBHLQM000000000.1	3560	158	37320	1	none	none	none	none	none	none	1492	JBHLQM010000029.1	944	761	0	81.568	AB019721.1.1425	Archaea;Asgardarchaeota;Lokiarchaeia;Incertae Sedis;Incertae Sedis;Incertae Sedis;unidentified archaeon	6100	14	41	1
GB_GCA_013166835.1	Archaea	Asgardarchaeota	Heimdallarchaeia	JABLTI01	JABLTI01	JABLTI01	JABLTI01 sp013166835	0	84.75	6.79	General	90.19	7.48	149	k__Archaea (UID2)	107	11.11	3177393	89.30438883667385	260	1199792	33.72157340660428	3557936	GB_GCA_013166835.1	t	d__Archaea;p__Asgardarchaeota;c__Heimdallarchaeia;o__JABLTI01;f__JABLTI01;g__JABLTI01;s__JABLTI01 sp013166835	not type material	none	f	42	42	86910	86910	none	0	none	none	none	0	none	none	none	none	none	none	none	none	13684	13684	f	f	t	24705	24705	Contig	ASM1316683v1	na	PRJNA495098	SAMN13418024	260	24705	North Sea: German Bight (Helgoland Mud Area)	2020-05-25	GCA_013166835.1	derived from metagenome	full	HMA_bin2.83	coastal sediment	54.0872 N 7.9673 E	0	0	Promethearchaeati archaeon	none	na	0	none	none	none	none	none	2020-05-25	0	2591838	0	HMA_bin2.83	Shenzhen University	2591838	d__Archaea;p__;c__;o__;f__;g__;s__	d__Archaea;x__Promethearchaeati;x__unclassified Promethearchaeati;s__Promethearchaeati archaeon	0	3557936	11	35	na	3557936	0	JABLTI000000000.1	3515	260	none	0	none	none	none	none	none	none	none	none	none	none	none	none	none	none	0	18	35	0
GB_GCA_048883245.1	Archaea	Asgardarchaeota	Lokiarchaeia	Sigyniarchaeales	SOKP01	SOKP01	SOKP01 sp048941015	0	93.21	5.19	General	81.46	3.27	149	k__Archaea (UID2)	107	0.0	3111058	89.21402219842079	342	1028635	29.499435755736	3487185	GB_GCA_048941015.1	f	d__Archaea;p__Asgardarchaeota;c__Lokiarchaeia;o__Sigyniarchaeales;f__SOKP01;g__SOKP01;s__SOKP01 sp048941015	not type material	none	f	75	75	66179	66179	none	0	none	none	none	0	none	none	none	none	none	none	none	none	10195	10317	f	f	t	13779	13779	Scaffold	ASM4888324v1	na	PRJNA1162170	SAMN43852954	342	13779	none	2025-03-24	GCA_048883245.1	derived from metagenome	full	QM1B.282	none	none	0	0	Candidatus Thorarchaeota archaeon	none	na	3	338	75	13779	7910	4965	2025-03-24	4	2053491	2	QM1B.282	East china normal University	2053491	d__Archaea;p__Candidatus Thorarchaeota;c__;o__;f__;g__;s__	d__Archaea;x__Promethearchaeati;p__Candidatus Thorarchaeota;x__unclassified Candidatus Thorarchaeota;s__Candidatus Thorarchaeota archaeon	220	3487185	11	40	na	3486965	0	JBHLQU000000000.1	3460	338	3845	1	none	none	none	none	none	none	408	JBHLQU010000281.1	407	652	0	95.577	AJ578139.1.1368	Archaea;Asgardarchaeota;Lokiarchaeia;Incertae Sedis;Incertae Sedis;Incertae Sedis;uncultured archaeon	220	17	42	1
GB_GCA_016840425.1	Archaea	Asgardarchaeota	Wukongarchaeia	Wukongarchaeales	Wukongarchaeaceae	Wukongarchaeum	Wukongarchaeum yapensis	0	92.0	3.26	General	92.52	4.05	149	k__Archaea (UID2)	107	33.33	1800704	83.49863463551098	277	819783	38.013333228228014	2156567	GB_GCA_016840425.1	t	d__Archaea;p__Asgardarchaeota;c__Wukongarchaeia;o__Wukongarchaeales;f__Wukongarchaeaceae;g__Wukongarchaeum;s__Wukongarchaeum yapensis	not type material	none	f	70	70	28347	28347	22408	1	3052	JAEOSI010000011.1	none	0	none	none	2934	1395	0	75.801	CP002278.23775.26755	Archaea;Methanobacteriota;Methanobacteria;Methanobacteriales;Methanothermaceae;Methanothermus;Methanothermus fervidus DSM 2088	7785	7785	f	f	t	9650	9650	Contig	ASM1684042v1	na	PRJNA680430	SAMN16492201	277	9650	Pacific Ocean: Yap Trench	2021-02-09	GCA_016840425.1	derived from metagenome	full	Yap4.bin4.70	seawater	9.900000 N 138.510000 E	0	none	Candidatus Wukongarchaeum yapensis	none	na	none	none	none	none	none	none	2021-02-09	0	2798936	none	Yap4.bin4.70	Shenzhen Univeristy	2798936	d__Archaea;p__Candidatus Wukongarchaeota;c__Candidatus Wukongarchaeia;o__Candidatus Wukongarchaeales;f__Candidatus Wukongarchaeaceae;g__Candidatus Wukongarchaeum;s__Candidatus Wukongarchaeum yapensis	d__Archaea;x__Promethearchaeati;p__Candidatus Wukongarchaeota;c__Candidatus Wukongarchaeia;o__Candidatus Wukongarchaeales;f__Candidatus Wukongarchaeaceae;g__Candidatus Wukongarchaeum;s__Candidatus Wukongarchaeum yapensis	0	2156567	none	none	na	2156567	0	JAEOSI000000000.1	2344	277	18531	1	none	none	none	none	none	none	1536	JAEOSI010000020.1	1446	939	0	78.907	JN229574.1.1492	Archaea;Thermoproteota;Bathyarchaeia;Incertae Sedis;Incertae Sedis;Incertae Sedis;uncultured archaeon	0	16	36	0
GB_GCA_048885285.1	Archaea	Asgardarchaeota	Lokiarchaeia	Sigyniarchaeales	SOKP01	Loki-b32	Loki-b32 sp048885285	0	84.79	2.77	General	78.5	0.0	149	k__Archaea (UID2)	107	0.0	2966204	85.11993020990118	548	1003275	28.79412106575056	3484735	GB_GCA_048885285.1	t	d__Archaea;p__Asgardarchaeota;c__Lokiarchaeia;o__Sigyniarchaeales;f__SOKP01;g__Loki-b32;s__Loki-b32 sp048885285	not type material	none	f	147	144	26326	26326	none	0	none	none	none	0	none	none	none	none	none	none	none	none	6358	6662	f	f	t	7681	7794	Scaffold	ASM4888528v1	na	PRJNA1162170	SAMN43852934	548	7681	none	2025-03-24	GCA_048885285.1	derived from metagenome	full	H3M.118	none	none	0	0	Candidatus Odinarchaeota archaeon	none	na	3	523	144	7794	5009	3507	2025-03-24	25	2053490	2	H3M.118	East china normal University	2053490	d__Archaea;p__Candidatus Odinarchaeota;c__;o__;f__;g__;s__	d__Archaea;x__Promethearchaeati;p__Candidatus Odinarchaeota;x__unclassified Candidatus Odinarchaeota;s__Candidatus Odinarchaeota archaeon	430	3484735	11	31	na	3484305	0	JBHLQA000000000.1	3539	523	none	0	none	none	none	none	none	none	none	none	none	none	none	none	none	none	430	16	30	0
GB_GCA_048938855.1	Archaea	Asgardarchaeota	Lokiarchaeia	Sigyniarchaeales	SOKP01	Loki-b32	Loki-b32 sp048938855	0	97.16	7.05	General	91.59	3.74	149	k__Archaea (UID2)	107	0.0	3462804	87.58018415895123	124	1192123	30.17378254895077	3953867	GB_GCA_048938855.1	t	d__Archaea;p__Asgardarchaeota;c__Lokiarchaeia;o__Sigyniarchaeales;f__SOKP01;g__Loki-b32;s__Loki-b32 sp048938855	not type material	none	f	11	9	460779	534540	3181	1	2068	JBHLLT010000083.1	none	0	none	none	2085	876	0	74.916	KX764886.1.3038	Archaea;Incertae Sedis;Incertae Sedis;Incertae Sedis;Incertae Sedis;Incertae Sedis;uncultured archaeon	31861	42514	f	f	t	98062	107954	Scaffold	ASM4893885v1	na	PRJNA1162170	SAMN43852823	124	98062	none	2025-03-25	GCA_048938855.1	derived from metagenome	full	DZ1S.179	none	none	0	0	Promethearchaeota archaeon	none	na	3	93	9	107954	52581	19740	2025-03-25	31	2053489	2	DZ1S.179	East china normal University	2053489	d__Archaea;p__Promethearchaeota;c__;o__;f__;g__;s__	d__Archaea;x__Promethearchaeati;p__Promethearchaeota;x__unclassified Promethearchaeota;s__Promethearchaeota archaeon	3010	3953867	11	43	na	3950857	0	JBHLLT000000000.1	3751	93	3181	1	none	none	none	none	none	none	626	JBHLLT010000083.1	599	1013	0	97.162	AY500125.1.1138	Archaea;Thermoproteota;Bathyarchaeia;Incertae Sedis;Incertae Sedis;Incertae Sedis;uncultured crenarchaeote	3010	16	42	1
GB_GCA_030638525.1	Archaea	Asgardarchaeota	Heimdallarchaeia	Heimdallarchaeales	Heimdallarchaeaceae	UBA460	UBA460 sp023139025	0	86.3	2.37	General	90.65	2.8	149	k__Archaea (UID2)	107	0.0	2662532	91.39892396009871	94	971251	33.34093122455236	2913089	GB_GCA_023139025.1	f	d__Archaea;p__Asgardarchaeota;c__Heimdallarchaeia;o__Heimdallarchaeales;f__Heimdallarchaeaceae;g__UBA460;s__UBA460 sp023139025	not type material	none	f	16	16	176463	176463	none	0	none	none	none	0	none	none	none	none	none	none	none	none	30990	30990	f	f	t	58920	58920	Contig	ASM3063852v1	na	PRJNA950938	SAMN34049950	94	58920	none	2023-08-03	GCA_030638525.1	derived from metagenome	full	CSMAG_1937	cold seep	none	0	none	Candidatus Heimdallarchaeota archaeon	none	na	none	none	none	none	none	none	2023-08-03	0	2026747	none	CSMAG_1937	Third Institute of Oceanography, Ministry of Natural Resources	2026747	d__Archaea;p__Candidatus Heimdallarchaeota;c__;o__;f__;g__;s__	d__Archaea;x__Promethearchaeati;p__Candidatus Heimdallarchaeota;x__unclassified Candidatus Heimdallarchaeota;s__Candidatus Heimdallarchaeota archaeon	0	2913089	none	none	na	2913089	0	DAOWEK000000000.1	2802	94	78828	1	none	none	none	none	none	none	525	DAOWEK010000020.1	508	939	0	100	JQ817511.1.1411	Archaea;Asgardarchaeota;Heimdallarchaeia;Incertae Sedis;Incertae Sedis;AB_125;uncultured archaeon	0	19	43	0
GB_GCA_048882205.1	Archaea	Asgardarchaeota	Thorarchaeia	Thorarchaeales	Thorarchaeaceae	SMTZ1-83	SMTZ1-83 sp048882205	0	73.94	2.32	General	83.57	3.74	149	k__Archaea (UID2)	107	25.0	1812027	89.77385945051488	394	998524	49.483446859227065	2018435	GB_GCA_048882205.1	t	d__Archaea;p__Asgardarchaeota;c__Thorarchaeia;o__Thorarchaeales;f__Thorarchaeaceae;g__SMTZ1-83;s__SMTZ1-83 sp048882205	not type material	none	f	112	110	27489	27489	none	0	none	none	none	0	none	none	none	none	none	none	none	none	5121	5368	f	f	t	5534	5743	Scaffold	ASM4888220v1	na	PRJNA1162170	SAMN43852981	394	5534	none	2025-03-24	GCA_048882205.1	derived from metagenome	full	TM2M.101	none	none	0	0	Candidatus Thorarchaeota archaeon	none	na	3	376	110	5743	4003	3087	2025-03-24	18	2053491	0	TM2M.101	East china normal University	2053491	d__Archaea;p__Candidatus Thorarchaeota;c__;o__;f__;g__;s__	d__Archaea;x__Promethearchaeati;p__Candidatus Thorarchaeota;x__unclassified Candidatus Thorarchaeota;s__Candidatus Thorarchaeota archaeon	540	2018435	11	34	na	2017895	0	JBHLRV000000000.1	2313	376	none	0	none	none	none	none	none	none	none	none	none	none	none	none	none	none	540	18	37	0
GB_GCA_019894815.1	Archaea	Asgardarchaeota	Lokiarchaeia	Sigyniarchaeales	SOKP01	SOKP01	SOKP01 sp019894815	18	71.45	1.2	General	75.78	3.02	149	k__Archaea (UID2)	107	0.0	1885723	88.33311629362382	333	673550	31.5776346614646	2134786	GB_GCA_019894815.1	t	d__Archaea;p__Asgardarchaeota;c__Lokiarchaeia;o__Sigyniarchaeales;f__SOKP01;g__SOKP01;s__SOKP01 sp019894815	not type material	none	f	71	69	42127	42127	none	0	none	none	none	0	none	none	none	none	none	none	none	none	6405	7236	f	f	t	9133	9395	Scaffold	ASM1989481v1	na	PRJNA680161	SAMN18946031	333	9133	Russia: Cape Chukochii	2021-09-07	GCA_019894815.1	derived from metagenome	full	bin22	permafrost sediment	70.05 N 159.55 E	0	0	Promethearchaeota archaeon	none	na	2	295	69	9395	5558	3470	2021-09-07	38	2053489	1	bin22	Princeton University	2053489	d__Archaea;p__Promethearchaeota;c__;o__;f__;g__;s__	d__Archaea;x__Promethearchaeati;p__Promethearchaeota;x__unclassified Promethearchaeota;s__Promethearchaeota archaeon	1771	2134786	11	20	na	2133015	0	JAGXNU000000000.1	2328	295	none	0	none	none	none	none	none	none	none	none	none	none	none	none	none	none	1771	13	20	1
GB_GCA_038834185.1	Archaea	Asgardarchaeota	Jordiarchaeia	Jordiarchaeales	Freyrarchaeaceae	DTBI01	DTBI01 sp038889235	3	79.48	2.15	General	87.54	2.8	149	k__Archaea (UID2)	107	0.0	1479990	87.12296253039759	311	828598	48.79481923319045	1698737	GB_GCA_038889235.1	f	d__Archaea;p__Asgardarchaeota;c__Jordiarchaeia;o__Jordiarchaeales;f__Freyrarchaeaceae;g__DTBI01;s__DTBI01 sp038889235	not type material	none	f	80	69	26653	29016	10126	1	3064	JAWBHZ010000040.1	none	0	none	none	2923	2510	0	82.586	KX764886.1.3038	Archaea;Incertae Sedis;Incertae Sedis;Incertae Sedis;Incertae Sedis;Incertae Sedis;uncultured archaeon	5460	6584	f	f	t	6699	7929	Scaffold	ASM3883418v1	na	PRJNA544494	SAMN36038895	311	6699	none	2024-04-30	GCA_038834185.1	derived from metagenome	full	GMQP_202101_bins_4	none	none	0	0	Candidatus Jordarchaeales archaeon	none	na	2	258	69	7929	4838	3402	2024-04-30	53	3058035	1	GMQP_202101_bins_4	The University of Texas at Austin	3058035	d__Archaea;p__;c__Candidatus Jordarchaeia;o__Candidatus Jordarchaeales;f__;g__;s__	d__Archaea;x__Promethearchaeati;x__Promethearchaeati incertae sedis;c__Candidatus Jordarchaeia;o__Candidatus Jordarchaeales;x__unclassified Candidatus Jordarchaeales;s__Candidatus Jordarchaeales archaeon	607	1698737	11	34	na	1698130	0	JAWBHZ000000000.1	1910	258	8265	1	none	none	none	none	none	none	1494	JAWBHZ010000066.1	1369	1600	0	88.02	JF935161.1.1360	Archaea;Thermoproteota;Bathyarchaeia;Incertae Sedis;Incertae Sedis;Incertae Sedis;uncultured crenarchaeote	607	16	32	0
GB_GCA_024720835.1	Archaea	Asgardarchaeota	Njordarchaeia	Njordarchaeales	Panguiarchaeaceae	Panguiarchaeum	Panguiarchaeum symbiosum	0	67.38	0.79	General	61.38	0.0	149	k__Archaea (UID2)	107	0.0	1003589	90.00079814256979	228	447786	40.16832111262013	1115089	GB_GCA_024720975.1	f	d__Archaea;p__Asgardarchaeota;c__Njordarchaeia;o__Njordarchaeales;f__Panguiarchaeaceae;g__Panguiarchaeum;s__Panguiarchaeum symbiosum	not type material	none	f	60	55	20777	23810	none	0	none	none	none	0	none	none	none	none	none	none	none	none	4889	5575	f	f	t	5904	6331	Scaffold	ASM2472083v1	na	PRJNA544494	SAMN28868085	228	5904	China: Tengchong county; Yunnan; BianFu pool	2022-08-19	GCA_024720835.1	derived from metagenome	full	BF2.bin_16	hot spring sediment	24.91 N 98.39 E	0	0	Thermoproteota archaeon	none	na	0	200	55	6331	4191	3047	2022-08-19	28	2056631	0	BF2.bin_16	The University of Texas at Austin	2056631	d__Archaea;p__Thermoproteota;c__;o__;f__;g__;s__	d__Archaea;x__Thermoproteati;p__Thermoproteota;x__unclassified Thermoproteota;s__Thermoproteota archaeon	315	1115089	11	41	na	1114774	0	JANJYG000000000.1	1193	200	none	0	none	none	none	none	none	none	none	none	none	none	none	none	none	none	315	16	41	0
GB_GCA_046482545.1	Archaea	Asgardarchaeota	Thorarchaeia	Thorarchaeales	Thorarchaeaceae	WJIL01	WJIL01 sp046482545	0	98.92	2.43	General	95.79	3.74	149	k__Archaea (UID2)	107	0.0	2660974	87.27941723937852	45	1385192	45.43402172462009	3048799	GB_GCA_046482545.1	t	d__Archaea;p__Asgardarchaeota;c__Thorarchaeia;o__Thorarchaeales;f__Thorarchaeaceae;g__WJIL01;s__WJIL01 sp046482545	not type material	none	f	6	6	359777	359777	84068	1	2580	JAWOEX010000045.1	none	0	none	none	823	228	3.23e-57	72.783	CR937012.19040.21972	Archaea;Halobacteriota;Methanosarcinia;Methanosarcinales;Methanosarcinaceae;Candidatus Methanoperedens;uncultured archaeon	67751	67751	f	f	t	200897	200897	Contig	ASM4648254v1	na	PRJNA1026782	SAMN37758194	45	200897	none	2025-01-03	GCA_046482545.1	derived from metagenome	full	BLK6-1.bin.124	none	none	0	0	Candidatus Thorarchaeota archaeon	none	na	4	none	none	none	none	none	2025-01-03	0	2053491	2	BLK6-1.bin.124	XINJIANG INSTITUTE OF ECOLOGY AND GEOGRAPHY	2053491	d__Archaea;p__Candidatus Thorarchaeota;c__;o__;f__;g__;s__	d__Archaea;x__Promethearchaeati;p__Candidatus Thorarchaeota;x__unclassified Candidatus Thorarchaeota;s__Candidatus Thorarchaeota archaeon	0	3048799	11	46	na	3048799	0	JAWOEX000000000.1	2942	45	84068	2	none	none	none	none	none	none	1085	JAWOEX010000045.1	595	403	2.32e-110	79.328	JQ989386.1.1449	Archaea;Asgardarchaeota;Lokiarchaeia;Odinarchaeales;Incertae Sedis;LCB-4;uncultured archaeon	0	19	47	1
GB_GCA_016926735.1	Archaea	Asgardarchaeota	Lokiarchaeia	Sigyniarchaeales	SOKP01	JAFGOA01	JAFGOA01 sp016926735	0	99.29	4.84	General	90.65	5.14	149	k__Archaea (UID2)	107	0.0	3302159	85.08681813040126	238	1017858	26.227173957575623	3880929	GB_GCA_016926735.1	t	d__Archaea;p__Asgardarchaeota;c__Lokiarchaeia;o__Sigyniarchaeales;f__SOKP01;g__JAFGOA01;s__JAFGOA01 sp016926735	not type material	none	f	40	40	100674	100674	none	0	none	none	none	0	none	none	none	none	none	none	none	none	16306	16306	f	f	t	26265	26265	Contig	ASM1692673v1	na	PRJNA690107	SAMN17242106	238	26265	USA: Anadarko; OK; Zodletone Spring	2021-02-24	GCA_016926735.1	derived from metagenome	full	Zod_Metabat.578	Freshwater Sediment	34.99562 N 98.68895 W	0	0	Promethearchaeota archaeon	none	na	2	none	none	none	none	none	2021-02-24	0	2053489	2	Zod_Metabat.578	Oklahoma State University	2053489	d__Archaea;p__Promethearchaeota;c__;o__;f__;g__;s__	d__Archaea;x__Promethearchaeati;p__Promethearchaeota;x__unclassified Promethearchaeota;s__Promethearchaeota archaeon	0	3880929	11	55	na	3880929	0	JAFGOA000000000.1	3604	238	5385	1	none	none	none	none	none	none	529	JAFGOA010000182.1	531	839	0	95.292	HM998470.1.935	Archaea;Thermoproteota;Bathyarchaeia;Incertae Sedis;Incertae Sedis;Incertae Sedis;uncultured archaeon	0	18	53	0
GB_GCA_023132955.1	Archaea	Asgardarchaeota	Heimdallarchaeia	Heimdallarchaeales	Heimdallarchaeaceae	UBA460	UBA460 sp023132955	0	89.28	4.65	General	92.52	4.21	149	k__Archaea (UID2)	107	14.29	3233136	90.28639662125822	673	1189003	33.203303678492304	3580978	GB_GCA_030668825.1	f	d__Archaea;p__Asgardarchaeota;c__Heimdallarchaeia;o__Heimdallarchaeales;f__Heimdallarchaeaceae;g__UBA460;s__UBA460 sp023132955	not type material	none	f	81	81	57830	57830	7635	1	893	JAGLXK010000572.1	none	0	none	none	891	1552	0	98.092	MEHH01000225.593.3133	Archaea;Asgardarchaeota;Incertae Sedis;Incertae Sedis;Incertae Sedis;Incertae Sedis;Candidatus Heimdallarchaeota archaeon AB_125	5320	5320	f	f	t	10485	10485	Contig	ASM2313295v1	na	PRJNA707313	SAMN18452425	673	10485	China: South China Sea	2022-04-26	GCA_023132955.1	derived from metagenome	full	RS_12_51	deep sea sediment	22.17 N 119.28 E	0	0	Candidatus Heimdallarchaeota archaeon	none	na	4	none	none	none	none	none	2022-04-26	0	2026747	2	RS_12_51	Institute of Oceanology, Chinese Academy of Sciences	2026747	d__Archaea;p__Candidatus Heimdallarchaeota;c__;o__;f__;g__;s__	d__Archaea;x__Promethearchaeati;p__Candidatus Heimdallarchaeota;x__unclassified Candidatus Heimdallarchaeota;s__Candidatus Heimdallarchaeota archaeon	0	3580978	11	44	na	3580978	0	JAGLXK000000000.1	3825	673	57830	2	none	none	none	none	none	none	856	JAGLXK010000282.1	742	1354	0	99.596	JQ817511.1.1411	Archaea;Asgardarchaeota;Heimdallarchaeia;Incertae Sedis;Incertae Sedis;AB_125;uncultured archaeon	0	19	43	0
GB_GCA_018238185.1	Archaea	Asgardarchaeota	Thorarchaeia	Thorarchaeales	Thorarchaeaceae	SMTZ1-45	SMTZ1-45 sp018238205	0	77.87	3.58	General	86.92	4.21	149	k__Archaea (UID2)	107	16.67	2202166	90.5137108481671	267	1019788	41.91545785305495	2432964	GB_GCA_018238205.1	f	d__Archaea;p__Asgardarchaeota;c__Thorarchaeia;o__Thorarchaeales;f__Thorarchaeaceae;g__SMTZ1-45;s__SMTZ1-45 sp018238205	not type material	none	f	72	72	41108	41108	none	0	none	none	14567	1	113	JABCTU010000035.1	none	none	none	none	none	none	9112	9112	f	f	t	10579	10579	Contig	ASM1823818v1	na	PRJNA628571	SAMN14734427	267	10579	China: Haima cold seep	2021-05-03	GCA_018238185.1	derived from metagenome	full	HM6_B33	cold seep	none	0	none	Candidatus Thorarchaeota archaeon	none	na	none	none	none	none	none	none	2021-05-03	0	2053491	none	HM6_B33	Institute of Deep-sea Science and Engineering, Chinese Academy of Sciences	2053491	d__Archaea;p__Candidatus Thorarchaeota;c__;o__;f__;g__;s__	d__Archaea;x__Promethearchaeati;p__Candidatus Thorarchaeota;x__unclassified Candidatus Thorarchaeota;s__Candidatus Thorarchaeota archaeon	0	2432964	none	none	na	2432964	0	JABCTU000000000.1	2566	267	none	0	none	none	none	none	none	none	none	none	none	none	none	none	none	none	0	17	43	1
GB_GCA_048882805.1	Archaea	Asgardarchaeota	Thorarchaeia	Thorarchaeales	Thorarchaeaceae	SMTZ1-45	SMTZ1-45 sp048882385	0	92.34	6.95	General	91.59	4.67	149	k__Archaea (UID2)	107	0.0	3206238	90.9813938983428	364	1500474	42.58658452512085	3524059	GB_GCA_048882385.1	f	d__Archaea;p__Asgardarchaeota;c__Thorarchaeia;o__Thorarchaeales;f__Thorarchaeaceae;g__SMTZ1-45;s__SMTZ1-45 sp048882385	not type material	none	f	74	71	78053	86679	none	0	none	none	none	0	none	none	none	none	none	none	none	none	9679	10155	f	f	t	13589	13862	Scaffold	ASM4888280v1	na	PRJNA1162170	SAMN43852966	364	13589	none	2025-03-24	GCA_048882805.1	derived from metagenome	full	TM1M.208	none	none	0	0	Candidatus Thorarchaeota archaeon	none	na	4	347	71	13862	7546	4618	2025-03-24	17	2053491	1	TM1M.208	East china normal University	2053491	d__Archaea;p__Candidatus Thorarchaeota;c__;o__;f__;g__;s__	d__Archaea;x__Promethearchaeati;p__Candidatus Thorarchaeota;x__unclassified Candidatus Thorarchaeota;s__Candidatus Thorarchaeota archaeon	710	3524059	11	36	na	3523349	0	JBHLRG000000000.1	3588	347	17009	1	none	none	none	none	none	none	410	JBHLRG010000047.1	102	95.3	5.76e-18	83.333	AB611659.1.945	Archaea;Micrarchaeota;Micrarchaeia;Micrarchaeales;Incertae Sedis;Incertae Sedis;uncultured euryarchaeote	710	17	37	0
GB_GCA_048937405.1	Archaea	Asgardarchaeota	Lokiarchaeia	Sigyniarchaeales	SOKP01	Loki-b32	Loki-b32 sp048937405	0	100.0	5.69	General	91.59	5.14	149	k__Archaea (UID2)	107	12.5	3859068	86.30782567155207	36	1293018	28.922798453177485	4471284	GB_GCA_048937405.1	t	d__Archaea;p__Asgardarchaeota;c__Lokiarchaeia;o__Sigyniarchaeales;f__SOKP01;g__Loki-b32;s__Loki-b32 sp048937405	not type material	none	f	5	4	624684	1051113	15388	1	920	JBHLNF010000026.1	none	0	none	none	920	1171	0	89.674	JYIM01000373.485.3826	Archaea;Asgardarchaeota;Incertae Sedis;Incertae Sedis;Incertae Sedis;Incertae Sedis;Lokiarchaeum sp. GC14_75	124182	154182	f	f	t	293124	293124	Scaffold	ASM4893740v1	na	PRJNA1162170	SAMN43852861	36	293124	none	2025-03-25	GCA_048937405.1	derived from metagenome	full	DZ2S.179	none	none	0	0	Promethearchaeota archaeon	none	na	3	29	4	293124	223093	61214	2025-03-25	7	2053489	1	DZ2S.179	East china normal University	2053489	d__Archaea;p__Promethearchaeota;c__;o__;f__;g__;s__	d__Archaea;x__Promethearchaeati;p__Promethearchaeota;x__unclassified Promethearchaeota;s__Promethearchaeota archaeon	700	4471284	11	38	na	4470584	0	JBHLNF000000000.1	4016	29	67003	1	none	none	none	none	none	none	413	JBHLNF010000015.1	412	712	0	97.816	GQ410972.1.924	Archaea;Thermoproteota;Bathyarchaeia;Incertae Sedis;Incertae Sedis;Incertae Sedis;uncultured archaeon	700	16	36	0
GB_GCA_048884965.1	Archaea	Asgardarchaeota	Thorarchaeia	Thorarchaeales	Thorarchaeaceae	MP5-2226	MP5-2226 sp048884965	0	95.73	7.2	General	95.33	5.14	149	k__Archaea (UID2)	107	14.29	3711667	90.76742526544272	113	1801903	44.07898341836486	4089206	GB_GCA_048884965.1	t	d__Archaea;p__Asgardarchaeota;c__Thorarchaeia;o__Thorarchaeales;f__Thorarchaeaceae;g__MP5-2226;s__MP5-2226 sp048884965	not type material	none	f	16	13	313558	313558	76501	1	1162	JBHLQH010000017.1	157995	1	113	JBHLQH010000007.1	164	115	1.16e-23	79.878	AMPO01000017.17.2951	Archaea;Methanobacteriota;Methanobacteria;Methanobacteriales;Methanobacteriaceae;Methanobacterium;Methanobacterium formicicum DSM 3637	36176	41305	f	f	t	71915	91428	Scaffold	ASM4888496v1	na	PRJNA1162170	SAMN43852941	113	71915	none	2025-03-24	GCA_048884965.1	derived from metagenome	full	LCG1B.475	none	none	0	0	Candidatus Thorarchaeota archaeon	none	na	3	99	13	91428	45899	16843	2025-03-24	14	2053491	1	LCG1B.475	East china normal University	2053491	d__Archaea;p__Candidatus Thorarchaeota;c__;o__;f__;g__;s__	d__Archaea;x__Promethearchaeati;p__Candidatus Thorarchaeota;x__unclassified Candidatus Thorarchaeota;s__Candidatus Thorarchaeota archaeon	1310	4089206	11	60	na	4087896	0	JBHLQH000000000.1	3879	99	none	0	none	none	none	none	none	none	none	none	none	none	none	none	none	none	1310	19	60	1
GB_GCA_018239015.1	Archaea	Asgardarchaeota	Thorarchaeia	Thorarchaeales	Thorarchaeaceae	SMTZ1-45	SMTZ1-45 sp018238825	0	89.72	5.28	General	93.46	8.25	149	k__Archaea (UID2)	107	0.0	2761840	90.2117223891878	491	1274523	41.63054885678925	3061509	GB_GCA_018238825.1	f	d__Archaea;p__Asgardarchaeota;c__Thorarchaeia;o__Thorarchaeales;f__Thorarchaeaceae;g__SMTZ1-45;s__SMTZ1-45 sp018238825	not type material	none	f	120	120	47873	47873	none	0	none	none	none	0	none	none	none	none	none	none	none	none	6235	6235	f	f	t	7414	7414	Contig	ASM1823901v1	na	PRJNA628571	SAMN14734396	491	7414	China: Haima cold seep	2021-05-03	GCA_018239015.1	derived from metagenome	full	HM1_B30_1	cold seep	none	0	none	Candidatus Thorarchaeota archaeon	none	na	none	none	none	none	none	none	2021-05-03	0	2053491	none	HM1_B30_1	Institute of Deep-sea Science and Engineering, Chinese Academy of Sciences	2053491	d__Archaea;p__Candidatus Thorarchaeota;c__;o__;f__;g__;s__	d__Archaea;x__Promethearchaeati;p__Candidatus Thorarchaeota;x__unclassified Candidatus Thorarchaeota;s__Candidatus Thorarchaeota archaeon	0	3061509	none	none	na	3061509	0	JABCSF000000000.1	3412	491	18258	1	none	none	none	none	none	none	1501	JABCSF010000013.1	939	715	0	80.618	AB019721.1.1425	Archaea;Asgardarchaeota;Lokiarchaeia;Incertae Sedis;Incertae Sedis;Incertae Sedis;unidentified archaeon	0	16	42	1
GB_GCA_964525635.1	Archaea	Asgardarchaeota	Lokiarchaeia	Sigyniarchaeales	SOKP01	JAFGOA01	JAFGOA01 sp964525635	0	100.0	2.98	General	92.68	3.74	149	k__Archaea (UID2)	107	0.0	3687195	82.78343745264115	262	1192423	26.777699304633124	4454025	GB_GCA_964525635.1	t	d__Archaea;p__Asgardarchaeota;c__Lokiarchaeia;o__Sigyniarchaeales;f__SOKP01;g__JAFGOA01;s__JAFGOA01 sp964525635	not type material	none	f	46	44	126343	126343	33275	1	1435	CAZGJX010000041.1	none	0	none	none	1440	2012	0	91.944	JYIM01000373.485.3826	Archaea;Asgardarchaeota;Incertae Sedis;Incertae Sedis;Incertae Sedis;Incertae Sedis;Lokiarchaeum sp. GC14_75	16996	18179	f	f	t	28531	32431	Scaffold	binchicken_co228_481	na	PRJEB82487	SAMEA117365160	262	28531	none	2025-01-13	GCA_964525635.1	derived from metagenome	full	binchicken_co228_481	none	none	0	none	uncultured archaeon	none	na	none	245	44	32431	17013	8259	2025-01-13	17	115547	none	binchicken_co228_481	Centre for Microbiome Research	115547	d__Archaea;p__;c__;o__;f__;g__;s__	d__Archaea;x__environmental samples;s__uncultured archaeon	980	4454025	none	none	na	4453045	0	CAZGJX000000000.1	4035	245	none	0	none	none	none	none	none	none	none	none	none	none	none	none	none	none	980	19	57	1
GB_GCA_048941185.1	Archaea	Asgardarchaeota	Lokiarchaeia	Sigyniarchaeales	SOKP01	Loki-b32	Loki-b32 sp048941185	0	97.07	7.24	General	86.71	3.74	149	k__Archaea (UID2)	107	0.0	3358088	87.62100083104697	187	1136835	29.67296275463528	3832515	GB_GCA_048941185.1	t	d__Archaea;p__Asgardarchaeota;c__Lokiarchaeia;o__Sigyniarchaeales;f__SOKP01;g__Loki-b32;s__Loki-b32 sp048941185	not type material	none	f	34	33	152296	152296	none	0	none	none	none	0	none	none	none	none	none	none	none	none	20487	22025	f	f	t	29621	32059	Scaffold	ASM4894118v1	na	PRJNA1162170	SAMN43852878	187	29621	none	2025-03-25	GCA_048941185.1	derived from metagenome	full	DZ2S.393	none	none	0	0	Promethearchaeota archaeon	none	na	3	174	33	32059	18456	10006	2025-03-25	13	2053489	1	DZ2S.393	East china normal University	2053489	d__Archaea;p__Promethearchaeota;c__;o__;f__;g__;s__	d__Archaea;x__Promethearchaeati;p__Promethearchaeota;x__unclassified Promethearchaeota;s__Promethearchaeota archaeon	1300	3832515	11	43	na	3831215	0	JBHLNW000000000.1	3659	174	none	0	none	none	none	none	none	none	none	none	none	none	none	none	none	none	1300	18	42	1
GB_GCA_030638785.1	Archaea	Asgardarchaeota	Thorarchaeia	Thorarchaeales	Thorarchaeaceae	MP5-2226	MP5-2226 sp030638785	0	60.85	2.17	General	71.33	4.21	149	k__Archaea (UID2)	107	20.0	2150495	91.11139638654878	277	1017976	43.12923994149877	2360292	GB_GCA_030638785.1	t	d__Archaea;p__Asgardarchaeota;c__Thorarchaeia;o__Thorarchaeales;f__Thorarchaeaceae;g__MP5-2226;s__MP5-2226 sp030638785	not type material	none	f	72	72	37048	37048	8403	1	922	DAOWDY010000110.1	none	0	none	none	165	78.7	1.21e-12	75.758	JQLY01000001.1945851.1948807	Archaea;Methanobacteriota;Methanobacteria;Methanobacteriales;Methanobacteriaceae;Methanobacterium;Methanobacterium sp. SMA-27	8520	8520	f	f	t	10802	10802	Contig	ASM3063878v1	na	PRJNA950938	SAMN34049938	277	10802	none	2023-08-03	GCA_030638785.1	derived from metagenome	full	CSMAG_1925	cold seep	none	0	none	Candidatus Thorarchaeota archaeon	none	na	none	none	none	none	none	none	2023-08-03	0	2053491	none	CSMAG_1925	Third Institute of Oceanography, Ministry of Natural Resources	2053491	d__Archaea;p__Candidatus Thorarchaeota;c__;o__;f__;g__;s__	d__Archaea;x__Promethearchaeati;p__Candidatus Thorarchaeota;x__unclassified Candidatus Thorarchaeota;s__Candidatus Thorarchaeota archaeon	0	2360292	none	none	na	2360292	0	DAOWDY000000000.1	2508	277	none	0	none	none	none	none	none	none	none	none	none	none	none	none	none	none	0	13	23	1
GB_GCA_964583985.1	Archaea	Asgardarchaeota	Lokiarchaeia	Sigyniarchaeales	SOKP01	SOKP01	SOKP01 sp964583985	0	100.0	5.25	General	88.47	3.74	149	k__Archaea (UID2)	107	20.0	3335024	87.87126991119665	157	1201383	31.669914368232416	3795352	GB_GCA_964583985.1	t	d__Archaea;p__Asgardarchaeota;c__Lokiarchaeia;o__Sigyniarchaeales;f__SOKP01;g__SOKP01;s__SOKP01 sp964583985	not type material	none	f	28	25	162063	197594	none	0	none	none	none	0	none	none	none	none	none	none	none	none	24162	27502	f	f	t	39773	44423	Scaffold	binchicken_co163_167	na	PRJEB82487	SAMEA117363479	157	39773	none	2025-01-12	GCA_964583985.1	derived from metagenome	full	binchicken_co163_167	none	none	0	none	uncultured archaeon	none	na	none	138	25	44423	23877	12299	2025-01-12	19	115547	none	binchicken_co163_167	Centre for Microbiome Research	115547	d__Archaea;p__;c__;o__;f__;g__;s__	d__Archaea;x__environmental samples;s__uncultured archaeon	1900	3795352	none	none	na	3793452	0	CAZOYD000000000.1	3631	138	54462	1	none	none	none	none	none	none	1489	CAZOYD010000019.1	1461	2505	0	97.673	HQ588670.1.1459	Archaea;Asgardarchaeota;Lokiarchaeia;Incertae Sedis;Incertae Sedis;Incertae Sedis;uncultured archaeon	1900	16	40	1
GB_GCA_030588985.1	Archaea	Asgardarchaeota	Lokiarchaeia	Sigyniarchaeales	SOKP01	Loki-b32	Loki-b32 sp005223125	0	82.36	5.06	General	83.49	3.27	149	k__Archaea (UID2)	107	0.0	2434012	87.30021297703736	291	825688	29.61478343269632	2788094	GB_GCA_005223125.1	f	d__Archaea;p__Asgardarchaeota;c__Lokiarchaeia;o__Sigyniarchaeales;f__SOKP01;g__Loki-b32;s__Loki-b32 sp005223125	not type material	none	f	64	64	92533	92533	92533	1	3177	JAUUWP010000001.1	none	0	none	none	2140	3014	0	92.103	JYIM01000373.485.3826	Archaea;Asgardarchaeota;Incertae Sedis;Incertae Sedis;Incertae Sedis;Incertae Sedis;Lokiarchaeum sp. GC14_75	9581	9581	f	f	t	12468	12468	Contig	ASM3058898v1	na	PRJNA950938	SAMN34042605	291	12468	none	2023-08-03	GCA_030588985.1	derived from metagenome	full	CSMAG_42	cold seep	none	0	none	Promethearchaeota archaeon	none	na	none	none	none	none	none	none	2023-08-03	0	2053489	none	CSMAG_42	Third Institute of Oceanography, Ministry of Natural Resources	2053489	d__Archaea;p__Promethearchaeota;c__;o__;f__;g__;s__	d__Archaea;x__Promethearchaeati;p__Promethearchaeota;x__unclassified Promethearchaeota;s__Promethearchaeota archaeon	0	2788094	none	none	na	2788094	0	JAUUWP000000000.1	2899	291	32911	1	none	none	none	none	none	none	1492	JAUUWP010000005.1	1461	2543	0	98.084	KP091042.1.1468	Archaea;Asgardarchaeota;Lokiarchaeia;Incertae Sedis;Incertae Sedis;Incertae Sedis;uncultured archaeon	0	14	32	0
GB_GCA_035531115.1	Archaea	Asgardarchaeota	Lokiarchaeia	Helarchaeales	HEL-GB-A	DATKTP01	DATKTP01 sp035531115	0	82.47	3.35	General	76.74	4.67	149	k__Archaea (UID2)	107	0.0	3226775	88.02491276005578	282	1342692	36.62800975079602	3665752	GB_GCA_035531115.1	t	d__Archaea;p__Asgardarchaeota;c__Lokiarchaeia;o__Helarchaeales;f__HEL-GB-A;g__DATKTP01;s__DATKTP01 sp035531115	not type material	none	f	63	63	105812	105812	none	0	none	none	none	0	none	none	none	none	none	none	none	none	12999	12999	f	f	t	18075	18075	Contig	ASM3553111v1	na	PRJNA983538	SAMN37938572	282	18075	none	2024-01-10	GCA_035531115.1	derived from metagenome	full	SMAG_U14084	none	none	0	0	Candidatus Deferrimicrobium sp.	none	na	1	none	none	none	none	none	2024-01-10	0	3060586	1	SMAG_U14084	Zhejiang University	3060586	d__Bacteria;p__Candidatus Deferrimicrobiota;c__Candidatus Deferrimicrobia;o__Candidatus Deferrimicrobiales;f__Candidatus Deferrimicrobiaceae;g__Candidatus Deferrimicrobium;s__	d__Bacteria;p__Candidatus Deferrimicrobiota;c__Candidatus Deferrimicrobia;o__Candidatus Deferrimicrobiales;f__Candidatus Deferrimicrobiaceae;g__Candidatus Deferrimicrobium;x__unclassified Candidatus Deferrimicrobium;s__Candidatus Deferrimicrobium sp.	0	3665752	11	40	na	3665752	0	DATKTP000000000.1	3770	282	18426	1	none	none	none	none	none	none	1618	DATKTP010000129.1	889	1271	0	92.688	JQ817231.1.1370	Archaea;Asgardarchaeota;Lokiarchaeia;Odinarchaeales;Incertae Sedis;LCB-4;uncultured archaeon	0	14	26	0
GB_GCA_038842575.1	Archaea	Asgardarchaeota	Njordarchaeia	Njordarchaeales	Panguiarchaeaceae	Panguiarchaeum	Panguiarchaeum symbiosum	0	79.69	1.35	General	82.87	1.4	149	k__Archaea (UID2)	107	50.0	1105177	89.54007269003355	60	496205	40.202240673044514	1234282	GB_GCA_024720975.1	f	d__Archaea;p__Asgardarchaeota;c__Njordarchaeia;o__Njordarchaeales;f__Panguiarchaeaceae;g__Panguiarchaeum;s__Panguiarchaeum symbiosum	not type material	none	f	11	11	105720	105720	73397	1	2979	JAWBSO010000003.1	none	0	none	none	2950	1088	0	74.102	CP000504.1594574.1597615	Archaea;Thermoproteota;Thermoproteia;Thermoproteales;Thermoproteaceae;Pyrobaculum;Pyrobaculum islandicum DSM 4184	20571	20920	f	f	t	37537	37537	Scaffold	ASM3884257v1	na	PRJNA544494	SAMN36039170	60	37537	none	2024-04-30	GCA_038842575.1	derived from metagenome	full	JZ-1_201709_bins_108	none	none	0	0	Thermoproteota archaeon	none	na	2	59	11	37537	19102	8723	2024-04-30	1	2056631	1	JZ-1_201709_bins_108	The University of Texas at Austin	2056631	d__Archaea;p__Thermoproteota;c__;o__;f__;g__;s__	d__Archaea;x__Thermoproteati;p__Thermoproteota;x__unclassified Thermoproteota;s__Thermoproteota archaeon	10	1234282	11	46	na	1234272	0	JAWBSO000000000.1	1215	59	73397	1	none	none	none	none	none	none	1515	JAWBSO010000003.1	1399	998	0	79.986	DQ228522.1.1438	Archaea;Incertae Sedis;Incertae Sedis;Incertae Sedis;Incertae Sedis;Incertae Sedis;uncultured archaeon	10	19	46	0
GB_GCA_016840795.1	Archaea	Asgardarchaeota	Thorarchaeia	Thorarchaeales	Thorarchaeaceae	SMTZ1-83	SMTZ1-83 sp016840795	0	84.61	4.71	General	89.72	3.27	149	k__Archaea (UID2)	107	0.0	1950805	90.14573091189372	290	1076857	49.7610275514924	2164057	GB_GCA_016840795.1	t	d__Archaea;p__Asgardarchaeota;c__Thorarchaeia;o__Thorarchaeales;f__Thorarchaeaceae;g__SMTZ1-83;s__SMTZ1-83 sp016840795	not type material	none	f	70	70	43559	43559	22975	1	1045	JAEORS010000010.1	none	0	none	none	882	267	2.73e-69	73.016	LDXL01000006.397.3277	Archaea;Thermoproteota;Nitrososphaeria;Nitrosopumilales;Nitrosopumilaceae;Incertae Sedis;Thaumarchaeota archaeon CSP1-1	7462	7462	f	f	t	8516	8516	Contig	ASM1684079v1	na	PRJNA680430	SAMN16492185	290	8516	Pacific Ocean: Yap Trench	2021-02-09	GCA_016840795.1	derived from metagenome	full	Yap125.bin7.129	seawater	9.900000 N 138.510000 E	0	none	Candidatus Thorarchaeota archaeon	none	na	none	none	none	none	none	none	2021-02-09	0	2053491	none	Yap125.bin7.129	Shenzhen Univeristy	2053491	d__Archaea;p__Candidatus Thorarchaeota;c__;o__;f__;g__;s__	d__Archaea;x__Promethearchaeati;p__Candidatus Thorarchaeota;x__unclassified Candidatus Thorarchaeota;s__Candidatus Thorarchaeota archaeon	0	2164057	none	none	na	2164057	0	JAEORS000000000.1	2410	290	none	0	none	none	none	none	none	none	none	none	none	none	none	none	none	none	0	18	40	1
GB_GCA_048886685.1	Archaea	Asgardarchaeota	Lokiarchaeia	Sigyniarchaeales	SOKP01	Loki-b32	Loki-b32 sp048886685	0	100.0	8.37	General	91.59	4.67	149	k__Archaea (UID2)	107	0.0	3869554	87.60446395057	60	1364069	30.890824575714248	4417074	GB_GCA_048886685.1	t	d__Archaea;p__Asgardarchaeota;c__Lokiarchaeia;o__Sigyniarchaeales;f__SOKP01;g__Loki-b32;s__Loki-b32 sp048886685	not type material	none	f	9	8	422622	422622	24503	1	983	JBHLKM010000030.1	none	0	none	none	983	1498	0	94.201	JYIM01000373.485.3826	Archaea;Asgardarchaeota;Incertae Sedis;Incertae Sedis;Incertae Sedis;Incertae Sedis;Lokiarchaeum sp. GC14_75	73596	93980	f	f	t	169856	171896	Scaffold	ASM4888668v1	na	PRJNA1162170	SAMN43852790	60	169856	none	2025-03-24	GCA_048886685.1	derived from metagenome	full	DZ1B.338	none	none	0	0	Candidatus Hodarchaeota archaeon	none	na	3	47	8	171896	113072	51365	2025-03-24	13	2800102	2	DZ1B.338	East china normal University	2800102	d__Archaea;p__Candidatus Hodarchaeota;c__;o__;f__;g__;s__	d__Archaea;x__Promethearchaeati;p__Candidatus Hodarchaeota;x__unclassified Candidatus Hodarchaeota;s__Candidatus Hodarchaeota archaeon	1300	4417074	11	43	na	4415774	0	JBHLKM000000000.1	4050	47	none	0	none	none	none	none	none	none	none	none	none	none	none	none	none	none	1300	18	40	1
GB_GCA_001563335.1	Archaea	Asgardarchaeota	Thorarchaeia	Thorarchaeales	Thorarchaeaceae	SMTZ1-45	SMTZ1-45 sp001563335	0	87.72	5.82	General	87.69	5.14	149	k__Archaea (UID2)	107	0.0	3220175	90.85805977232546	119	1494357	42.163664281348986	3544182	GB_GCA_001563335.1	t	d__Archaea;p__Asgardarchaeota;c__Thorarchaeia;o__Thorarchaeales;f__Thorarchaeaceae;g__SMTZ1-45;s__SMTZ1-45 sp001563335	not type material	none	f	25	25	179128	179128	none	0	none	none	none	0	none	none	none	none	none	none	none	none	29783	29783	f	f	t	51214	51214	Contig	ASM156333v1	na	PRJNA270657	SAMN03998759	119	51214	USA: White Oak River Estuary; North Carolina	2016-02-18	GCA_001563335.1	derived from metagenome	full	SMTZ1-45	Sulfate-methane transisition zone estuary sediments 16-26 cm	34.7414 N 77.1234 W	0	0	Candidatus Thorarchaeota archaeon SMTZ1-45	3364	na	1	none	none	none	none	none	2016-02-18	0	1706444	0	SMTZ1-45	University of Texas	1706444	d__Archaea;p__Candidatus Thorarchaeota;c__;o__;f__;g__;s__	d__Archaea;x__Promethearchaeati;p__Candidatus Thorarchaeota;x__unclassified Candidatus Thorarchaeota;s__Candidatus Thorarchaeota archaeon SMTZ1-45	0	3544182	11	39	na	3544182	0	LRSL00000000.1	3438	119	51565	1	none	none	none	none	none	none	698	LRSL01000047.1	269	213	2.67e-53	81.041	FJ640805.1.935	Archaea;Asgardarchaeota;Lokiarchaeia;Incertae Sedis;Incertae Sedis;Incertae Sedis;uncultured archaeon	0	20	46	1
GB_GCA_048939465.1	Archaea	Asgardarchaeota	Odinarchaeia	Odinarchaeales	JBHLKK01	JBHLKK01	JBHLKK01 sp048939465	0	91.03	3.81	General	92.29	0.93	149	k__Archaea (UID2)	107	0.0	1698683	86.48579158685985	164	851643	43.3666969138688	1964118	GB_GCA_048939465.1	t	d__Archaea;p__Asgardarchaeota;c__Odinarchaeia;o__Odinarchaeales;f__JBHLKK01;g__JBHLKK01;s__JBHLKK01 sp048939465	not type material	none	f	38	34	96683	96683	none	0	none	none	none	0	none	none	none	none	none	none	none	none	11974	12921	f	f	t	16296	17866	Scaffold	ASM4893946v1	na	PRJNA1162170	SAMN43852919	164	16296	none	2025-03-25	GCA_048939465.1	derived from metagenome	full	H2M.186	none	none	0	0	Promethearchaeota archaeon	none	na	0	152	34	17866	10192	6713	2025-03-25	12	2053489	0	H2M.186	East china normal University	2053489	d__Archaea;p__Promethearchaeota;c__;o__;f__;g__;s__	d__Archaea;x__Promethearchaeati;p__Promethearchaeota;x__unclassified Promethearchaeota;s__Promethearchaeota archaeon	300	1964118	11	46	na	1963818	0	JBHLPL000000000.1	2106	152	none	0	none	none	none	none	none	none	none	none	none	none	none	none	none	none	300	19	44	0
GB_GCA_964220885.1	Archaea	Asgardarchaeota	Heimdallarchaeia	Heimdallarchaeales	Kariarchaeaceae	Kariarchaeum	Kariarchaeum pelagium	0	71.7	2.05	General	76.42	1.87	149	k__Archaea (UID2)	107	0.0	1284381	92.08345850053162	137	420923	30.17799671781136	1394801	GB_GCA_002728275.1	f	d__Archaea;p__Asgardarchaeota;c__Heimdallarchaeia;o__Heimdallarchaeales;f__Kariarchaeaceae;g__Kariarchaeum;s__Kariarchaeum pelagium	not type material	none	f	25	25	88132	88132	88132	1	2562	CAXPWM010000078.1	none	0	none	none	2369	4348	0	99.789	BCSF01007275.2.2427	Archaea;Asgardarchaeota;Incertae Sedis;Incertae Sedis;Incertae Sedis;Incertae Sedis;uncultured marine virus	10181	10181	f	f	t	15119	15119	Contig	02um_A1Z0725_5.73	na	PRJEB78949	SAMEA115927594	137	15119	none	2024-08-26	GCA_964220885.1	derived from metagenome	full	02um_A1Z0725_5.73	none	none	0	none	Promethearchaeati archaeon	none	na	none	none	none	none	none	none	2024-08-26	0	2591838	none	02um_A1Z0725_5.73	Tang lab	2591838	d__Archaea;p__;c__;o__;f__;g__;s__	d__Archaea;x__Promethearchaeati;x__unclassified Promethearchaeati;s__Promethearchaeati archaeon	0	1394801	none	none	na	1394801	0	CAXPWM000000000.1	1422	137	61419	1	none	none	none	none	none	none	1469	CAXPWM010000032.1	356	222	9.51e-56	78.652	JN509596.1.1473	Bacteria;Dependentiae;Babeliae;Babeliales;Incertae Sedis;Incertae Sedis;uncultured organism	0	20	39	0
GB_GCA_030606485.1	Archaea	Asgardarchaeota	Lokiarchaeia	Sigyniarchaeales	SOKP01	6H3-1	6H3-1 sp030606485	0	100.0	4.65	General	92.68	3.27	149	k__Archaea (UID2)	107	0.0	3273166	87.2763506950157	13	1096682	29.242147459955035	3750347	GB_GCA_030606485.1	t	d__Archaea;p__Asgardarchaeota;c__Lokiarchaeia;o__Sigyniarchaeales;f__SOKP01;g__6H3-1;s__6H3-1 sp030606485	not type material	none	f	4	4	912750	912750	256160	1	3161	JAUWGH010000007.1	none	0	none	none	1856	1598	0	82.651	JYIM01000373.485.3826	Archaea;Asgardarchaeota;Incertae Sedis;Incertae Sedis;Incertae Sedis;Incertae Sedis;Lokiarchaeum sp. GC14_75	288488	288488	f	f	t	451002	451002	Contig	ASM3060648v1	na	PRJNA950938	SAMN34050430	13	451002	none	2023-08-03	GCA_030606485.1	derived from metagenome	full	CSMAG_2237	cold seep	none	0	none	Promethearchaeota archaeon	none	na	none	none	none	none	none	none	2023-08-03	0	2053489	none	CSMAG_2237	Third Institute of Oceanography, Ministry of Natural Resources	2053489	d__Archaea;p__Promethearchaeota;c__;o__;f__;g__;s__	d__Archaea;x__Promethearchaeati;p__Promethearchaeota;x__unclassified Promethearchaeota;s__Promethearchaeota archaeon	0	3750347	none	none	na	3750347	0	JAUWGH000000000.1	3518	13	451002	1	none	none	none	none	none	none	961	JAUWGH010000004.1	942	1716	0	99.575	JQ817593.1.1427	Archaea;Asgardarchaeota;Lokiarchaeia;Incertae Sedis;Incertae Sedis;Incertae Sedis;uncultured archaeon	0	18	43	0
GB_GCA_029856055.1	Archaea	Asgardarchaeota	Njordarchaeia	Njordarchaeales	Njordarchaeaceae	Njordarchaeum	Njordarchaeum sp029856055	4	78.13	3.35	General	79.13	1.01	149	k__Archaea (UID2)	107	0.0	1392059	89.75744594148475	147	549154	35.40854776685658	1550912	GB_GCA_029856055.1	t	d__Archaea;p__Asgardarchaeota;c__Njordarchaeia;o__Njordarchaeales;f__Njordarchaeaceae;g__Njordarchaeum;s__Njordarchaeum sp029856055	not type material	none	f	38	38	37646	37646	23131	1	2989	JAHQWF010000020.1	none	0	none	none	2959	1413	0	76.039	CP006867.388300.391334	Archaea;Thermoproteota;Thermoproteia;Desulfurococcales;Ignicoccaceae;Ignicoccus;Ignicoccus islandicus DSM 13165	10550	10550	f	f	t	14263	14263	Contig	ASM2985605v1	na	PRJNA417281	SAMN18746668	147	14263	Japan: Taketomi Island shallow submarine hydrothermal field	2023-04-24	GCA_029856055.1	derived from metagenome	full	M288	sediment from shallow submarine hydrothermal field	24.34833333 N 124.10166667 E	0	none	Candidatus Njordarchaeota archaeon	none	na	none	none	none	none	none	none	2023-04-24	0	3036966	none	M288	Uppsala University	3036966	d__Archaea;p__Candidatus Njordarchaeota;c__;o__;f__;g__;s__	d__Archaea;x__Promethearchaeati;p__Candidatus Njordarchaeota;x__unclassified Candidatus Njordarchaeota;s__Candidatus Njordarchaeota archaeon	0	1550912	none	none	na	1550912	0	JAHQWF000000000.1	1659	147	none	0	none	none	none	none	none	none	none	none	none	none	none	none	none	none	0	17	42	0
GB_GCA_034660795.1	Archaea	Asgardarchaeota	Heimdallarchaeia	JABLTI01	JABLTI01	JAYEJY01	JAYEJY01 sp034660795	0	75.68	3.26	General	82.24	4.21	149	k__Archaea (UID2)	107	0.0	2035364	88.60349300875865	336	755232	32.87805769959122	2297160	GB_GCA_034660795.1	t	d__Archaea;p__Asgardarchaeota;c__Heimdallarchaeia;o__JABLTI01;f__JABLTI01;g__JAYEJY01;s__JAYEJY01 sp034660795	not type material	none	f	83	81	36007	36007	none	0	none	none	none	0	none	none	none	none	none	none	none	none	6836	7024	f	f	t	8382	8634	Scaffold	ASM3466079v1	na	PRJNA1042791	SAMN38319553	336	8382	none	2023-12-26	GCA_034660795.1	derived from metagenome	full	MAG151	none	none	0	0	Promethearchaeati archaeon	none	na	0	327	81	8634	5204	3569	2023-12-26	9	2591838	0	MAG151	Israel Oceanographic and Limnological Research	2591838	d__Archaea;p__;c__;o__;f__;g__;s__	d__Archaea;x__Promethearchaeati;x__unclassified Promethearchaeati;s__Promethearchaeati archaeon	90	2297160	11	39	na	2297070	0	JAYEJY000000000.1	2388	327	none	0	none	none	none	none	none	none	none	none	none	none	none	none	none	none	90	17	38	0
GB_GCA_038872655.1	Archaea	Asgardarchaeota	Jordiarchaeia	Jordiarchaeales	Freyrarchaeaceae	DTBI01	DTBI01 sp019057715	0	53.49	0.55	General	62.76	1.87	149	k__Archaea (UID2)	107	0.0	1272485	85.85359040911321	125	719630	48.55288609776157	1482157	GB_GCA_038858525.1	f	d__Archaea;p__Asgardarchaeota;c__Jordiarchaeia;o__Jordiarchaeales;f__Freyrarchaeaceae;g__DTBI01;s__DTBI01 sp019057715	not type material	none	f	25	25	69706	69706	none	0	none	none	none	0	none	none	none	none	none	none	none	none	11857	11857	f	f	t	16521	16521	Contig	ASM3887265v1	na	PRJNA544494	SAMN36037170	125	16521	none	2024-04-30	GCA_038872655.1	derived from metagenome	full	DRTY-6_201803_bins_92	none	none	0	0	Candidatus Jordarchaeales archaeon	none	na	1	none	none	none	none	none	2024-04-30	0	3058035	1	DRTY-6_201803_bins_92	The University of Texas at Austin	3058035	d__Archaea;p__;c__Candidatus Jordarchaeia;o__Candidatus Jordarchaeales;f__;g__;s__	d__Archaea;x__Promethearchaeati;x__Promethearchaeati incertae sedis;c__Candidatus Jordarchaeia;o__Candidatus Jordarchaeales;x__unclassified Candidatus Jordarchaeales;s__Candidatus Jordarchaeales archaeon	0	1482157	11	22	na	1482157	0	JAVZFV000000000.1	1579	125	12560	1	none	none	none	none	none	none	1493	JAVZFV010000037.1	1370	1587	0	87.883	JF935161.1.1360	Archaea;Thermoproteota;Bathyarchaeia;Incertae Sedis;Incertae Sedis;Incertae Sedis;uncultured crenarchaeote	0	11	22	0
GB_GCA_029856105.1	Archaea	Asgardarchaeota	Lokiarchaeia	Sigyniarchaeales	SOKP01	SOKP01	SOKP01 sp029856105	0	92.42	6.03	General	81.78	3.27	149	k__Archaea (UID2)	107	40.0	3211380	87.82067777727035	238	1166267	31.89356551054804	3656747	GB_GCA_029856105.1	t	d__Archaea;p__Asgardarchaeota;c__Lokiarchaeia;o__Sigyniarchaeales;f__SOKP01;g__SOKP01;s__SOKP01 sp029856105	not type material	none	f	27	27	228542	228542	51523	1	3311	JAHQWH010000034.1	none	0	none	none	3067	3914	0	89.958	JYIM01000373.485.3826	Archaea;Asgardarchaeota;Incertae Sedis;Incertae Sedis;Incertae Sedis;Incertae Sedis;Lokiarchaeum sp. GC14_75	15364	15364	f	f	t	36889	36889	Contig	ASM2985610v1	na	PRJNA417281	SAMN08011038	238	36889	Denmark: Aarhus Bay Station M5	2023-04-24	GCA_029856105.1	derived from metagenome	full	ABR02	marine sediment	56.1033 N 10.4578 E	0	none	Promethearchaeia archaeon	none	na	none	none	none	none	none	none	2023-04-24	0	3067280	none	ABR02	Uppsala University	3067280	d__Archaea;p__Promethearchaeota;c__Promethearchaeia;o__;f__;g__;s__	d__Archaea;x__Promethearchaeati;p__Promethearchaeota;c__Promethearchaeia;x__unclassified Promethearchaeia;s__Promethearchaeia archaeon	0	3656747	none	none	na	3656747	0	JAHQWH000000000.1	3555	238	none	0	none	none	none	none	none	none	none	none	none	none	none	none	none	none	0	14	35	0
GB_GCA_048882645.1	Archaea	Asgardarchaeota	Lokiarchaeia	Sigyniarchaeales	SOKP01	Loki-b32	Loki-b32 sp048882645	0	88.45	7.62	General	89.72	7.01	149	k__Archaea (UID2)	107	11.11	3334397	88.08905181339074	182	1184473	31.294391425801805	3785257	GB_GCA_048882645.1	t	d__Archaea;p__Asgardarchaeota;c__Lokiarchaeia;o__Sigyniarchaeales;f__SOKP01;g__Loki-b32;s__Loki-b32 sp048882645	not type material	none	f	49	45	114149	136551	none	0	none	none	none	0	none	none	none	none	none	none	none	none	20796	22531	f	f	t	26602	27898	Scaffold	ASM4888264v1	na	PRJNA1162170	SAMN43852969	182	26602	none	2025-03-24	GCA_048882645.1	derived from metagenome	full	TM1M.263	none	none	0	0	Candidatus Thorarchaeota archaeon	none	na	1	168	45	27898	17394	11785	2025-03-24	14	2053491	1	TM1M.263	East china normal University	2053491	d__Archaea;p__Candidatus Thorarchaeota;c__;o__;f__;g__;s__	d__Archaea;x__Promethearchaeati;p__Candidatus Thorarchaeota;x__unclassified Candidatus Thorarchaeota;s__Candidatus Thorarchaeota archaeon	320	3785257	11	34	na	3784937	0	JBHLRJ000000000.1	3571	168	none	0	none	none	none	none	none	none	none	none	none	none	none	none	none	none	320	15	34	1
GB_GCA_048937425.1	Archaea	Asgardarchaeota	Odinarchaeia	Odinarchaeales	JBHLKK01	JBHLKK01	JBHLKK01 sp048939565	0	82.75	3.51	General	75.71	3.74	149	k__Archaea (UID2)	107	0.0	1159461	87.29264006818015	260	555592	41.83523487102876	1328246	GB_GCA_048939565.1	f	d__Archaea;p__Asgardarchaeota;c__Odinarchaeia;o__Odinarchaeales;f__JBHLKK01;g__JBHLKK01;s__JBHLKK01 sp048939565	not type material	none	f	68	67	26711	26711	26711	1	2598	JBHLNJ010000001.1	none	0	none	none	2589	2274	0	82.889	KX764886.1.3038	Archaea;Incertae Sedis;Incertae Sedis;Incertae Sedis;Incertae Sedis;Incertae Sedis;uncultured archaeon	5107	5511	f	f	t	5811	5912	Scaffold	ASM4893742v1	na	PRJNA1162170	SAMN43852865	260	5811	none	2025-03-25	GCA_048937425.1	derived from metagenome	full	DZ2S.245	none	none	0	0	Promethearchaeota archaeon	none	na	3	241	67	5912	3847	3062	2025-03-25	19	2053489	2	DZ2S.245	East china normal University	2053489	d__Archaea;p__Promethearchaeota;c__;o__;f__;g__;s__	d__Archaea;x__Promethearchaeati;p__Promethearchaeota;x__unclassified Promethearchaeota;s__Promethearchaeota archaeon	198	1328246	11	42	na	1328048	0	JBHLNJ000000000.1	1522	241	23839	2	none	none	none	none	none	none	473	JBHLNJ010000002.1	477	536	9.25e-151	87.212	GQ994191.1.969	Archaea;Thermoproteota;Bathyarchaeia;Incertae Sedis;Incertae Sedis;Incertae Sedis;uncultured archaeon	198	20	42	0
GB_GCA_024276795.1	Archaea	Asgardarchaeota	Heimdallarchaeia	Heimdallarchaeales	JAJRWK01	JAJRWK01	JAJRWK01 sp024276795	0	87.38	2.51	General	87.07	2.34	149	k__Archaea (UID2)	107	33.33	2402179	88.27519376284111	295	1142665	41.99061530427868	2721239	GB_GCA_024276795.1	t	d__Archaea;p__Asgardarchaeota;c__Heimdallarchaeia;o__Heimdallarchaeales;f__JAJRWK01;g__JAJRWK01;s__JAJRWK01 sp024276795	not type material	none	f	63	63	76799	76799	14312	1	3352	JAJRWK010000090.1	none	0	none	none	1614	649	0	74.721	CP002920.1625737.1628725	Archaea;Methanobacteriota;Thermococci;Thermococcales;Thermococcaceae;Thermococcus;Thermococcus sp. 4557	9224	9224	f	f	t	12561	12561	Contig	ASM2427679v1	na	PRJNA771178	SAMN22253152	295	12561	Indian Ocean: Longqi hydrothermal vent field; ultraslow-spreading Southwestern Indian Ridge	2022-07-15	GCA_024276795.1	derived from metagenome	full	Dive96_bin2.176	active black smoker DFF12	37.78 S 49.64 E	0	none	archaeon	none	na	none	none	none	none	none	none	2022-07-15	0	1906665	none	Dive96_bin2.176	Second Organization of Oceanography, State Oceanic Administration	1906665	d__Archaea;p__;c__;o__;f__;g__;s__	d__Archaea;x__unclassified Archaea;s__archaeon	0	2721239	none	none	na	2721239	0	JAJRWK000000000.1	2650	295	19413	1	none	none	none	none	none	none	1485	JAJRWK010000073.1	1317	745	0	77.373	KP091049.1.1471	Archaea;Thermoproteota;Thermoproteia;Gearchaeales;Incertae Sedis;Incertae Sedis;uncultured archaeon	0	18	44	0
GB_GCA_038861025.1	Archaea	Asgardarchaeota	Njordarchaeia	Njordarchaeales	Panguiarchaeaceae	Panguiarchaeum	Panguiarchaeum symbiosum	0	79.41	1.0	General	82.87	0.93	149	k__Archaea (UID2)	107	50.0	1106191	90.04572328175456	46	494022	40.21418390413496	1228477	GB_GCA_024720975.1	f	d__Archaea;p__Asgardarchaeota;c__Njordarchaeia;o__Njordarchaeales;f__Panguiarchaeaceae;g__Panguiarchaeum;s__Panguiarchaeum symbiosum	not type material	none	f	9	9	95767	95767	93998	1	2979	JAWCDK010000002.1	none	0	none	none	2950	1083	0	74.068	CP000504.1594574.1597615	Archaea;Thermoproteota;Thermoproteia;Thermoproteales;Thermoproteaceae;Pyrobaculum;Pyrobaculum islandicum DSM 4184	26706	26706	f	f	t	47510	47510	Contig	ASM3886102v1	na	PRJNA544494	SAMN36039452	46	47510	none	2024-04-30	GCA_038861025.1	derived from metagenome	full	JZ-1_201912_bins_47	none	none	0	0	Thermoproteota archaeon	none	na	2	none	none	none	none	none	2024-04-30	0	2056631	1	JZ-1_201912_bins_47	The University of Texas at Austin	2056631	d__Archaea;p__Thermoproteota;c__;o__;f__;g__;s__	d__Archaea;x__Thermoproteati;p__Thermoproteota;x__unclassified Thermoproteota;s__Thermoproteota archaeon	0	1228477	11	43	na	1228477	0	JAWCDK000000000.1	1190	46	93998	1	none	none	none	none	none	none	1515	JAWCDK010000002.1	1399	992	0	79.914	DQ228522.1.1438	Archaea;Incertae Sedis;Incertae Sedis;Incertae Sedis;Incertae Sedis;Incertae Sedis;uncultured archaeon	0	19	43	0
GB_GCA_030613185.1	Archaea	Asgardarchaeota	Lokiarchaeia	Sigyniarchaeales	Promethearchaeaceae	Promethearchaeum	Promethearchaeum sp030613185	0	89.61	4.6	General	90.81	7.24	149	k__Archaea (UID2)	107	18.18	3838067	88.30336715705853	441	1336529	30.74985689490472	4346456	GB_GCA_030613185.1	t	d__Archaea;p__Asgardarchaeota;c__Lokiarchaeia;o__Sigyniarchaeales;f__Promethearchaeaceae;g__Promethearchaeum;s__Promethearchaeum sp030613185	not type material	none	f	119	119	41732	41732	19179	1	2085	JAUWMK010000034.1	none	0	none	none	1372	370	4.08e-100	72.376	JYIM01000373.485.3826	Archaea;Asgardarchaeota;Incertae Sedis;Incertae Sedis;Incertae Sedis;Incertae Sedis;Lokiarchaeum sp. GC14_75	9855	9855	f	f	t	12112	12112	Contig	ASM3061318v1	na	PRJNA950938	SAMN34050589	441	12112	none	2023-08-03	GCA_030613185.1	derived from metagenome	full	CSMAG_2396	cold seep	none	0	none	Promethearchaeum sp.	none	na	none	none	none	none	none	none	2023-08-03	0	3061966	none	CSMAG_2396	Third Institute of Oceanography, Ministry of Natural Resources	3061966	d__Archaea;p__Promethearchaeota;c__Promethearchaeia;o__Promethearchaeales;f__Promethearchaeaceae;g__Promethearchaeum;s__	d__Archaea;x__Promethearchaeati;p__Promethearchaeota;c__Promethearchaeia;o__Promethearchaeales;f__Promethearchaeaceae;g__Promethearchaeum;x__unclassified Promethearchaeum;s__Promethearchaeum sp.	0	4346456	none	none	na	4346456	0	JAUWMK000000000.1	4377	441	none	0	none	none	none	none	none	none	none	none	none	none	none	none	none	none	0	19	43	1
GB_GCA_048882165.1	Archaea	Asgardarchaeota	Thorarchaeia	Thorarchaeales	Thorarchaeaceae	SMTZ1-45	SMTZ1-45 sp048882385	0	88.64	2.52	General	84.58	3.27	149	k__Archaea (UID2)	107	0.0	2774668	90.2545613282377	335	1303852	42.4739451079218	3074269	GB_GCA_048882385.1	f	d__Archaea;p__Asgardarchaeota;c__Thorarchaeia;o__Thorarchaeales;f__Thorarchaeaceae;g__SMTZ1-45;s__SMTZ1-45 sp048882385	not type material	none	f	53	48	76303	76303	none	0	none	none	5971	1	114	JBHLRW010000138.1	none	none	none	none	none	none	9163	10600	f	f	t	14871	16894	Scaffold	ASM4888216v1	na	PRJNA1162170	SAMN43852982	335	14871	none	2025-03-24	GCA_048882165.1	derived from metagenome	full	TM2M.102	none	none	0	0	Candidatus Thorarchaeota archaeon	none	na	1	290	48	16894	7125	4421	2025-03-24	45	2053491	0	TM2M.102	East china normal University	2053491	d__Archaea;p__Candidatus Thorarchaeota;c__;o__;f__;g__;s__	d__Archaea;x__Promethearchaeati;p__Candidatus Thorarchaeota;x__unclassified Candidatus Thorarchaeota;s__Candidatus Thorarchaeota archaeon	4500	3074269	11	36	na	3069769	0	JBHLRW000000000.1	3165	290	none	0	none	none	none	none	none	none	none	none	none	none	none	none	none	none	4500	17	36	0
GB_GCA_018238215.1	Archaea	Asgardarchaeota	Thorarchaeia	Thorarchaeales	Thorarchaeaceae	WTCK01	WTCK01 sp018238375	0	94.19	6.19	General	93.93	6.54	149	k__Archaea (UID2)	107	44.44	3002491	88.93457979358821	117	1613280	47.78578150255905	3376067	GB_GCA_018238375.1	f	d__Archaea;p__Asgardarchaeota;c__Thorarchaeia;o__Thorarchaeales;f__Thorarchaeaceae;g__WTCK01;s__WTCK01 sp018238375	not type material	none	f	23	23	130226	130226	42895	2	2289	JABCTT010000030.1	none	0	none	none	1404	383	5.77e-104	72.293	KX764886.1.3038	Archaea;Incertae Sedis;Incertae Sedis;Incertae Sedis;Incertae Sedis;Incertae Sedis;uncultured archaeon	28855	28855	f	f	t	52516	52516	Contig	ASM1823821v1	na	PRJNA628571	SAMN14734426	117	52516	China: Haima cold seep	2021-05-03	GCA_018238215.1	derived from metagenome	full	HM6_B27	cold seep	none	0	none	Candidatus Thorarchaeota archaeon	none	na	none	none	none	none	none	none	2021-05-03	0	2053491	none	HM6_B27	Institute of Deep-sea Science and Engineering, Chinese Academy of Sciences	2053491	d__Archaea;p__Candidatus Thorarchaeota;c__;o__;f__;g__;s__	d__Archaea;x__Promethearchaeati;p__Candidatus Thorarchaeota;x__unclassified Candidatus Thorarchaeota;s__Candidatus Thorarchaeota archaeon	0	3376067	none	none	na	3376067	0	JABCTT000000000.1	3260	117	62421	1	none	none	none	none	none	none	1531	JABCTT010000016.1	1283	654	0	76.306	AB213062.1.1375	Archaea;Thermoproteota;Bathyarchaeia;Incertae Sedis;Incertae Sedis;Incertae Sedis;uncultured archaeon	0	19	51	1
GB_GCA_019894795.1	Archaea	Asgardarchaeota	Heimdallarchaeia	Heimdallarchaeales	Heimdallarchaeaceae	UBA460	UBA460 sp019894795	0	89.47	6.97	General	93.22	3.27	149	k__Archaea (UID2)	107	0.0	2765852	90.17987707362052	367	1036610	33.80078791661205	3067039	GB_GCA_019894795.1	t	d__Archaea;p__Asgardarchaeota;c__Heimdallarchaeia;o__Heimdallarchaeales;f__Heimdallarchaeaceae;g__UBA460;s__UBA460 sp019894795	not type material	none	f	74	74	122913	122913	122913	1	2542	JAGXNV010000001.1	none	0	none	none	2549	3701	0	92.978	MEHH01000225.593.3133	Archaea;Asgardarchaeota;Incertae Sedis;Incertae Sedis;Incertae Sedis;Incertae Sedis;Candidatus Heimdallarchaeota archaeon AB_125	8356	8449	f	f	t	12137	12137	Scaffold	ASM1989479v1	na	PRJNA680161	SAMN18946032	367	12137	Russia: Cape Chukochii	2021-09-07	GCA_019894795.1	derived from metagenome	full	bin51	permafrost sediment	70.05 N 159.55 E	0	0	Candidatus Heimdallarchaeota archaeon	none	na	2	363	74	12137	6891	3770	2021-09-07	4	2026747	1	bin51	Princeton University	2026747	d__Archaea;p__Candidatus Heimdallarchaeota;c__;o__;f__;g__;s__	d__Archaea;x__Promethearchaeati;p__Candidatus Heimdallarchaeota;x__unclassified Candidatus Heimdallarchaeota;s__Candidatus Heimdallarchaeota archaeon	217	3067039	11	45	na	3066822	0	JAGXNV000000000.1	3136	363	122913	1	none	none	none	none	none	none	1541	JAGXNV010000001.1	1429	2505	0	98.321	JQ816545.1.1430	Archaea;Asgardarchaeota;Heimdallarchaeia;Incertae Sedis;Incertae Sedis;AB_125;uncultured archaeon	217	19	45	0
GB_GCA_019894715.1	Archaea	Asgardarchaeota	Lokiarchaeia	Sigyniarchaeales	SOKP01	JAFGOA01	JAFGOA01 sp019894715	0	98.34	2.4	General	88.79	2.34	149	k__Archaea (UID2)	107	0.0	2762399	82.17974535098504	288	901305	26.81329358415261	3361411	GB_GCA_019894715.1	t	d__Archaea;p__Asgardarchaeota;c__Lokiarchaeia;o__Sigyniarchaeales;f__SOKP01;g__JAFGOA01;s__JAFGOA01 sp019894715	not type material	none	f	45	45	120998	120998	none	0	none	none	none	0	none	none	none	none	none	none	none	none	11671	11671	f	f	t	21229	21229	Contig	ASM1989471v1	na	PRJNA680161	SAMN18946037	288	21229	Russia: Cape Chukochii	2021-09-07	GCA_019894715.1	derived from metagenome	full	bin106	permafrost sediment	70.05 N 159.55 E	0	0	Promethearchaeota archaeon	none	na	2	none	none	none	none	none	2021-09-07	0	2053489	2	bin106	Princeton University	2053489	d__Archaea;p__Promethearchaeota;c__;o__;f__;g__;s__	d__Archaea;x__Promethearchaeati;p__Promethearchaeota;x__unclassified Promethearchaeota;s__Promethearchaeota archaeon	0	3361411	11	49	na	3361411	0	JAGXOA000000000.1	3168	288	none	0	none	none	none	none	none	none	none	none	none	none	none	none	none	none	0	17	48	0
GB_GCA_016839515.1	Archaea	Asgardarchaeota	Heimdallarchaeia	Hodarchaeales	Hodarchaeaceae	Hodarchaeum	Hodarchaeum mangrovi	0	91.32	6.09	General	93.61	0.93	149	k__Archaea (UID2)	107	0.0	3500391	87.35897157531811	348	1319321	32.926186171122104	4006905	GB_GCA_016839515.1	t	d__Archaea;p__Asgardarchaeota;c__Heimdallarchaeia;o__Hodarchaeales;f__Hodarchaeaceae;g__Hodarchaeum;s__Hodarchaeum mangrovi	not type material	none	f	48	48	92527	92527	3092	1	844	JAEOUE010000075.1	3092	1	110	JAEOUE010000075.1	850	939	0	86.941	LBOA01000001.66625.69674	Bacteria;Dependentiae;Babeliae;Babeliales;Vermiphilaceae;Incertae Sedis;candidate division TM6 bacterium GW2011_GWF2_30_66	11514	11514	f	f	t	22952	22952	Contig	ASM1683951v1	na	PRJNA680430	SAMN16492249	348	22952	China: Futian Nature Reserve of Shenzhen	2021-02-09	GCA_016839515.1	derived from metagenome	full	FT_5_011	coastal marine sediment	22.530000 N 114.000000 E	0	none	Candidatus Hodarchaeum mangrovi	none	na	none	none	none	none	none	none	2021-02-09	0	2798938	none	FT_5_011	Shenzhen Univeristy	2798938	d__Archaea;p__Candidatus Hodarchaeota;c__Candidatus Hodarchaeia;o__Candidatus Hodarchaeales;f__Candidatus Hodarchaeaceae;g__Candidatus Hodarchaeum;s__Candidatus Hodarchaeum mangrovi	d__Archaea;x__Promethearchaeati;p__Candidatus Hodarchaeota;c__Candidatus Hodarchaeia;o__Candidatus Hodarchaeales;f__Candidatus Hodarchaeaceae;g__Candidatus Hodarchaeum;s__Candidatus Hodarchaeum mangrovi	0	4006905	none	none	na	4006905	0	JAEOUE000000000.1	3805	348	none	0	none	none	none	none	none	none	none	none	none	none	none	none	none	none	0	18	44	0
GB_GCA_019058245.1	Archaea	Asgardarchaeota	Lokiarchaeia	Sigyniarchaeales	SOKP01	Loki-b32	Loki-b32 sp019058245	0	76.18	2.28	General	73.52	1.4	149	k__Archaea (UID2)	107	0.0	2650787	85.88421191096873	41	894240	28.98148664292594	3086466	GB_GCA_019058245.1	t	d__Archaea;p__Asgardarchaeota;c__Lokiarchaeia;o__Sigyniarchaeales;f__SOKP01;g__Loki-b32;s__Loki-b32 sp019058245	not type material	none	f	8	7	461123	470288	none	0	none	none	none	0	none	none	none	none	none	none	none	none	75257	99563	f	f	t	115084	132582	Scaffold	ASM1905824v1	na	PRJNA678545	SAMN19664032	41	115084	Australia: Lake Weyba; Sunshine Coast	2021-06-29	GCA_019058245.1	derived from metagenome	full	LW60_5	Saline water lake sediment	26.44 S 153.06 E	0	none	Promethearchaeota archaeon	none	na	none	31	7	132582	92407	41960	2021-06-29	10	2053489	none	LW60_5	The University of Queensland	2053489	d__Archaea;p__Promethearchaeota;c__;o__;f__;g__;s__	d__Archaea;x__Promethearchaeati;p__Promethearchaeota;x__unclassified Promethearchaeota;s__Promethearchaeota archaeon	910	3086466	none	none	na	3085556	0	JAHPZJ000000000.1	2899	31	none	0	none	none	none	none	none	none	none	none	none	none	none	none	none	none	910	14	27	0
GB_GCA_018238205.1	Archaea	Asgardarchaeota	Thorarchaeia	Thorarchaeales	Thorarchaeaceae	SMTZ1-45	SMTZ1-45 sp018238205	0	99.61	6.9	General	94.86	4.74	149	k__Archaea (UID2)	107	0.0	3221983	90.14436043609732	344	1492844	41.76665972814421	3574248	GB_GCA_018238205.1	t	d__Archaea;p__Asgardarchaeota;c__Thorarchaeia;o__Thorarchaeales;f__Thorarchaeaceae;g__SMTZ1-45;s__SMTZ1-45 sp018238205	not type material	none	f	61	61	129375	129375	4915	1	883	JABCTV010000214.1	21370	1	114	JABCTV010000039.1	399	126	4.06e-27	73.183	JQLY01000001.1945851.1948807	Archaea;Methanobacteriota;Methanobacteria;Methanobacteriales;Methanobacteriaceae;Methanobacterium;Methanobacterium sp. SMA-27	10390	10390	f	f	t	16379	16379	Contig	ASM1823820v1	na	PRJNA628571	SAMN14734428	344	16379	China: Haima cold seep	2021-05-03	GCA_018238205.1	derived from metagenome	full	HM6_B34	cold seep	none	0	none	Candidatus Thorarchaeota archaeon	none	na	none	none	none	none	none	none	2021-05-03	0	2053491	none	HM6_B34	Institute of Deep-sea Science and Engineering, Chinese Academy of Sciences	2053491	d__Archaea;p__Candidatus Thorarchaeota;c__;o__;f__;g__;s__	d__Archaea;x__Promethearchaeati;p__Candidatus Thorarchaeota;x__unclassified Candidatus Thorarchaeota;s__Candidatus Thorarchaeota archaeon	0	3574248	none	none	na	3574248	0	JABCTV000000000.1	3644	344	67819	1	none	none	none	none	none	none	736	JABCTV010000003.1	453	235	6.01e-60	76.6	DQ228515.1.1464	Archaea;Asgardarchaeota;Lokiarchaeia;Odinarchaeales;Incertae Sedis;LCB-4;uncultured archaeon	0	17	51	1
GB_GCA_048940305.1	Archaea	Asgardarchaeota	Lokiarchaeia	Sigyniarchaeales	SOKP01	Loki-b32	Loki-b32 sp048885925	0	82.84	4.71	General	83.33	3.27	149	k__Archaea (UID2)	107	0.0	3037375	87.21748269218068	337	1012021	29.062940637590927	3482530	GB_GCA_048885925.1	f	d__Archaea;p__Asgardarchaeota;c__Lokiarchaeia;o__Sigyniarchaeales;f__SOKP01;g__Loki-b32;s__Loki-b32 sp048885925	not type material	none	f	82	79	60059	75728	none	0	none	none	none	0	none	none	none	none	none	none	none	none	10332	10617	f	f	t	13138	13229	Scaffold	ASM4894030v1	na	PRJNA1162170	SAMN43852898	337	13138	none	2025-03-25	GCA_048940305.1	derived from metagenome	full	DZ3M.376	none	none	0	0	Promethearchaeota archaeon	none	na	1	328	79	13229	8478	5477	2025-03-25	9	2053489	1	DZ3M.376	East china normal University	2053489	d__Archaea;p__Promethearchaeota;c__;o__;f__;g__;s__	d__Archaea;x__Promethearchaeati;p__Promethearchaeota;x__unclassified Promethearchaeota;s__Promethearchaeota archaeon	360	3482530	11	36	na	3482170	0	JBHLOQ000000000.1	3536	328	none	0	none	none	none	none	none	none	none	none	none	none	none	none	none	none	360	16	35	0
GB_GCA_964485715.1	Archaea	Asgardarchaeota	Heimdallarchaeia	Hodarchaeales	Hodarchaeaceae	Hodarchaeum	Hodarchaeum sp964485715	0	80.76	2.49	General	83.73	5.61	149	k__Archaea (UID2)	107	14.29	2021504	85.57221090809652	473	853556	36.17242456308824	2362337	GB_GCA_964485715.1	t	d__Archaea;p__Asgardarchaeota;c__Heimdallarchaeia;o__Hodarchaeales;f__Hodarchaeaceae;g__Hodarchaeum;s__Hodarchaeum sp964485715	not type material	none	f	126	118	25557	25557	none	0	none	none	none	0	none	none	none	none	none	none	none	none	4988	5344	f	f	t	5819	6095	Scaffold	SRP239594_co1_179	na	PRJEB82487	SAMEA117125000	473	5819	none	2025-01-09	GCA_964485715.1	derived from metagenome	full	SRP239594_co1_179	none	none	0	none	uncultured archaeon	none	na	none	442	118	6095	4109	2857	2025-01-09	31	115547	none	SRP239594_co1_179	Centre for Microbiome Research	115547	d__Archaea;p__;c__;o__;f__;g__;s__	d__Archaea;x__environmental samples;s__uncultured archaeon	2650	2362337	none	none	na	2359687	0	CAZALJ000000000.1	2419	442	4875	1	none	none	none	none	none	none	487	CAZALJ010000189.1	463	545	1.59e-153	87.905	JQ989638.1.1405	Archaea;Asgardarchaeota;Lokiarchaeia;Odinarchaeales;Incertae Sedis;LCB-4;uncultured archaeon	2650	16	31	0
GB_GCA_016292335.1	Archaea	Asgardarchaeota	Sifarchaeia	Sifarchaeales	Sifarchaeaceae	Sifarchaeum	Sifarchaeum subterraneum	0	80.25	1.68	General	81.46	1.87	149	k__Archaea (UID2)	107	0.0	1593693	79.05031078113677	300	732533	36.33507915730223	2016049	GB_GCA_016292335.1	t	d__Archaea;p__Asgardarchaeota;c__Sifarchaeia;o__Sifarchaeales;f__Sifarchaeaceae;g__Sifarchaeum;s__Sifarchaeum subterraneum	not type material	none	f	79	79	38150	38150	36767	1	2396	JAECRX010000053.1	5286	1	117	JAECRX010000167.1	1468	1092	0	80.45	KX764886.1.3038	Archaea;Incertae Sedis;Incertae Sedis;Incertae Sedis;Incertae Sedis;Incertae Sedis;uncultured archaeon	6720	6720	f	f	t	7961	7961	Contig	ASM1629233v1	na	PRJNA599172	SAMN16874502	300	7961	Pacific Ocean: off Costa Rica Margin	2020-12-22	GCA_016292335.1	derived from metagenome	full	CR_Bin_142	marine sediment	8.68 N 84.03 W	0	none	Candidatus Sifarchaeum subterraneum	none	na	none	none	none	none	none	none	2020-12-22	0	2792798	none	CR_Bin_142	University of Delaware	2792798	d__Archaea;p__Candidatus Sifarchaeota;c__Candidatus Sifarchaeia;o__Candidatus Sifarchaeales;f__Candidatus Sifarchaeaceae;g__Candidatus Sifarchaeum;s__Candidatus Sifarchaeum subterraneum	d__Archaea;x__Promethearchaeati;p__Candidatus Sifarchaeota;c__Candidatus Sifarchaeia;o__Candidatus Sifarchaeales;f__Candidatus Sifarchaeaceae;g__Candidatus Sifarchaeum;s__Candidatus Sifarchaeum subterraneum	0	2016049	none	none	assembly from type material	2016049	0	JAECRX000000000.1	2112	300	none	0	none	none	none	none	none	none	none	none	none	none	none	none	none	none	0	17	30	0
GB_GCA_016839275.1	Archaea	Asgardarchaeota	Thorarchaeia	Thorarchaeales	Thorarchaeaceae	SMTZ1-45	SMTZ1-45 sp016839275	0	83.87	3.6	General	91.59	0.93	149	k__Archaea (UID2)	107	0.0	2326302	90.24285599016844	239	1118215	43.378252355475006	2577824	GB_GCA_016839275.1	t	d__Archaea;p__Asgardarchaeota;c__Thorarchaeia;o__Thorarchaeales;f__Thorarchaeaceae;g__SMTZ1-45;s__SMTZ1-45 sp016839275	not type material	none	f	44	44	156199	156199	none	0	none	none	156199	1	113	JAEOUM010000117.1	none	none	none	none	none	none	10785	10785	f	f	t	15225	15225	Contig	ASM1683927v1	na	PRJNA680430	SAMN16492257	239	15225	China: Futian Nature Reserve of Shenzhen	2021-02-09	GCA_016839275.1	derived from metagenome	full	FT5_021	coastal marine sediment	22.530000 N 114.000000 E	0	none	Candidatus Thorarchaeota archaeon	none	na	none	none	none	none	none	none	2021-02-09	0	2053491	none	FT5_021	Shenzhen Univeristy	2053491	d__Archaea;p__Candidatus Thorarchaeota;c__;o__;f__;g__;s__	d__Archaea;x__Promethearchaeati;p__Candidatus Thorarchaeota;x__unclassified Candidatus Thorarchaeota;s__Candidatus Thorarchaeota archaeon	0	2577824	none	none	na	2577824	0	JAEOUM000000000.1	2676	239	none	0	none	none	none	none	none	none	none	none	none	none	none	none	none	none	0	16	42	0
GB_GCA_016840165.1	Archaea	Asgardarchaeota	Lokiarchaeia	Sigyniarchaeales	SOKP01	SOKP01	SOKP01 sp016840165	0	99.71	6.3	General	87.85	0.93	149	k__Archaea (UID2)	107	0.0	3223723	89.35393824458197	105	1140712	31.61782498150541	3607813	GB_GCA_016840165.1	t	d__Archaea;p__Asgardarchaeota;c__Lokiarchaeia;o__Sigyniarchaeales;f__SOKP01;g__SOKP01;s__SOKP01 sp016840165	not type material	none	f	12	12	334565	334565	53751	1	1116	JAEOSU010000081.1	none	0	none	none	511	645	0	89.628	JYIM01000373.485.3826	Archaea;Asgardarchaeota;Incertae Sedis;Incertae Sedis;Incertae Sedis;Incertae Sedis;Lokiarchaeum sp. GC14_75	34360	34360	f	f	t	80330	80330	Contig	ASM1684016v1	na	PRJNA680430	SAMN16492213	105	80330	China: Rongcheng Nation Swan Nature Reserve	2021-02-09	GCA_016840165.1	derived from metagenome	full	YT_039	coastal marine sediment	37.350000 N 122.580000 E	0	none	Promethearchaeota archaeon	none	na	none	none	none	none	none	none	2021-02-09	0	2053489	none	YT_039	Shenzhen Univeristy	2053489	d__Archaea;p__Promethearchaeota;c__;o__;f__;g__;s__	d__Archaea;x__Promethearchaeati;p__Promethearchaeota;x__unclassified Promethearchaeota;s__Promethearchaeota archaeon	0	3607813	none	none	na	3607813	0	JAEOSU000000000.1	3392	105	214035	1	none	none	none	none	none	none	545	JAEOSU010000080.1	544	928	0	97.426	GQ410837.1.927	Archaea;Thermoproteota;Bathyarchaeia;Incertae Sedis;Incertae Sedis;Incertae Sedis;uncultured archaeon	0	18	34	0
GB_GCA_030603365.1	Archaea	Asgardarchaeota	Heimdallarchaeia	Heimdallarchaeales	Heimdallarchaeaceae	UBA460	UBA460 sp030603365	0	88.96	3.43	General	93.46	2.34	149	k__Archaea (UID2)	107	0.0	3316978	90.82445162696504	17	1214849	33.26461442752013	3652076	GB_GCA_030603365.1	t	d__Archaea;p__Asgardarchaeota;c__Heimdallarchaeia;o__Heimdallarchaeales;f__Heimdallarchaeaceae;g__UBA460;s__UBA460 sp030603365	not type material	none	f	4	4	701036	701036	90273	1	2009	JAUVXV010000016.1	none	0	none	none	2009	3260	0	95.968	MEHH01000225.593.3133	Archaea;Asgardarchaeota;Incertae Sedis;Incertae Sedis;Incertae Sedis;Incertae Sedis;Candidatus Heimdallarchaeota archaeon AB_125	214828	214828	f	f	t	344975	344975	Contig	ASM3060336v1	na	PRJNA950938	SAMN34049238	17	344975	none	2023-08-03	GCA_030603365.1	derived from metagenome	full	CSMAG_1225	cold seep	none	0	none	Candidatus Heimdallarchaeota archaeon	none	na	none	none	none	none	none	none	2023-08-03	0	2026747	none	CSMAG_1225	Third Institute of Oceanography, Ministry of Natural Resources	2026747	d__Archaea;p__Candidatus Heimdallarchaeota;c__;o__;f__;g__;s__	d__Archaea;x__Promethearchaeati;p__Candidatus Heimdallarchaeota;x__unclassified Candidatus Heimdallarchaeota;s__Candidatus Heimdallarchaeota archaeon	0	3652076	none	none	na	3652076	0	JAUVXV000000000.1	3375	17	90273	1	none	none	none	none	none	none	1465	JAUVXV010000016.1	1410	2577	0	99.645	AB797486.1.1410	Archaea;Asgardarchaeota;Heimdallarchaeia;Incertae Sedis;Incertae Sedis;AB_125;uncultured archaeon	0	19	44	0
GB_GCA_022096875.1	Archaea	Asgardarchaeota	Heimdallarchaeia	Heimdallarchaeales	Heimdallarchaeaceae	UBA460	UBA460 sp023270155	0	81.84	2.21	General	85.51	0.0	149	k__Archaea (UID2)	107	0.0	2367689	91.865463050334	270	862389	33.46037626331604	2577344	GB_GCA_023270155.1	f	d__Archaea;p__Asgardarchaeota;c__Heimdallarchaeia;o__Heimdallarchaeales;f__Heimdallarchaeaceae;g__UBA460;s__UBA460 sp023270155	not type material	none	f	40	40	70439	70439	none	0	none	none	none	0	none	none	none	none	none	none	none	none	9545	9545	f	f	t	17300	17300	Contig	ASM2209687v1	na	PRJNA593668	SAMN15815165	270	17300	Pacific Ocean: South China Sea	2022-02-08	GCA_022096875.1	derived from metagenome	full	C1.bin.6	cold seep sediment	22.115309 N 119.285863 E	0	0	Candidatus Heimdallarchaeota archaeon	none	na	1	none	none	none	none	none	2022-02-08	0	2026747	0	C1.bin.6	Institute of Oceanology, Chinese Academy of Sciences	2026747	d__Archaea;p__Candidatus Heimdallarchaeota;c__;o__;f__;g__;s__	d__Archaea;x__Promethearchaeati;p__Candidatus Heimdallarchaeota;x__unclassified Candidatus Heimdallarchaeota;s__Candidatus Heimdallarchaeota archaeon	0	2577344	11	33	na	2577344	0	JADCTO000000000.1	2611	270	none	0	none	none	none	none	none	none	none	none	none	none	none	none	none	none	0	17	34	0
GB_GCA_964646355.1	Archaea	Asgardarchaeota	Lokiarchaeia	Helarchaeales	HEL-GB-B	HEL-GB-B	HEL-GB-B sp964646355	0	93.08	7.36	General	91.3	5.14	149	k__Archaea (UID2)	107	0.0	3303897	81.99596410430391	510	1174698	29.1797440017726	4029341	GB_GCA_964646355.1	t	d__Archaea;p__Asgardarchaeota;c__Lokiarchaeia;o__Helarchaeales;f__HEL-GB-B;g__HEL-GB-B;s__HEL-GB-B sp964646355	not type material	none	f	117	105	45909	46487	none	0	none	none	none	0	none	none	none	none	none	none	none	none	7893	8855	f	f	t	10600	12004	Scaffold	binchicken_co19_528	na	PRJEB82487	SAMEA117364459	510	10600	none	2025-01-12	GCA_964646355.1	derived from metagenome	full	binchicken_co19_528	none	none	0	none	uncultured archaeon	none	na	none	455	105	12004	6713	4193	2025-01-12	55	115547	none	binchicken_co19_528	Centre for Microbiome Research	115547	d__Archaea;p__;c__;o__;f__;g__;s__	d__Archaea;x__environmental samples;s__uncultured archaeon	3610	4029341	none	none	na	4025731	0	CAZYEE000000000.1	3587	455	none	0	none	none	none	none	none	none	none	none	none	none	none	none	none	none	3610	19	43	0
GB_GCA_016839805.1	Archaea	Asgardarchaeota	Hermodarchaeia	Hermodarchaeales	Hermodarchaeaceae	Hermodarchaeum	Hermodarchaeum sp016839805	0	86.71	3.11	General	94.86	0.0	149	k__Archaea (UID2)	107	0.0	2050778	88.79918041304965	50	1012490	43.841060405567376	2309456	GB_GCA_016839805.1	t	d__Archaea;p__Asgardarchaeota;c__Hermodarchaeia;o__Hermodarchaeales;f__Hermodarchaeaceae;g__Hermodarchaeum;s__Hermodarchaeum sp016839805	not type material	none	f	9	9	270724	270724	none	0	none	none	270724	1	102	JAEOTO010000032.1	none	none	none	none	none	none	46189	46189	f	f	t	73274	73274	Contig	ASM1683980v1	na	PRJNA680430	SAMN16492233	50	73274	China: Rongcheng Nation Swan Nature Reserve	2021-02-09	GCA_016839805.1	derived from metagenome	full	YT2_032	coastal marine sediment	37.350000 N 122.580000 E	0	none	Candidatus Hermodarchaeota archaeon	none	na	none	none	none	none	none	none	2021-02-09	0	2799008	none	YT2_032	Shenzhen Univeristy	2799008	d__Archaea;p__Candidatus Hermodarchaeota;c__;o__;f__;g__;s__	d__Archaea;x__Promethearchaeati;p__Candidatus Hermodarchaeota;x__unclassified Candidatus Hermodarchaeota;s__Candidatus Hermodarchaeota archaeon	0	2309456	none	none	na	2309456	0	JAEOTO000000000.1	2315	50	none	0	none	none	none	none	none	none	none	none	none	none	none	none	none	none	0	18	40	0
GB_GCA_029856545.1	Archaea	Asgardarchaeota	Baldrarchaeia	Baldrarchaeales	Baldrarchaeaceae	Baldrarchaeum	Baldrarchaeum yapensis	0	91.83	2.4	General	89.25	3.74	149	k__Archaea (UID2)	107	0.0	2486590	86.25490358636053	318	1294766	44.91287928323434	2882839	GB_GCA_016840465.1	f	d__Archaea;p__Asgardarchaeota;c__Baldrarchaeia;o__Baldrarchaeales;f__Baldrarchaeaceae;g__Baldrarchaeum;s__Baldrarchaeum yapensis	not type material	none	f	62	62	86089	86089	10294	1	1742	JAHKLL010000074.1	none	0	none	none	1619	1443	0	83.014	CP009961.1508878.1511819	Archaea;Thermoproteota;Thermoproteia;Thermoproteales;Thermofilaceae;Thermofilum;Thermofilum uzonense	9065	9065	f	f	t	12227	12227	Contig	ASM2985654v1	na	PRJNA417281	SAMN18753873	318	12227	Mexico: Guaymas Basin; Gulf of California	2023-04-24	GCA_029856545.1	derived from metagenome	full	B40_G16	deep-sea hydrothermal vent sediments	29.52416667 N 113.57000000 W	0	none	Candidatus Baldrarchaeota archaeon	none	na	none	none	none	none	none	none	2023-04-24	0	2799005	none	B40_G16	Uppsala University	2799005	d__Archaea;p__Candidatus Baldrarchaeota;c__;o__;f__;g__;s__	d__Archaea;x__Promethearchaeati;p__Candidatus Baldrarchaeota;x__unclassified Candidatus Baldrarchaeota;s__Candidatus Baldrarchaeota archaeon	0	2882839	none	none	na	2882839	0	JAHKLL000000000.1	3364	318	none	0	none	none	none	none	none	none	none	none	none	none	none	none	none	none	0	18	46	0
GB_GCA_019894885.1	Archaea	Asgardarchaeota	Lokiarchaeia	Sigyniarchaeales	SOKP01	SOKP01	SOKP01 sp019894885	8	88.82	3.83	General	73.14	3.74	149	k__Archaea (UID2)	107	20.0	2811291	87.30747216838319	296	1027032	31.90511397878857	3219989	GB_GCA_019894885.1	t	d__Archaea;p__Asgardarchaeota;c__Lokiarchaeia;o__Sigyniarchaeales;f__SOKP01;g__SOKP01;s__SOKP01 sp019894885	not type material	none	f	62	59	59554	60500	none	0	none	none	none	0	none	none	none	none	none	none	none	none	10875	11541	f	f	t	14852	15834	Scaffold	ASM1989488v1	na	PRJNA680161	SAMN18946026	296	14852	Russia: Cape Chukochii	2021-09-07	GCA_019894885.1	derived from metagenome	full	bin41	permafrost sediment	70.05 N 159.55 E	0	0	Promethearchaeota archaeon	none	na	2	279	59	15834	9145	5727	2021-09-07	17	2053489	1	bin41	Princeton University	2053489	d__Archaea;p__Promethearchaeota;c__;o__;f__;g__;s__	d__Archaea;x__Promethearchaeati;p__Promethearchaeota;x__unclassified Promethearchaeota;s__Promethearchaeota archaeon	961	3219989	11	32	na	3219028	0	JAGXNP000000000.1	3205	279	none	0	none	none	none	none	none	none	none	none	none	none	none	none	none	none	961	14	30	0
GB_GCA_018238805.1	Archaea	Asgardarchaeota	Heimdallarchaeia	Heimdallarchaeales	Heimdallarchaeaceae	UBA460	UBA460 sp018238545	0	82.47	5.47	General	88.79	5.14	149	k__Archaea (UID2)	107	14.29	2470522	90.57902229789656	541	929393	34.07519110151983	2727477	GB_GCA_018238545.1	f	d__Archaea;p__Asgardarchaeota;c__Heimdallarchaeia;o__Heimdallarchaeales;f__Heimdallarchaeaceae;g__UBA460;s__UBA460 sp018238545	not type material	none	f	140	140	35271	35271	20223	1	2542	JABCSQ010000491.1	none	0	none	none	2548	3779	0	93.524	MEHH01000225.593.3133	Archaea;Asgardarchaeota;Incertae Sedis;Incertae Sedis;Incertae Sedis;Incertae Sedis;Candidatus Heimdallarchaeota archaeon AB_125	5041	5041	f	f	t	5939	5939	Contig	ASM1823880v1	na	PRJNA628571	SAMN14734436	541	5939	China: Haima cold seep	2021-05-03	GCA_018238805.1	derived from metagenome	full	HM4_26_B6	cold seep	none	0	none	Candidatus Heimdallarchaeota archaeon	none	na	none	none	none	none	none	none	2021-05-03	0	2026747	none	HM4_26_B6	Institute of Deep-sea Science and Engineering, Chinese Academy of Sciences	2026747	d__Archaea;p__Candidatus Heimdallarchaeota;c__;o__;f__;g__;s__	d__Archaea;x__Promethearchaeati;p__Candidatus Heimdallarchaeota;x__unclassified Candidatus Heimdallarchaeota;s__Candidatus Heimdallarchaeota archaeon	0	2727477	none	none	na	2727477	0	JABCSQ000000000.1	3011	541	20223	1	none	none	none	none	none	none	1508	JABCSQ010000491.1	1429	2566	0	99.09	JQ816545.1.1430	Archaea;Asgardarchaeota;Heimdallarchaeia;Incertae Sedis;Incertae Sedis;AB_125;uncultured archaeon	0	17	42	0
GB_GCA_964347045.1	Archaea	Asgardarchaeota	Hermodarchaeia	Hermodarchaeales	Hermodarchaeaceae	Hermodarchaeum	Hermodarchaeum sp964347045	0	88.92	3.8	General	93.93	2.34	149	k__Archaea (UID2)	107	25.0	2266506	87.92329338488072	111	1104762	42.8679023301493	2577822	GB_GCA_964347045.1	t	d__Archaea;p__Asgardarchaeota;c__Hermodarchaeia;o__Hermodarchaeales;f__Hermodarchaeaceae;g__Hermodarchaeum;s__Hermodarchaeum sp964347045	not type material	none	f	11	8	251255	251255	none	0	none	none	251255	1	110	CAYFXC010000001.1	none	none	none	none	none	none	23217	31058	f	f	t	53689	129115	Scaffold	ERP108616_co2_263	na	PRJEB82487	SAMEA117294037	111	53689	none	2025-01-10	GCA_964347045.1	derived from metagenome	full	ERP108616_co2_263	none	none	0	none	uncultured archaeon	none	na	none	83	8	129115	40087	17797	2025-01-10	28	115547	none	ERP108616_co2_263	Centre for Microbiome Research	115547	d__Archaea;p__;c__;o__;f__;g__;s__	d__Archaea;x__environmental samples;s__uncultured archaeon	691	2577822	none	none	na	2577131	0	CAYFXC000000000.1	2617	83	27663	1	none	none	none	none	none	none	531	CAYFXC010000026.1	351	549	1.34e-154	94.872	JQ989578.1.1448	Archaea;Asgardarchaeota;Lokiarchaeia;Odinarchaeales;Incertae Sedis;LCB-4;uncultured archaeon	691	19	44	0
GB_GCA_029856875.1	Archaea	Asgardarchaeota	Jordiarchaeia	Jordiarchaeales	Freyrarchaeaceae	Freyrarchaeum	Freyrarchaeum sp029258835	0	90.0	4.66	General	92.06	6.54	149	k__Archaea (UID2)	107	0.0	2214825	85.34171944592471	362	1276902	49.20163545378988	2595243	GB_GCA_029258835.1	f	d__Archaea;p__Asgardarchaeota;c__Jordiarchaeia;o__Jordiarchaeales;f__Freyrarchaeaceae;g__Freyrarchaeum;s__Freyrarchaeum sp029258835	not type material	none	f	83	83	59035	59035	none	0	none	none	none	0	none	none	none	none	none	none	none	none	7169	7169	f	f	t	9455	9455	Contig	ASM2985687v1	na	PRJNA417281	SAMN18753874	362	9455	Mexico: Guaymas Basin; Gulf of California	2023-04-24	GCA_029856875.1	derived from metagenome	full	B36_G16	deep-sea hydrothermal vent sediments	29.52416667 N 113.57000000 W	0	none	Candidatus Jordarchaeia archaeon	none	na	none	none	none	none	none	none	2023-04-24	0	3067279	none	B36_G16	Uppsala University	3067279	d__Archaea;p__;c__Candidatus Jordarchaeia;o__;f__;g__;s__	d__Archaea;x__Promethearchaeati;x__Promethearchaeati incertae sedis;c__Candidatus Jordarchaeia;x__unclassified Candidatus Jordarchaeia;s__Candidatus Jordarchaeia archaeon	0	2595243	none	none	na	2595243	0	JAHKKT000000000.1	3008	362	none	0	none	none	none	none	none	none	none	none	none	none	none	none	none	none	0	16	43	0
GB_GCA_016930515.1	Archaea	Asgardarchaeota	Lokiarchaeia	Sigyniarchaeales	SOKP01	FT1-020	FT1-020 sp016930515	0	94.07	5.3	General	85.98	2.34	149	k__Archaea (UID2)	107	0.0	3432247	85.80887797965636	190	1402379	35.06057940825136	3999874	GB_GCA_016930515.1	t	d__Archaea;p__Asgardarchaeota;c__Lokiarchaeia;o__Sigyniarchaeales;f__SOKP01;g__FT1-020;s__FT1-020 sp016930515	not type material	none	f	37	37	123631	123631	3768	2	1636	JAFGGO010000023.1	none	0	none	none	927	839	0	83.603	LWDU01023116.107.3083	Archaea;Aenigmarchaeota;Incertae Sedis;Incertae Sedis;Incertae Sedis;Incertae Sedis;hydrothermal vent metagenome	21051	21051	f	f	t	33582	33582	Contig	ASM1693051v1	na	PRJNA690107	SAMN17241912	190	33582	USA: Anadarko; OK; Zodletone Spring	2021-02-24	GCA_016930515.1	derived from metagenome	full	Zod_Metabat.1389	Freshwater Sediment	34.99562 N 98.68895 W	0	0	Promethearchaeota archaeon	none	na	2	none	none	none	none	none	2021-02-24	0	2053489	0	Zod_Metabat.1389	Oklahoma State University	2053489	d__Archaea;p__Promethearchaeota;c__;o__;f__;g__;s__	d__Archaea;x__Promethearchaeati;p__Promethearchaeota;x__unclassified Promethearchaeota;s__Promethearchaeota archaeon	0	3999874	11	33	na	3999874	0	JAFGGO000000000.1	3789	190	none	0	none	none	none	none	none	none	none	none	none	none	none	none	none	none	0	14	31	0
GB_GCA_030602275.1	Archaea	Asgardarchaeota	Lokiarchaeia	Sigyniarchaeales	SOKP01	SOKP01	SOKP01 sp005222975	0	96.23	8.04	General	84.74	3.74	149	k__Archaea (UID2)	107	20.0	3311676	86.78123329455049	249	1183128	31.003427565170902	3816120	GB_GCA_005222975.1	f	d__Archaea;p__Asgardarchaeota;c__Lokiarchaeia;o__Sigyniarchaeales;f__SOKP01;g__SOKP01;s__SOKP01 sp005222975	not type material	none	f	55	55	110956	110956	46373	1	3025	JAUWAA010000010.1	none	0	none	none	3058	3930	0	90.124	JYIM01000373.485.3826	Archaea;Asgardarchaeota;Incertae Sedis;Incertae Sedis;Incertae Sedis;Incertae Sedis;Lokiarchaeum sp. GC14_75	15325	15325	f	f	t	20243	20243	Contig	ASM3060227v1	na	PRJNA950938	SAMN34049295	249	20243	none	2023-08-03	GCA_030602275.1	derived from metagenome	full	CSMAG_1282	cold seep	none	0	none	Promethearchaeota archaeon	none	na	none	none	none	none	none	none	2023-08-03	0	2053489	none	CSMAG_1282	Third Institute of Oceanography, Ministry of Natural Resources	2053489	d__Archaea;p__Promethearchaeota;c__;o__;f__;g__;s__	d__Archaea;x__Promethearchaeati;p__Promethearchaeota;x__unclassified Promethearchaeota;s__Promethearchaeota archaeon	0	3816120	none	none	na	3816120	0	JAUWAA000000000.1	3824	249	none	0	none	none	none	none	none	none	none	none	none	none	none	none	none	none	0	16	31	0
GB_GCA_018238095.1	Archaea	Asgardarchaeota	Heimdallarchaeia	Heimdallarchaeales	Heimdallarchaeaceae	UBA460	UBA460 sp018238545	0	83.24	5.44	General	85.98	6.46	149	k__Archaea (UID2)	107	18.18	2197060	91.02818855122878	420	824239	34.14971967232404	2413604	GB_GCA_018238545.1	f	d__Archaea;p__Asgardarchaeota;c__Heimdallarchaeia;o__Heimdallarchaeales;f__Heimdallarchaeaceae;g__UBA460;s__UBA460 sp018238545	not type material	none	f	104	104	37910	37910	17144	1	2542	JABCTW010000016.1	none	0	none	none	2548	3784	0	93.564	MEHH01000225.593.3133	Archaea;Asgardarchaeota;Incertae Sedis;Incertae Sedis;Incertae Sedis;Incertae Sedis;Candidatus Heimdallarchaeota archaeon AB_125	5746	5746	f	f	t	6883	6883	Contig	ASM1823809v1	na	PRJNA628571	SAMN14734431	420	6883	China: Haima cold seep	2021-05-03	GCA_018238095.1	derived from metagenome	full	HM6_B48	cold seep	none	0	none	Candidatus Heimdallarchaeota archaeon	none	na	none	none	none	none	none	none	2021-05-03	0	2026747	none	HM6_B48	Institute of Deep-sea Science and Engineering, Chinese Academy of Sciences	2026747	d__Archaea;p__Candidatus Heimdallarchaeota;c__;o__;f__;g__;s__	d__Archaea;x__Promethearchaeati;p__Candidatus Heimdallarchaeota;x__unclassified Candidatus Heimdallarchaeota;s__Candidatus Heimdallarchaeota archaeon	0	2413604	none	none	na	2413604	0	JABCTW000000000.1	2638	420	none	0	none	none	none	none	none	none	none	none	none	none	none	none	none	none	0	19	44	0
GB_GCA_048885325.1	Archaea	Asgardarchaeota	Lokiarchaeia	Sigyniarchaeales	SOKP01	SOKP01	SOKP01 sp048885325	0	99.61	3.92	General	89.72	0.93	149	k__Archaea (UID2)	107	100.0	2925722	88.02928650989988	344	983748	29.61323159505693	3323578	GB_GCA_048885325.1	t	d__Archaea;p__Asgardarchaeota;c__Lokiarchaeia;o__Sigyniarchaeales;f__SOKP01;g__SOKP01;s__SOKP01 sp048885325	not type material	none	f	75	69	75834	75834	none	0	none	none	none	0	none	none	none	none	none	none	none	none	9656	10386	f	f	t	12687	13621	Scaffold	ASM4888532v1	na	PRJNA1162170	SAMN43852933	344	12687	none	2025-03-24	GCA_048885325.1	derived from metagenome	full	H3B.4	none	none	0	0	Candidatus Odinarchaeota archaeon	none	na	1	320	69	13621	8035	4744	2025-03-24	24	2053490	1	H3B.4	East china normal University	2053490	d__Archaea;p__Candidatus Odinarchaeota;c__;o__;f__;g__;s__	d__Archaea;x__Promethearchaeati;p__Candidatus Odinarchaeota;x__unclassified Candidatus Odinarchaeota;s__Candidatus Odinarchaeota archaeon	1590	3323578	11	36	na	3321988	0	JBHLPZ000000000.1	3362	320	none	0	none	none	none	none	none	none	none	none	none	none	none	none	none	none	1590	17	36	1
GB_GCA_046483985.1	Archaea	Asgardarchaeota	Lokiarchaeia	Sigyniarchaeales	SOKP01	JAWOCD01	JAWOCD01 sp046483985	0	97.14	4.8	General	92.99	2.8	149	k__Archaea (UID2)	107	0.0	3476781	85.6078416502351	128	1429597	35.20058168738587	4061288	GB_GCA_046483985.1	t	d__Archaea;p__Asgardarchaeota;c__Lokiarchaeia;o__Sigyniarchaeales;f__SOKP01;g__JAWOCD01;s__JAWOCD01 sp046483985	not type material	none	f	19	19	162350	162350	129524	1	2997	JAWOCD010000084.1	none	0	none	none	2763	2606	0	84.003	JYIM01000373.485.3826	Archaea;Asgardarchaeota;Incertae Sedis;Incertae Sedis;Incertae Sedis;Incertae Sedis;Lokiarchaeum sp. GC14_75	31728	31728	f	f	t	78652	78652	Contig	ASM4648398v1	na	PRJNA1026782	SAMN37758122	128	78652	none	2025-01-03	GCA_046483985.1	derived from metagenome	full	BLK3-3.bin.73	none	none	0	0	Promethearchaeia archaeon	none	na	1	none	none	none	none	none	2025-01-03	0	3067280	0	BLK3-3.bin.73	XINJIANG INSTITUTE OF ECOLOGY AND GEOGRAPHY	3067280	d__Archaea;p__Promethearchaeota;c__Promethearchaeia;o__;f__;g__;s__	d__Archaea;x__Promethearchaeati;p__Promethearchaeota;c__Promethearchaeia;x__unclassified Promethearchaeia;s__Promethearchaeia archaeon	0	4061288	11	44	na	4061288	0	JAWOCD000000000.1	3849	128	none	0	none	none	none	none	none	none	none	none	none	none	none	none	none	none	0	17	44	1
GB_GCA_964353755.1	Archaea	Asgardarchaeota	Lokiarchaeia	Helarchaeales	HEL-GB-A	CAYGYC01	CAYGYC01 sp964353755	0	88.28	6.29	General	88.32	2.8	149	k__Archaea (UID2)	107	25.0	4130876	87.52295401273327	607	1867815	39.5964870960541	4719763	GB_GCA_964353755.1	t	d__Archaea;p__Asgardarchaeota;c__Lokiarchaeia;o__Helarchaeales;f__HEL-GB-A;g__CAYGYC01;s__CAYGYC01 sp964353755	not type material	none	f	145	132	38678	43921	8908	1	2741	CAYGYC010000183.1	none	0	none	none	1014	691	0	79.29	JRER01003300.2.2687	Archaea;Thermoproteota;Bathyarchaeia;Incertae Sedis;Incertae Sedis;Incertae Sedis;marine sediment metagenome	7771	8581	f	f	t	10234	11362	Scaffold	ERP119294_co4_332	na	PRJEB82487	SAMEA117370899	607	10234	none	2025-01-14	GCA_964353755.1	derived from metagenome	full	ERP119294_co4_332	none	none	0	none	uncultured archaeon	none	na	none	550	132	11362	6196	4181	2025-01-14	57	115547	none	ERP119294_co4_332	Centre for Microbiome Research	115547	d__Archaea;p__;c__;o__;f__;g__;s__	d__Archaea;x__environmental samples;s__uncultured archaeon	2640	4719763	none	none	na	4717123	0	CAYGYC000000000.1	4822	550	31142	1	none	none	none	none	none	none	498	CAYGYC010000010.1	483	701	0	92.961	AB801189.1.1471	Archaea;Asgardarchaeota;Lokiarchaeia;Odinarchaeales;Incertae Sedis;LCB-4;uncultured archaeon	2640	17	45	1
GB_GCA_048885525.1	Archaea	Asgardarchaeota	Lokiarchaeia	Sigyniarchaeales	SOKP01	Loki-b32	Loki-b32 sp048885525	0	99.31	3.4	General	87.85	2.34	149	k__Archaea (UID2)	107	0.0	3147199	87.84075564509331	96	1053040	29.39780616386881	3582846	GB_GCA_048885525.1	t	d__Archaea;p__Asgardarchaeota;c__Lokiarchaeia;o__Sigyniarchaeales;f__SOKP01;g__Loki-b32;s__Loki-b32 sp048885525	not type material	none	f	19	17	161226	161226	none	0	none	none	none	0	none	none	none	none	none	none	none	none	37312	41182	f	f	t	58409	66237	Scaffold	ASM4888552v1	na	PRJNA1162170	SAMN43852819	96	58409	none	2025-03-24	GCA_048885525.1	derived from metagenome	full	DZ1M.92	none	none	0	0	Candidatus Hermodarchaeota archaeon	none	na	3	87	17	66237	34377	20987	2025-03-24	9	2799008	2	DZ1M.92	East china normal University	2799008	d__Archaea;p__Candidatus Hermodarchaeota;c__;o__;f__;g__;s__	d__Archaea;x__Promethearchaeati;p__Candidatus Hermodarchaeota;x__unclassified Candidatus Hermodarchaeota;s__Candidatus Hermodarchaeota archaeon	810	3582846	11	42	na	3582036	0	JBHLLP000000000.1	3412	87	none	0	none	none	none	none	none	none	none	none	none	none	none	none	none	none	810	17	40	1
GB_GCA_016840095.1	Archaea	Asgardarchaeota	Heimdallarchaeia	Heimdallarchaeales	Heimdallarchaeaceae	UBA460	UBA460 sp016840095	0	89.17	7.81	General	92.52	1.4	149	k__Archaea (UID2)	107	0.0	3175549	92.1943335400452	165	1144883	33.238890398582285	3444408	GB_GCA_016840095.1	t	d__Archaea;p__Asgardarchaeota;c__Heimdallarchaeia;o__Heimdallarchaeales;f__Heimdallarchaeaceae;g__UBA460;s__UBA460 sp016840095	not type material	none	f	20	20	224937	224937	none	0	none	none	none	0	none	none	none	none	none	none	none	none	20875	20875	f	f	t	46061	46061	Contig	ASM1684009v1	na	PRJNA680430	SAMN16492218	165	46061	China: Rongcheng Nation Swan Nature Reserve	2021-02-09	GCA_016840095.1	derived from metagenome	full	YT1_002	coastal marine sediment	37.350000 N 122.580000 E	0	none	Candidatus Heimdallarchaeota archaeon	none	na	none	none	none	none	none	none	2021-02-09	0	2026747	none	YT1_002	Shenzhen Univeristy	2026747	d__Archaea;p__Candidatus Heimdallarchaeota;c__;o__;f__;g__;s__	d__Archaea;x__Promethearchaeati;p__Candidatus Heimdallarchaeota;x__unclassified Candidatus Heimdallarchaeota;s__Candidatus Heimdallarchaeota archaeon	0	3444408	none	none	na	3444408	0	JAEOSZ000000000.1	3371	165	none	0	none	none	none	none	none	none	none	none	none	none	none	none	none	none	0	20	43	0
GB_GCA_030608385.1	Archaea	Asgardarchaeota	Heimdallarchaeia	Heimdallarchaeales	Heimdallarchaeaceae	UBA460	UBA460 sp030608385	0	88.83	1.79	General	89.25	0.93	149	k__Archaea (UID2)	107	0.0	2530555	91.248978632229	217	926362	33.403576031229875	2773242	GB_GCA_030608385.1	t	d__Archaea;p__Asgardarchaeota;c__Heimdallarchaeia;o__Heimdallarchaeales;f__Heimdallarchaeaceae;g__UBA460;s__UBA460 sp030608385	not type material	none	f	43	43	109655	109655	20675	1	2542	JAUWEG010000034.1	none	0	none	none	2541	4416	0	98.032	MEHH01000225.593.3133	Archaea;Asgardarchaeota;Incertae Sedis;Incertae Sedis;Incertae Sedis;Incertae Sedis;Candidatus Heimdallarchaeota archaeon AB_125	12779	12779	f	f	t	18465	18465	Contig	ASM3060838v1	na	PRJNA950938	SAMN34050197	217	18465	none	2023-08-03	GCA_030608385.1	derived from metagenome	full	CSMAG_2184	cold seep	none	0	none	Candidatus Heimdallarchaeota archaeon	none	na	none	none	none	none	none	none	2023-08-03	0	2026747	none	CSMAG_2184	Third Institute of Oceanography, Ministry of Natural Resources	2026747	d__Archaea;p__Candidatus Heimdallarchaeota;c__;o__;f__;g__;s__	d__Archaea;x__Promethearchaeati;p__Candidatus Heimdallarchaeota;x__unclassified Candidatus Heimdallarchaeota;s__Candidatus Heimdallarchaeota archaeon	0	2773242	none	none	na	2773242	0	JAUWEG000000000.1	2726	217	42266	1	none	none	none	none	none	none	1477	JAUWEG010000010.1	1411	2579	0	99.646	JQ817511.1.1411	Archaea;Asgardarchaeota;Heimdallarchaeia;Incertae Sedis;Incertae Sedis;AB_125;uncultured archaeon	0	19	44	0
GB_GCA_048886185.1	Archaea	Asgardarchaeota	Heimdallarchaeia	Hodarchaeales	Hodarchaeaceae	Hodarchaeum	Hodarchaeum sp048886185	0	96.09	4.96	General	95.33	4.67	149	k__Archaea (UID2)	107	0.0	4162236	85.94019999682027	109	1702322	35.17356274886219	4843177	GB_GCA_048886185.1	t	d__Archaea;p__Asgardarchaeota;c__Heimdallarchaeia;o__Hodarchaeales;f__Hodarchaeaceae;g__Hodarchaeum;s__Hodarchaeum sp048886185	not type material	none	f	14	10	316045	316045	none	0	none	none	none	0	none	none	none	none	none	none	none	none	44401	64575	f	f	t	120494	208900	Scaffold	ASM4888618v1	na	PRJNA1162170	SAMN43852802	109	120494	none	2025-03-24	GCA_048886185.1	derived from metagenome	full	DZ1M.253	none	none	0	0	Candidatus Hermodarchaeota archaeon	none	na	0	75	10	208900	88293	36999	2025-03-24	34	2799008	0	DZ1M.253	East china normal University	2799008	d__Archaea;p__Candidatus Hermodarchaeota;c__;o__;f__;g__;s__	d__Archaea;x__Promethearchaeati;p__Candidatus Hermodarchaeota;x__unclassified Candidatus Hermodarchaeota;s__Candidatus Hermodarchaeota archaeon	3400	4843177	11	46	na	4839777	0	JBHLKY000000000.1	4159	75	none	0	none	none	none	none	none	none	none	none	none	none	none	none	none	none	3400	18	45	0
GB_GCA_016839995.1	Archaea	Asgardarchaeota	Hermodarchaeia	Hermodarchaeales	Hermodarchaeaceae	Hermodarchaeum	Hermodarchaeum sp016839995	0	75.33	1.61	General	83.47	0.0	149	k__Archaea (UID2)	107	0.0	1507913	90.71850433374304	148	751507	45.21188625360895	1662189	GB_GCA_016839995.1	t	d__Archaea;p__Asgardarchaeota;c__Hermodarchaeia;o__Hermodarchaeales;f__Hermodarchaeaceae;g__Hermodarchaeum;s__Hermodarchaeum sp016839995	not type material	none	f	39	39	60350	60350	none	0	none	none	none	0	none	none	none	none	none	none	none	none	11231	11231	f	f	t	13328	13328	Contig	ASM1683999v1	na	PRJNA680430	SAMN16492222	148	13328	China: Rongcheng Nation Swan Nature Reserve	2021-02-09	GCA_016839995.1	derived from metagenome	full	YT1_028	coastal marine sediment	37.350000 N 122.580000 E	0	none	Candidatus Hermodarchaeota archaeon	none	na	none	none	none	none	none	none	2021-02-09	0	2799008	none	YT1_028	Shenzhen Univeristy	2799008	d__Archaea;p__Candidatus Hermodarchaeota;c__;o__;f__;g__;s__	d__Archaea;x__Promethearchaeati;p__Candidatus Hermodarchaeota;x__unclassified Candidatus Hermodarchaeota;s__Candidatus Hermodarchaeota archaeon	0	1662189	none	none	na	1662189	0	JAEOTD000000000.1	1766	148	none	0	none	none	none	none	none	none	none	none	none	none	none	none	none	none	0	15	28	0
GB_GCA_041305845.1	Archaea	Asgardarchaeota	Lokiarchaeia	Sigyniarchaeales	Sigyniarchaeaceae	JBGLND01	JBGLND01 sp041305945	0	84.05	4.48	General	87.54	3.49	149	k__Archaea (UID2)	107	14.29	4847327	90.44089152620232	475	2882633	53.783847977009	5359663	GB_GCA_041305945.1	f	d__Archaea;p__Asgardarchaeota;c__Lokiarchaeia;o__Sigyniarchaeales;f__Sigyniarchaeaceae;g__JBGLND01;s__JBGLND01 sp041305945	not type material	none	f	91	91	93050	93050	none	0	none	none	none	0	none	none	none	none	none	none	none	none	11283	11283	f	f	t	16591	16591	Contig	ASM4130584v1	na	PRJNA1007388	SAMN40438308	475	16591	none	2024-08-15	GCA_041305845.1	derived from metagenome	full	PPR_0010	none	none	0	none	Promethearchaeota archaeon	none	na	none	none	none	none	none	none	2024-08-15	0	2053489	none	PPR_0010	Colorado State University	2053489	d__Archaea;p__Promethearchaeota;c__;o__;f__;g__;s__	d__Archaea;x__Promethearchaeati;p__Promethearchaeota;x__unclassified Promethearchaeota;s__Promethearchaeota archaeon	0	5359663	none	none	na	5359663	0	JBFYKP000000000.1	4828	475	none	0	none	none	none	none	none	none	none	none	none	none	none	none	none	none	0	18	39	1
GB_GCA_048940765.1	Archaea	Asgardarchaeota	Lokiarchaeia	Sigyniarchaeales	SOKP01	Loki-b32	Loki-b32 sp048940765	0	95.31	5.28	General	88.01	3.27	149	k__Archaea (UID2)	107	0.0	3535945	87.45191430172666	283	1177427	29.12194429411945	4043302	GB_GCA_048940765.1	t	d__Archaea;p__Asgardarchaeota;c__Lokiarchaeia;o__Sigyniarchaeales;f__SOKP01;g__Loki-b32;s__Loki-b32 sp048940765	not type material	none	f	50	49	101539	101539	none	0	none	none	none	0	none	none	none	none	none	none	none	none	14286	14440	f	f	t	24997	25137	Scaffold	ASM4894076v1	na	PRJNA1162170	SAMN43852888	283	24997	none	2025-03-25	GCA_048940765.1	derived from metagenome	full	DZ3M.289	none	none	0	0	Promethearchaeota archaeon	none	na	2	280	49	25137	11112	6013	2025-03-25	3	2053489	1	DZ3M.289	East china normal University	2053489	d__Archaea;p__Promethearchaeota;c__;o__;f__;g__;s__	d__Archaea;x__Promethearchaeati;p__Promethearchaeota;x__unclassified Promethearchaeota;s__Promethearchaeota archaeon	210	4043302	11	36	na	4043092	0	JBHLOG000000000.1	3957	280	none	0	none	none	none	none	none	none	none	none	none	none	none	none	none	none	210	14	34	0
GB_GCA_038849455.1	Archaea	Asgardarchaeota	Jordiarchaeia	Jordiarchaeales	Jordiarchaeaceae	Jordiarchaeum	Jordiarchaeum sp030587365	9	94.87	8.4	General	95.79	2.34	149	k__Archaea (UID2)	107	0.0	2806872	81.58043654354057	223	1455708	42.32719494972492	3440619	GB_GCA_030587365.2	f	d__Archaea;p__Asgardarchaeota;c__Jordiarchaeia;o__Jordiarchaeales;f__Jordiarchaeaceae;g__Jordiarchaeum;s__Jordiarchaeum sp030587365	not type material	none	f	37	23	149625	222079	200105	3	3889	JAWCMV010000002.1	none	0	none	none	2056	1517	0	80.399	MDVT01000007.654100.657172	Archaea;Asgardarchaeota;Incertae Sedis;Incertae Sedis;Incertae Sedis;Incertae Sedis;Candidatus Odinarchaeota archaeon LCB_4	15422	25869	f	f	t	26678	38328	Scaffold	ASM3884945v1	na	PRJNA544494	SAMN36037627	223	26678	none	2024-04-30	GCA_038849455.1	derived from metagenome	full	JZ-2_201705_bins_82	none	none	0	0	Candidatus Jordarchaeaceae archaeon	none	na	4	133	23	38328	18312	12172	2024-04-30	90	3058036	1	JZ-2_201705_bins_82	The University of Texas at Austin	3058036	d__Archaea;p__;c__Candidatus Jordarchaeia;o__Candidatus Jordarchaeales;f__Candidatus Jordarchaeaceae;g__;s__	d__Archaea;x__Promethearchaeati;x__Promethearchaeati incertae sedis;c__Candidatus Jordarchaeia;o__Candidatus Jordarchaeales;f__Candidatus Jordarchaeaceae;x__unclassified Candidatus Jordarchaeaceae;s__Candidatus Jordarchaeaceae archaeon	1431	3440619	11	42	na	3439188	0	JAWCMV000000000.1	3377	133	200105	1	none	none	none	none	none	none	1239	JAWCMV010000002.1	1116	2045	0	99.731	KX213895.1.1475	Archaea;Thermoproteota;Bathyarchaeia;Incertae Sedis;Incertae Sedis;Incertae Sedis;uncultured archaeon	1431	17	36	0
GB_GCA_005191415.1	Archaea	Asgardarchaeota	Lokiarchaeia	Helarchaeales	HEL-GB-A	HEL-GB-A	HEL-GB-A sp005191415	0	82.81	3.53	General	82.4	2.8	149	k__Archaea (UID2)	107	0.0	3379135	87.99784896953662	409	1358260	35.532797059975366	3840020	GB_GCA_005191415.1	t	d__Archaea;p__Asgardarchaeota;c__Lokiarchaeia;o__Helarchaeales;f__HEL-GB-A;g__HEL-GB-A;s__HEL-GB-A sp005191415	not type material	none	f	98	84	52512	52512	none	0	none	none	none	0	none	none	none	none	none	none	none	none	9346	11531	f	f	t	12678	15161	Scaffold	ASM519141v1	na	PRJNA362212	SAMN09406154	409	12678	Mexico: Guaymas Basin; Gulf of California	2019-05-06	GCA_005191415.1	derived from metagenome	full	Hel_GB_A	deep-sea hydrothermal vent sediments from dive 4569_2 depth 12-15 cm	29.52416667 N 113.57000000 W	0	none	Candidatus Helarchaeota ASGARD archaeon Hel_GB_A	none	na	none	333	84	15161	9079	5714	2019-05-06	76	2218536	none	Hel_GB_A	The University of Texas at Austin	2218536	d__Archaea;p__Candidatus Helarchaeota;c__;o__;f__;g__;s__	d__Archaea;x__Promethearchaeati;p__Candidatus Helarchaeota;s__Candidatus Helarchaeota ASGARD archaeon Hel_GB_A	17467	3840020	none	none	na	3822553	0	SUPS00000000.1	3763	333	none	0	none	none	none	none	none	none	none	none	none	none	none	none	none	none	17467	20	39	1
GB_GCA_018238345.1	Archaea	Asgardarchaeota	Lokiarchaeia	Sigyniarchaeales	SOKP01	SOKP01	SOKP01 sp018238625	0	92.2	4.34	General	86.92	3.74	149	k__Archaea (UID2)	107	0.0	3093411	87.98522681699627	288	1134000	32.25411922647	3515830	GB_GCA_018238625.1	f	d__Archaea;p__Asgardarchaeota;c__Lokiarchaeia;o__Sigyniarchaeales;f__SOKP01;g__SOKP01;s__SOKP01 sp018238625	not type material	none	f	69	69	48552	48552	none	0	none	none	none	0	none	none	none	none	none	none	none	none	12207	12207	f	f	t	16101	16101	Contig	ASM1823834v1	na	PRJNA628571	SAMN14734422	288	16101	China: Haima cold seep	2021-05-03	GCA_018238345.1	derived from metagenome	full	HM5_B45	cold seep	none	0	none	Promethearchaeota archaeon	none	na	none	none	none	none	none	none	2021-05-03	0	2053489	none	HM5_B45	Institute of Deep-sea Science and Engineering, Chinese Academy of Sciences	2053489	d__Archaea;p__Promethearchaeota;c__;o__;f__;g__;s__	d__Archaea;x__Promethearchaeati;p__Promethearchaeota;x__unclassified Promethearchaeota;s__Promethearchaeota archaeon	0	3515830	none	none	na	3515830	0	JABCTN000000000.1	3551	288	none	0	none	none	none	none	none	none	none	none	none	none	none	none	none	none	0	14	37	0
GB_GCA_019057915.1	Archaea	Asgardarchaeota	Lokiarchaeia	Sigyniarchaeales	SOKP01	Loki-b32	Loki-b32 sp019057865	0	77.26	2.58	General	73.7	2.72	149	k__Archaea (UID2)	107	0.0	2224537	86.42563206798005	480	742011	28.82791775384897	2573932	GB_GCA_019057865.1	f	d__Archaea;p__Asgardarchaeota;c__Lokiarchaeia;o__Sigyniarchaeales;f__SOKP01;g__Loki-b32;s__Loki-b32 sp019057865	not type material	none	f	143	143	25628	25628	none	0	none	none	none	0	none	none	none	none	none	none	none	none	5362	5362	f	f	t	6077	6077	Contig	ASM1905791v1	na	PRJNA678552	SAMN19663746	480	6077	New Zealand: Hikurangi Subduction Margin	2021-06-29	GCA_019057915.1	derived from metagenome	full	8H4_10	sediment collected in IODP Expedition 375 from site U1519E; depth 61.01 mbsf	38.72 S 178.61 E	0	none	Promethearchaeota archaeon	none	na	none	none	none	none	none	none	2021-06-29	0	2053489	none	8H4_10	The University of Queensland	2053489	d__Archaea;p__Promethearchaeota;c__;o__;f__;g__;s__	d__Archaea;x__Promethearchaeati;p__Promethearchaeota;x__unclassified Promethearchaeota;s__Promethearchaeota archaeon	0	2573932	none	none	na	2573932	0	JAHLWM000000000.1	2952	480	none	0	none	none	none	none	none	none	none	none	none	none	none	none	none	none	0	15	26	0
GB_GCA_030607575.1	Archaea	Asgardarchaeota	Heimdallarchaeia	Heimdallarchaeales	Heimdallarchaeaceae	UBA460	UBA460 sp030607575	0	87.6	1.71	General	88.32	0.93	149	k__Archaea (UID2)	107	0.0	2272104	91.0807121768777	185	832375	33.36700599894573	2494605	GB_GCA_030607575.1	t	d__Archaea;p__Asgardarchaeota;c__Heimdallarchaeia;o__Heimdallarchaeales;f__Heimdallarchaeaceae;g__UBA460;s__UBA460 sp030607575	not type material	none	f	42	42	68277	68277	none	0	none	none	none	0	none	none	none	none	none	none	none	none	13484	13484	f	f	t	18144	18144	Contig	ASM3060757v1	na	PRJNA950938	SAMN34050519	185	18144	none	2023-08-03	GCA_030607575.1	derived from metagenome	full	CSMAG_2326	cold seep	none	0	none	Candidatus Heimdallarchaeota archaeon	none	na	none	none	none	none	none	none	2023-08-03	0	2026747	none	CSMAG_2326	Third Institute of Oceanography, Ministry of Natural Resources	2026747	d__Archaea;p__Candidatus Heimdallarchaeota;c__;o__;f__;g__;s__	d__Archaea;x__Promethearchaeati;p__Candidatus Heimdallarchaeota;x__unclassified Candidatus Heimdallarchaeota;s__Candidatus Heimdallarchaeota archaeon	0	2494605	none	none	na	2494605	0	JAUWJS000000000.1	2498	185	15637	1	none	none	none	none	none	none	654	JAUWJS010000056.1	637	1127	0	98.587	JQ817511.1.1411	Archaea;Asgardarchaeota;Heimdallarchaeia;Incertae Sedis;Incertae Sedis;AB_125;uncultured archaeon	0	17	40	0
GB_GCA_048938225.1	Archaea	Asgardarchaeota	Lokiarchaeia	Sigyniarchaeales	SOKP01	Loki-b32	Loki-b32 sp048885525	0	98.86	5.89	General	89.72	4.21	149	k__Archaea (UID2)	107	16.67	3338476	87.92434633039302	106	1117549	29.438723645594912	3796987	GB_GCA_048885525.1	f	d__Archaea;p__Asgardarchaeota;c__Lokiarchaeia;o__Sigyniarchaeales;f__SOKP01;g__Loki-b32;s__Loki-b32 sp048885525	not type material	none	f	18	17	262489	262489	none	0	none	none	none	0	none	none	none	none	none	none	none	none	35813	38744	f	f	t	53632	54481	Scaffold	ASM4893822v1	na	PRJNA1162170	SAMN43852840	106	53632	none	2025-03-25	GCA_048938225.1	derived from metagenome	full	DZ2M.292	none	none	0	0	Promethearchaeota archaeon	none	na	2	98	17	54481	35826	17305	2025-03-25	8	2053489	2	DZ2M.292	East china normal University	2053489	d__Archaea;p__Promethearchaeota;c__;o__;f__;g__;s__	d__Archaea;x__Promethearchaeati;p__Promethearchaeota;x__unclassified Promethearchaeota;s__Promethearchaeota archaeon	800	3796987	11	41	na	3796187	0	JBHLMK000000000.1	3609	98	none	0	none	none	none	none	none	none	none	none	none	none	none	none	none	none	800	17	39	1
GB_GCA_029856025.1	Archaea	Asgardarchaeota	Njordarchaeia	Njordarchaeales	Njordarchaeaceae	Njordarchaeum	Njordarchaeum sp026993975	0	81.68	3.88	General	82.02	2.8	149	k__Archaea (UID2)	107	0.0	2081890	90.23835540793402	403	833530	36.12889075944226	2307101	GB_GCA_026993975.1	f	d__Archaea;p__Asgardarchaeota;c__Njordarchaeia;o__Njordarchaeales;f__Njordarchaeaceae;g__Njordarchaeum;s__Njordarchaeum sp026993975	not type material	none	f	96	96	65958	65958	none	0	none	none	none	0	none	none	none	none	none	none	none	none	5724	5724	f	f	t	7470	7470	Contig	ASM2985602v1	na	PRJNA495050	SAMN18747747	403	7470	Pacific Ocean: Lau Basin; Mariner vent site	2023-04-24	GCA_029856025.1	derived from metagenome	full	TNS08_bin003	hydrothermal vent deposit Mariner 2	22.1802 S 176.6012 W	0	none	Candidatus Njordarchaeota archaeon	none	na	none	none	none	none	none	none	2023-04-24	0	3036966	none	TNS08_bin003	Portland State University	3036966	d__Archaea;p__Candidatus Njordarchaeota;c__;o__;f__;g__;s__	d__Archaea;x__Promethearchaeati;p__Candidatus Njordarchaeota;x__unclassified Candidatus Njordarchaeota;s__Candidatus Njordarchaeota archaeon	0	2307101	none	none	na	2307101	0	JAGSHQ000000000.1	2540	403	none	0	none	none	none	none	none	none	none	none	none	none	none	none	none	none	0	20	51	0
GB_GCA_048939215.1	Archaea	Asgardarchaeota	Hermodarchaeia	Hermodarchaeales	Hermodarchaeaceae	Hermodarchaeum	Hermodarchaeum sp048939625	0	86.52	3.06	General	90.19	0.31	149	k__Archaea (UID2)	107	100.0	2074681	89.17441027309617	228	1035399	44.52863636187702	2326543	GB_GCA_048939625.1	f	d__Archaea;p__Asgardarchaeota;c__Hermodarchaeia;o__Hermodarchaeales;f__Hermodarchaeaceae;g__Hermodarchaeum;s__Hermodarchaeum sp048939625	not type material	none	f	45	41	105580	105580	none	0	none	none	4756	1	109	JBHLPS010000160.1	none	none	none	none	none	none	10198	10821	f	f	t	14315	15891	Scaffold	ASM4893921v1	na	PRJNA1162170	SAMN43852926	228	14315	none	2025-03-25	GCA_048939215.1	derived from metagenome	full	H2S.136	none	none	0	0	Promethearchaeota archaeon	none	na	3	215	41	15891	7637	4974	2025-03-25	13	2053489	1	H2S.136	East china normal University	2053489	d__Archaea;p__Promethearchaeota;c__;o__;f__;g__;s__	d__Archaea;x__Promethearchaeati;p__Promethearchaeota;x__unclassified Promethearchaeota;s__Promethearchaeota archaeon	1300	2326543	11	36	na	2325243	0	JBHLPS000000000.1	2421	215	none	0	none	none	none	none	none	none	none	none	none	none	none	none	none	none	1300	18	35	0
GB_GCA_030611625.1	Archaea	Asgardarchaeota	Lokiarchaeia	Sigyniarchaeales	Promethearchaeaceae	Promethearchaeum	Promethearchaeum sp030611625	0	74.61	3.37	General	71.65	4.21	149	k__Archaea (UID2)	107	20.0	2720730	89.12632789622975	365	940207	30.79952710203897	3052667	GB_GCA_030611625.1	t	d__Archaea;p__Asgardarchaeota;c__Lokiarchaeia;o__Sigyniarchaeales;f__Promethearchaeaceae;g__Promethearchaeum;s__Promethearchaeum sp030611625	not type material	none	f	113	113	28071	28071	none	0	none	none	none	0	none	none	none	none	none	none	none	none	8363	8363	f	f	t	9446	9446	Contig	ASM3061162v1	na	PRJNA950938	SAMN34050667	365	9446	none	2023-08-03	GCA_030611625.1	derived from metagenome	full	CSMAG_2474	cold seep	none	0	none	Promethearchaeum sp.	none	na	none	none	none	none	none	none	2023-08-03	0	3061966	none	CSMAG_2474	Third Institute of Oceanography, Ministry of Natural Resources	3061966	d__Archaea;p__Promethearchaeota;c__Promethearchaeia;o__Promethearchaeales;f__Promethearchaeaceae;g__Promethearchaeum;s__	d__Archaea;x__Promethearchaeati;p__Promethearchaeota;c__Promethearchaeia;o__Promethearchaeales;f__Promethearchaeaceae;g__Promethearchaeum;x__unclassified Promethearchaeum;s__Promethearchaeum sp.	0	3052667	none	none	na	3052667	0	JAUWPK000000000.1	3135	365	none	0	none	none	none	none	none	none	none	none	none	none	none	none	none	none	0	15	27	0
GB_GCA_023705845.1	Archaea	Asgardarchaeota	Lokiarchaeia	Sigyniarchaeales	SOKP01	Loki-b32	Loki-b32 sp005223125	0	98.06	6.73	General	87.85	3.27	149	k__Archaea (UID2)	107	0.0	3365426	86.67795784249942	78	1157101	29.801621458179124	3882678	GB_GCA_005223125.1	f	d__Archaea;p__Asgardarchaeota;c__Lokiarchaeia;o__Sigyniarchaeales;f__SOKP01;g__Loki-b32;s__Loki-b32 sp005223125	not type material	none	f	10	10	396182	396182	none	0	none	none	none	0	none	none	none	none	none	none	none	none	49777	49777	f	f	t	113769	113769	Contig	ASM2370584v1	na	PRJDB12054	SAMD00399028	78	113769	Japan	2021-12-02	GCA_023705845.1	derived from metagenome	full	7H_bin10	59.49m-59.59m section below the seafloor (cmbsf) in subseafloor sediments off Shimokita Peninsula	41.1773 N 142.2014 E	0	none	Promethearchaeota archaeon	none	na	none	none	none	none	none	none	2021-12-02	0	2053489	none	7H_bin10	Super-cutting-edge Grand and Advanced Research (SUGAR) Program, Institute for Extra-cutting-edge Science and Technology Avant-garde Research (X-star), Japan Agency for Marine-Earth Science and Technology	2053489	d__Archaea;p__Promethearchaeota;c__;o__;f__;g__;s__	d__Archaea;x__Promethearchaeati;p__Promethearchaeota;x__unclassified Promethearchaeota;s__Promethearchaeota archaeon	0	3882678	none	none	na	3882678	0	BPTH00000000.1	3777	78	none	0	none	none	none	none	none	none	none	none	none	none	none	none	none	none	0	15	33	0
GB_GCA_030587375.2	Archaea	Asgardarchaeota	Jordiarchaeia	Jordiarchaeales	Jordiarchaeaceae	Jordiarchaeum	Jordiarchaeum sp030587365	0	88.58	6.15	General	86.76	4.28	149	k__Archaea (UID2)	107	0.0	2814142	82.28360270545593	395	1445930	42.27801214718372	3420052	GB_GCA_030587365.2	f	d__Archaea;p__Asgardarchaeota;c__Jordiarchaeia;o__Jordiarchaeales;f__Jordiarchaeaceae;g__Jordiarchaeum;s__Jordiarchaeum sp030587365	not type material	none	f	80	80	60444	60444	none	0	none	none	none	0	none	none	none	none	none	none	none	none	8658	8658	f	f	t	12211	12211	Contig	ASM3058737v2	na	PRJNA923143	SAMN32689779	395	12211	China: Tengchong County; Yunnan	2024-07-27	GCA_030587375.2	derived from metagenome	full	SQRJ_26	hot spring sediment	24.95 N 98.44 E	0	0	Candidatus Freyarchaeota archaeon	none	na	1	none	none	none	none	none	2024-07-27	0	2830916	0	SQRJ_26	an eLibrary of Microbial Systematics and Genomics	2830916	d__Archaea;p__Candidatus Freyarchaeota;c__;o__;f__;g__;s__	d__Archaea;x__Promethearchaeati;p__Candidatus Freyarchaeota;x__unclassified Candidatus Freyarchaeota;s__Candidatus Freyarchaeota archaeon	0	3420052	11	31	na	3420052	0	JAUQZF000000000.2	3491	395	none	0	none	none	none	none	none	none	none	none	none	none	none	none	none	none	0	15	26	0
GB_GCA_018383815.1	Archaea	Asgardarchaeota	Jordiarchaeia	Jordiarchaeales	Jordiarchaeaceae	Jordiarchaeum	Jordiarchaeum sp018383815	0	95.55	5.14	General	96.11	3.27	149	k__Archaea (UID2)	107	0.0	3036882	80.17429412463535	269	1595185	42.13594146134271	3787850	GB_GCA_018383815.1	t	d__Archaea;p__Asgardarchaeota;c__Jordiarchaeia;o__Jordiarchaeales;f__Jordiarchaeaceae;g__Jordiarchaeum;s__Jordiarchaeum sp018383815	not type material	none	f	56	51	74404	74404	61151	1	3888	JAHAWU010000004.1	none	0	none	none	2056	1517	0	80.399	MDVT01000007.654100.657172	Archaea;Asgardarchaeota;Incertae Sedis;Incertae Sedis;Incertae Sedis;Incertae Sedis;Candidatus Odinarchaeota archaeon LCB_4	14073	16187	f	f	t	20658	21470	Scaffold	ASM1838381v1	na	PRJNA544494	SAMN18804112	269	20658	China: QuZhuoMu village; CuoNa county;Tibet Plateau; QZM_A3 pool	2021-05-17	GCA_018383815.1	derived from metagenome	full	QZM_A3	hot spring sediment	28.24816 N 91.80855 E	0	0	Candidatus Jordarchaeia archaeon	none	na	2	234	51	21470	14022	7700	2021-05-17	35	3067279	1	QZM_A3	The University of Texas at Austin	3067279	d__Archaea;p__;c__Candidatus Jordarchaeia;o__;f__;g__;s__	d__Archaea;x__Promethearchaeati;x__Promethearchaeati incertae sedis;c__Candidatus Jordarchaeia;x__unclassified Candidatus Jordarchaeia;s__Candidatus Jordarchaeia archaeon	2044	3787850	11	42	na	3785806	0	JAHAWU000000000.1	3742	234	61151	1	none	none	none	none	none	none	1535	JAHAWU010000004.1	1519	2178	0	92.693	KP091068.1.1520	Archaea;Thermoproteota;Bathyarchaeia;Incertae Sedis;Incertae Sedis;Incertae Sedis;uncultured archaeon	2044	18	37	0
GB_GCA_019058495.1	Archaea	Asgardarchaeota	Atabeyarchaeia	Atabeyarchaeales	Atabeyarchaeaceae	JAHPYV01	JAHPYV01 sp019058495	0	94.43	5.85	General	95.48	3.74	149	k__Archaea (UID2)	107	25.0	2411434	83.67630627441999	312	1333921	46.29998195096216	2881860	GB_GCA_019058495.1	t	d__Archaea;p__Asgardarchaeota;c__Atabeyarchaeia;o__Atabeyarchaeales;f__Atabeyarchaeaceae;g__JAHPYV01;s__JAHPYV01 sp019058495	not type material	none	f	68	64	127059	127059	62717	1	910	JAHPYV010000003.1	none	0	none	none	608	586	1.6e-165	84.375	KX764886.1.3038	Archaea;Incertae Sedis;Incertae Sedis;Incertae Sedis;Incertae Sedis;Incertae Sedis;uncultured archaeon	9234	10147	f	f	t	13004	13290	Scaffold	ASM1905849v1	na	PRJNA678545	SAMN19664018	312	13004	Australia: Lake Cootharaba; Sunshine Coast	2021-06-29	GCA_019058495.1	derived from metagenome	full	LC30	Freshwater water sediment	26.28 S 152.99 E	0	none	Promethearchaeati archaeon	none	na	none	284	64	13290	7859	4761	2021-06-29	28	2591838	none	LC30	The University of Queensland	2591838	d__Archaea;p__;c__;o__;f__;g__;s__	d__Archaea;x__Promethearchaeati;x__unclassified Promethearchaeati;s__Promethearchaeati archaeon	820	2881860	none	none	na	2881040	0	JAHPYV000000000.1	3155	284	none	0	none	none	none	none	none	none	none	none	none	none	none	none	none	none	820	18	39	0
GB_GCA_023705945.1	Archaea	Asgardarchaeota	Heimdallarchaeia	Heimdallarchaeales	Heimdallarchaeaceae	UBA460	UBA460 sp023705945	0	79.07	5.65	General	88.47	1.44	149	k__Archaea (UID2)	107	66.67	2695486	89.66837332974946	432	1039804	34.59024949926166	3006061	GB_GCA_023705945.1	t	d__Archaea;p__Asgardarchaeota;c__Heimdallarchaeia;o__Heimdallarchaeales;f__Heimdallarchaeaceae;g__UBA460;s__UBA460 sp023705945	not type material	none	f	71	71	45330	45330	none	0	none	none	none	0	none	none	none	none	none	none	none	none	6958	6958	f	f	t	11345	11345	Contig	ASM2370594v1	na	PRJDB12054	SAMD00399033	432	11345	Japan	2021-12-02	GCA_023705945.1	derived from metagenome	full	7H_bin003	59.49m-59.59m section below the seafloor (cmbsf) in subseafloor sediments off Shimokita Peninsula	41.1773 N 142.2014 E	0	none	Candidatus Heimdallarchaeota archaeon	none	na	none	none	none	none	none	none	2021-12-02	0	2026747	none	7H_bin003	Super-cutting-edge Grand and Advanced Research (SUGAR) Program, Institute for Extra-cutting-edge Science and Technology Avant-garde Research (X-star), Japan Agency for Marine-Earth Science and Technology	2026747	d__Archaea;p__Candidatus Heimdallarchaeota;c__;o__;f__;g__;s__	d__Archaea;x__Promethearchaeati;p__Candidatus Heimdallarchaeota;x__unclassified Candidatus Heimdallarchaeota;s__Candidatus Heimdallarchaeota archaeon	0	3006061	none	none	na	3006061	0	BPTM00000000.1	3194	432	1562	1	none	none	none	none	none	none	1361	BPTM01000428.1	1362	2470	0	99.413	JQ816545.1.1430	Archaea;Asgardarchaeota;Heimdallarchaeia;Incertae Sedis;Incertae Sedis;AB_125;uncultured archaeon	0	19	46	0
GB_GCA_030610785.1	Archaea	Asgardarchaeota	Lokiarchaeia	Sigyniarchaeales	SOKP01	JAUWRB01	JAUWRB01 sp030610785	0	78.69	4.01	General	78.5	1.87	149	k__Archaea (UID2)	107	0.0	2547825	85.8884485923339	271	900567	30.35856170790865	2966435	GB_GCA_030610785.1	t	d__Archaea;p__Asgardarchaeota;c__Lokiarchaeia;o__Sigyniarchaeales;f__SOKP01;g__JAUWRB01;s__JAUWRB01 sp030610785	not type material	none	f	77	77	40694	40694	none	0	none	none	none	0	none	none	none	none	none	none	none	none	10946	10946	f	f	t	12755	12755	Contig	ASM3061078v1	na	PRJNA950938	SAMN34050710	271	12755	none	2023-08-03	GCA_030610785.1	derived from metagenome	full	CSMAG_2517	cold seep	none	0	none	Promethearchaeota archaeon	none	na	none	none	none	none	none	none	2023-08-03	0	2053489	none	CSMAG_2517	Third Institute of Oceanography, Ministry of Natural Resources	2053489	d__Archaea;p__Promethearchaeota;c__;o__;f__;g__;s__	d__Archaea;x__Promethearchaeati;p__Promethearchaeota;x__unclassified Promethearchaeota;s__Promethearchaeota archaeon	0	2966435	none	none	na	2966435	0	JAUWRB000000000.1	3096	271	none	0	none	none	none	none	none	none	none	none	none	none	none	none	none	none	0	13	23	0
GB_GCA_038883015.1	Archaea	Asgardarchaeota	Jordiarchaeia	Jordiarchaeales	Freyrarchaeaceae	DTBI01	DTBI01 sp019057715	0	87.73	1.1	General	92.52	1.87	149	k__Archaea (UID2)	107	0.0	1776487	85.79953045362275	82	979294	47.29725878998836	2070509	GB_GCA_038858525.1	f	d__Archaea;p__Asgardarchaeota;c__Jordiarchaeia;o__Jordiarchaeales;f__Freyrarchaeaceae;g__DTBI01;s__DTBI01 sp019057715	not type material	none	f	22	22	104326	104326	33044	1	3051	JAVZND010000022.1	none	0	none	none	2922	2473	0	82.375	KX764886.1.3038	Archaea;Incertae Sedis;Incertae Sedis;Incertae Sedis;Incertae Sedis;Incertae Sedis;uncultured archaeon	25250	25250	f	f	t	33044	33044	Contig	ASM3888301v1	na	PRJNA544494	SAMN36037360	82	33044	none	2024-04-30	GCA_038883015.1	derived from metagenome	full	DRTY-6_201912_bins_42	none	none	0	0	Candidatus Jordarchaeales archaeon	none	na	2	none	none	none	none	none	2024-04-30	0	3058035	1	DRTY-6_201912_bins_42	The University of Texas at Austin	3058035	d__Archaea;p__;c__Candidatus Jordarchaeia;o__Candidatus Jordarchaeales;f__;g__;s__	d__Archaea;x__Promethearchaeati;x__Promethearchaeati incertae sedis;c__Candidatus Jordarchaeia;o__Candidatus Jordarchaeales;x__unclassified Candidatus Jordarchaeales;s__Candidatus Jordarchaeales archaeon	0	2070509	11	39	na	2070509	0	JAVZND000000000.1	2195	82	48428	1	none	none	none	none	none	none	1493	JAVZND010000008.1	1370	1587	0	87.883	JF935161.1.1360	Archaea;Thermoproteota;Bathyarchaeia;Incertae Sedis;Incertae Sedis;Incertae Sedis;uncultured crenarchaeote	0	18	37	0
GB_GCA_038888305.1	Archaea	Asgardarchaeota	Njordarchaeia	Njordarchaeales	Panguiarchaeaceae	Panguiarchaeum	Panguiarchaeum symbiosum	0	79.07	1.43	General	83.81	0.93	149	k__Archaea (UID2)	107	0.0	1244869	88.37482536148752	48	566476	40.26847736765931	1408624	GB_GCA_024720975.1	f	d__Archaea;p__Asgardarchaeota;c__Njordarchaeia;o__Njordarchaeales;f__Panguiarchaeaceae;g__Panguiarchaeum;s__Panguiarchaeum symbiosum	not type material	none	f	9	5	115564	222646	222646	1	2979	JAWAIT010000001.1	none	0	none	none	2950	1088	0	74.102	CP000504.1594574.1597615	Archaea;Thermoproteota;Thermoproteia;Thermoproteales;Thermoproteaceae;Pyrobaculum;Pyrobaculum islandicum DSM 4184	29307	48573	f	f	t	60679	106017	Scaffold	ASM3888830v1	na	PRJNA544494	SAMN36038091	48	60679	none	2024-04-30	GCA_038888305.1	derived from metagenome	full	SRBZ-1_201808_bins_67	none	none	0	0	Thermoproteota archaeon	none	na	2	29	5	106017	61193	19434	2024-04-30	19	2056631	1	SRBZ-1_201808_bins_67	The University of Texas at Austin	2056631	d__Archaea;p__Thermoproteota;c__;o__;f__;g__;s__	d__Archaea;x__Thermoproteati;p__Thermoproteota;x__unclassified Thermoproteota;s__Thermoproteota archaeon	1876	1408624	11	46	na	1406748	0	JAWAIT000000000.1	1326	29	222646	1	none	none	none	none	none	none	1515	JAWAIT010000001.1	1399	992	0	79.914	DQ228522.1.1438	Archaea;Incertae Sedis;Incertae Sedis;Incertae Sedis;Incertae Sedis;Incertae Sedis;uncultured archaeon	1876	19	46	0
GB_GCA_963726195.1	Archaea	Asgardarchaeota	Thorarchaeia	Thorarchaeales	Thorarchaeaceae	OWC5	OWC5 sp963726195	0	88.9	3.93	General	91.12	2.8	149	k__Archaea (UID2)	107	0.0	2556652	87.61538566983317	19	1495309	51.24360872366383	2918040	GB_GCA_963726195.1	t	d__Archaea;p__Asgardarchaeota;c__Thorarchaeia;o__Thorarchaeales;f__Thorarchaeaceae;g__OWC5;s__OWC5 sp963726195	not type material	none	f	3	3	916088	916088	129808	1	3056	CAVSBO010000015.1	none	0	none	none	2286	468	2.07e-129	71.085	KX764886.1.3038	Archaea;Incertae Sedis;Incertae Sedis;Incertae Sedis;Incertae Sedis;Incertae Sedis;uncultured archaeon	153581	153581	f	f	t	289674	289674	Contig	MFD04408.bin.2.157	na	PRJEB58634	SAMEA114816179	19	289674	none	2025-01-18	GCA_963726195.1	derived from metagenome	full	MFD04408.bin.2.157	none	none	0	none	Candidatus Thorarchaeota archaeon	none	na	none	none	none	none	none	none	2025-01-18	0	2053491	none	MFD04408.bin.2.157	Center for Microbial Communities	2053491	d__Archaea;p__Candidatus Thorarchaeota;c__;o__;f__;g__;s__	d__Archaea;x__Promethearchaeati;p__Candidatus Thorarchaeota;x__unclassified Candidatus Thorarchaeota;s__Candidatus Thorarchaeota archaeon	0	2918040	none	none	na	2918040	0	CAVSBO000000000.1	3217	19	119893	1	none	none	none	none	none	none	1523	CAVSBO010000018.1	520	388	9.2e-106	80.769	AB019721.1.1425	Archaea;Asgardarchaeota;Lokiarchaeia;Incertae Sedis;Incertae Sedis;Incertae Sedis;unidentified archaeon	0	18	46	1
GB_GCA_048885185.1	Archaea	Asgardarchaeota	Hermodarchaeia	Hermodarchaeales	Hermodarchaeaceae	Hermodarchaeum	Hermodarchaeum sp048885185	0	83.67	3.49	General	89.25	0.54	149	k__Archaea (UID2)	107	50.0	1528400	89.9894137028371	200	755445	44.48472864400911	1698422	GB_GCA_048885185.1	t	d__Archaea;p__Asgardarchaeota;c__Hermodarchaeia;o__Hermodarchaeales;f__Hermodarchaeaceae;g__Hermodarchaeum;s__Hermodarchaeum sp048885185	not type material	none	f	43	43	44753	44753	none	0	none	none	36413	1	102	JBHLQC010000004.1	none	none	none	none	none	none	8491	8621	f	f	t	10400	10400	Scaffold	ASM4888518v1	na	PRJNA1162170	SAMN43852936	200	10400	none	2025-03-24	GCA_048885185.1	derived from metagenome	full	H3S.115	none	none	0	0	Candidatus Odinarchaeota archaeon	none	na	3	197	43	10400	6232	3976	2025-03-24	3	2053490	0	H3S.115	East china normal University	2053490	d__Archaea;p__Candidatus Odinarchaeota;c__;o__;f__;g__;s__	d__Archaea;x__Promethearchaeati;p__Candidatus Odinarchaeota;x__unclassified Candidatus Odinarchaeota;s__Candidatus Odinarchaeota archaeon	210	1698422	11	37	na	1698212	0	JBHLQC000000000.1	1871	197	none	0	none	none	none	none	none	none	none	none	none	none	none	none	none	none	210	16	36	0
GB_GCA_030605895.1	Archaea	Asgardarchaeota	Lokiarchaeia	Sigyniarchaeales	SOKP01	Loki-b32	Loki-b32 sp030605895	0	58.3	0.9	General	62.41	0.47	149	k__Archaea (UID2)	107	0.0	1830330	86.94543091507106	333	614491	29.189919188579616	2105148	GB_GCA_030605895.1	t	d__Archaea;p__Asgardarchaeota;c__Lokiarchaeia;o__Sigyniarchaeales;f__SOKP01;g__Loki-b32;s__Loki-b32 sp030605895	not type material	none	f	97	97	32159	32159	none	0	none	none	none	0	none	none	none	none	none	none	none	none	6321	6321	f	f	t	7507	7507	Contig	ASM3060589v1	na	PRJNA950938	SAMN34050460	333	7507	none	2023-08-03	GCA_030605895.1	derived from metagenome	full	CSMAG_2267	cold seep	none	0	none	Promethearchaeota archaeon	none	na	none	none	none	none	none	none	2023-08-03	0	2053489	none	CSMAG_2267	Third Institute of Oceanography, Ministry of Natural Resources	2053489	d__Archaea;p__Promethearchaeota;c__;o__;f__;g__;s__	d__Archaea;x__Promethearchaeati;p__Promethearchaeota;x__unclassified Promethearchaeota;s__Promethearchaeota archaeon	0	2105148	none	none	na	2105148	0	JAUWHL000000000.1	2341	333	none	0	none	none	none	none	none	none	none	none	none	none	none	none	none	none	0	13	27	0
GB_GCA_965367995.1	Archaea	Asgardarchaeota	Njordarchaeia	Njordarchaeales	Njordarchaeaceae	Njordarchaeum	Njordarchaeum sp965367995	0	66.85	1.48	General	68.31	2.8	149	k__Archaea (UID2)	107	0.0	1125217	90.87280019188634	165	439055	35.45818920994675	1238233	GB_GCA_965367995.1	t	d__Archaea;p__Asgardarchaeota;c__Njordarchaeia;o__Njordarchaeales;f__Njordarchaeaceae;g__Njordarchaeum;s__Njordarchaeum sp965367995	not type material	none	f	40	40	28544	28544	none	0	none	none	none	0	none	none	none	none	none	none	none	none	7504	7504	f	f	t	10336	10336	Contig	SRR6823441_binner23_Refined_29	na	PRJEB27114	SAMEA118545368	165	10336	none	2025-07-03	GCA_965367995.1	derived from metagenome	full	SRR6823441_binner23_Refined_29	none	none	0	none	uncultured archaeon	none	na	none	none	none	none	none	none	2025-07-03	0	115547	none	SRR6823441_binner23_Refined_29	EMG	115547	d__Archaea;p__;c__;o__;f__;g__;s__	d__Archaea;x__environmental samples;s__uncultured archaeon	0	1238233	none	none	na	1238233	0	CBDULE000000000.1	1304	165	none	0	none	none	none	none	none	none	none	none	none	none	none	none	none	none	0	14	26	0
GB_GCA_029856355.1	Archaea	Asgardarchaeota	Heimdallarchaeia	Heimdallarchaeales	Heimdallarchaeaceae	UBA460	UBA460 sp001940755	0	90.0	5.1	General	93.46	3.27	149	k__Archaea (UID2)	107	20.0	3136585	91.60969631617208	56	1138275	33.245401312029095	3423857	GB_GCA_001940755.1	f	d__Archaea;p__Asgardarchaeota;c__Heimdallarchaeia;o__Heimdallarchaeales;f__Heimdallarchaeaceae;g__UBA460;s__UBA460 sp001940755	not type material	none	f	8	8	322496	322496	266011	1	2541	JAHQWT010000050.1	none	0	none	none	2541	4687	0	99.961	MEHH01000225.593.3133	Archaea;Asgardarchaeota;Incertae Sedis;Incertae Sedis;Incertae Sedis;Incertae Sedis;Candidatus Heimdallarchaeota archaeon AB_125	61140	61140	f	f	t	170893	170893	Contig	ASM2985635v1	na	PRJNA417281	SAMN08011050	56	170893	Denmark: Aarhus Bay Station M5	2023-04-24	GCA_029856355.1	derived from metagenome	full	ABR16	marine sediment	56.1033 N 10.4578 E	0	none	Candidatus Heimdallarchaeota archaeon	none	na	none	none	none	none	none	none	2023-04-24	0	2026747	none	ABR16	Uppsala University	2026747	d__Archaea;p__Candidatus Heimdallarchaeota;c__;o__;f__;g__;s__	d__Archaea;x__Promethearchaeati;p__Candidatus Heimdallarchaeota;x__unclassified Candidatus Heimdallarchaeota;s__Candidatus Heimdallarchaeota archaeon	0	3423857	none	none	na	3423857	0	JAHQWT000000000.1	3256	56	266011	1	none	none	none	none	none	none	1450	JAHQWT010000050.1	1450	2678	0	100	MEHH01000036.3025.4474	Archaea;Asgardarchaeota;Heimdallarchaeia;Incertae Sedis;Incertae Sedis;AB_125;Candidatus Heimdallarchaeota archaeon AB_125	0	19	43	0
GB_GCA_048940395.1	Archaea	Asgardarchaeota	Heimdallarchaeia	Hodarchaeales	Hodarchaeaceae	Hodarchaeum	Hodarchaeum sp048886185	0	94.34	5.64	General	92.99	4.67	149	k__Archaea (UID2)	107	0.0	4076988	86.33208878107287	201	1659432	35.14548433499774	4722448	GB_GCA_048886185.1	f	d__Archaea;p__Asgardarchaeota;c__Heimdallarchaeia;o__Hodarchaeales;f__Hodarchaeaceae;g__Hodarchaeum;s__Hodarchaeum sp048886185	not type material	none	f	21	20	232819	232819	none	0	none	none	none	0	none	none	none	none	none	none	none	none	23490	24986	f	f	t	53085	55273	Scaffold	ASM4894039v1	na	PRJNA1162170	SAMN43852896	201	53085	none	2025-03-25	GCA_048940395.1	derived from metagenome	full	DZ3M.358	none	none	0	0	Promethearchaeota archaeon	none	na	0	189	20	55273	23019	9367	2025-03-25	12	2053489	0	DZ3M.358	East china normal University	2053489	d__Archaea;p__Promethearchaeota;c__;o__;f__;g__;s__	d__Archaea;x__Promethearchaeati;p__Promethearchaeota;x__unclassified Promethearchaeota;s__Promethearchaeota archaeon	840	4722448	11	46	na	4721608	0	JBHLOO000000000.1	4208	189	none	0	none	none	none	none	none	none	none	none	none	none	none	none	none	none	840	18	45	0
GB_GCA_018238825.1	Archaea	Asgardarchaeota	Thorarchaeia	Thorarchaeales	Thorarchaeaceae	SMTZ1-45	SMTZ1-45 sp018238825	0	87.78	3.9	General	92.06	4.21	149	k__Archaea (UID2)	107	0.0	2517918	90.59044732558792	455	1158353	41.67558928882384	2779452	GB_GCA_018238825.1	t	d__Archaea;p__Asgardarchaeota;c__Thorarchaeia;o__Thorarchaeales;f__Thorarchaeaceae;g__SMTZ1-45;s__SMTZ1-45 sp018238825	not type material	none	f	111	111	48444	48444	none	0	none	none	none	0	none	none	none	none	none	none	none	none	6108	6108	f	f	t	7144	7144	Contig	ASM1823882v1	na	PRJNA628571	SAMN14734432	455	7144	China: Haima cold seep	2021-05-03	GCA_018238825.1	derived from metagenome	full	HM4_26_B25	cold seep	none	0	none	Candidatus Thorarchaeota archaeon	none	na	none	none	none	none	none	none	2021-05-03	0	2053491	none	HM4_26_B25	Institute of Deep-sea Science and Engineering, Chinese Academy of Sciences	2053491	d__Archaea;p__Candidatus Thorarchaeota;c__;o__;f__;g__;s__	d__Archaea;x__Promethearchaeati;p__Candidatus Thorarchaeota;x__unclassified Candidatus Thorarchaeota;s__Candidatus Thorarchaeota archaeon	0	2779452	none	none	na	2779452	0	JABCSP000000000.1	3006	455	none	0	none	none	none	none	none	none	none	none	none	none	none	none	none	none	0	17	44	1
GB_GCA_030616295.1	Archaea	Asgardarchaeota	Sifarchaeia	Borrarchaeales	Borrarchaeaceae	Borrarchaeum	Borrarchaeum sp016840315	0	82.86	4.09	General	84.74	0.93	149	k__Archaea (UID2)	107	0.0	1507434	84.53959654760503	195	680521	38.16483559623355	1783110	GB_GCA_016840315.1	f	d__Archaea;p__Asgardarchaeota;c__Sifarchaeia;o__Borrarchaeales;f__Borrarchaeaceae;g__Borrarchaeum;s__Borrarchaeum sp016840315	not type material	none	f	54	54	38593	38593	none	0	none	none	17526	1	112	JAUWXO010000017.1	none	none	none	none	none	none	9144	9144	f	f	t	10184	10184	Contig	ASM3061629v1	na	PRJNA950938	SAMN34050879	195	10184	none	2023-08-03	GCA_030616295.1	derived from metagenome	full	CSMAG_2686	cold seep	none	0	none	Candidatus Borrarchaeota archaeon	none	na	none	none	none	none	none	none	2023-08-03	0	2799003	none	CSMAG_2686	Third Institute of Oceanography, Ministry of Natural Resources	2799003	d__Archaea;p__Candidatus Borrarchaeota;c__;o__;f__;g__;s__	d__Archaea;x__Promethearchaeati;p__Candidatus Borrarchaeota;x__unclassified Candidatus Borrarchaeota;s__Candidatus Borrarchaeota archaeon	0	1783110	none	none	na	1783110	0	JAUWXO000000000.1	1847	195	none	0	none	none	none	none	none	none	none	none	none	none	none	none	none	none	0	18	32	0
GB_GCA_048883605.1	Archaea	Asgardarchaeota	Thorarchaeia	Thorarchaeales	Thorarchaeaceae	MP5-2226	MP5-2226 sp048884965	0	87.19	6.0	General	85.98	5.61	149	k__Archaea (UID2)	107	14.29	3372719	91.31481272405874	434	1628292	44.0860910853495	3693507	GB_GCA_048884965.1	f	d__Archaea;p__Asgardarchaeota;c__Thorarchaeia;o__Thorarchaeales;f__Thorarchaeaceae;g__MP5-2226;s__MP5-2226 sp048884965	not type material	none	f	96	95	86526	86526	51656	1	1162	JBHLQN010000002.1	32918	1	113	JBHLQN010000008.1	164	115	1.16e-23	79.878	AMPO01000017.17.2951	Archaea;Methanobacteriota;Methanobacteria;Methanobacteriales;Methanobacteriaceae;Methanobacterium;Methanobacterium formicicum DSM 3637	8510	8649	f	f	t	11277	11694	Scaffold	ASM4888360v1	na	PRJNA1162170	SAMN43852947	434	11277	none	2025-03-24	GCA_048883605.1	derived from metagenome	full	LCG2M.32	none	none	0	0	Candidatus Thorarchaeota archaeon	none	na	2	427	95	11694	6166	4134	2025-03-24	7	2053491	0	LCG2M.32	East china normal University	2053491	d__Archaea;p__Candidatus Thorarchaeota;c__;o__;f__;g__;s__	d__Archaea;x__Promethearchaeati;p__Candidatus Thorarchaeota;x__unclassified Candidatus Thorarchaeota;s__Candidatus Thorarchaeota archaeon	70	3693507	11	44	na	3693437	0	JBHLQN000000000.1	3799	427	none	0	none	none	none	none	none	none	none	none	none	none	none	none	none	none	70	19	44	1
GB_GCA_002505645.1	Archaea	Asgardarchaeota	Heimdallarchaeia	Heimdallarchaeales	Heimdallarchaeaceae	UBA460	UBA460 sp002505645	4	75.74	3.73	General	71.89	3.74	149	k__Archaea (UID2)	107	0.0	2493043	87.96132591032051	317	936971	33.40704265074013	2834249	GB_GCA_019057375.1	f	d__Archaea;p__Asgardarchaeota;c__Heimdallarchaeia;o__Heimdallarchaeales;f__Heimdallarchaeaceae;g__UBA460;s__UBA460 sp002505645	not type material	none	f	46	42	108444	143669	143669	1	2540	DAVS01000119.1	none	0	none	none	2542	4420	0	98.072	MEHH01000225.593.3133	Archaea;Asgardarchaeota;Incertae Sedis;Incertae Sedis;Incertae Sedis;Incertae Sedis;Candidatus Heimdallarchaeota archaeon AB_125	8847	12941	f	f	t	18780	20195	Scaffold	ASM250564v1	na	PRJNA348753	SAMN06027478	317	18780	Costa Rica	2017-10-10	GCA_002505645.1	derived from metagenome	full	UBA460	sediment	none	0	none	archaeon UBA460	0	na	none	219	42	20195	10193	5657	2017-10-10	98	1917434	none	UBA460	University of Queensland	1917434	d__Archaea;p__;c__;o__;f__;g__;s__	d__Archaea;x__unclassified Archaea;s__archaeon UBA460	29534	2834249	none	none	na	2804715	0	DAVS00000000.1	2811	219	143669	1	none	none	none	none	none	none	1508	DAVS01000119.1	1450	2584	0	98.828	MEHH01000036.3025.4474	Archaea;Asgardarchaeota;Heimdallarchaeia;Incertae Sedis;Incertae Sedis;AB_125;Candidatus Heimdallarchaeota archaeon AB_125	29534	19	37	0
GB_GCA_048941385.1	Archaea	Asgardarchaeota	Lokiarchaeia	Sigyniarchaeales	SOKP01	Loki-b32	Loki-b32 sp048941385	0	95.6	7.31	General	88.32	6.54	149	k__Archaea (UID2)	107	33.33	3533275	88.94817466521158	330	1235739	31.11724690178244	3972285	GB_GCA_048941385.1	t	d__Archaea;p__Asgardarchaeota;c__Lokiarchaeia;o__Sigyniarchaeales;f__SOKP01;g__Loki-b32;s__Loki-b32 sp048941385	not type material	none	f	66	65	77113	77113	none	0	none	none	none	0	none	none	none	none	none	none	none	none	12034	12610	f	f	t	16833	17285	Scaffold	ASM4894138v1	na	PRJNA1162170	SAMN43852873	330	16833	none	2025-03-25	GCA_048941385.1	derived from metagenome	full	DZ2S.368	none	none	0	0	Promethearchaeota archaeon	none	na	2	315	65	17285	10586	5386	2025-03-25	15	2053489	1	DZ2S.368	East china normal University	2053489	d__Archaea;p__Promethearchaeota;c__;o__;f__;g__;s__	d__Archaea;x__Promethearchaeati;p__Promethearchaeota;x__unclassified Promethearchaeota;s__Promethearchaeota archaeon	1050	3972285	11	34	na	3971235	0	JBHLNR000000000.1	3780	315	8658	1	none	none	none	none	none	none	414	JBHLNR010000155.1	413	741	0	99.031	GU270191.1.935	Archaea;Asgardarchaeota;Lokiarchaeia;Incertae Sedis;Incertae Sedis;Incertae Sedis;uncultured archaeon	1050	17	33	1
GB_GCA_016933575.1	Archaea	Asgardarchaeota	Thorarchaeia	Thorarchaeales	Thorarchaeaceae	SMTZ1-45	SMTZ1-45 sp016933575	0	85.52	6.93	General	86.92	4.42	149	k__Archaea (UID2)	107	0.0	3123806	90.11838436897058	215	1467280	42.32942219103976	3466336	GB_GCA_016933575.1	t	d__Archaea;p__Asgardarchaeota;c__Thorarchaeia;o__Thorarchaeales;f__Thorarchaeaceae;g__SMTZ1-45;s__SMTZ1-45 sp016933575	not type material	none	f	9	9	295671	295671	30627	1	1205	JAFGAR010000076.1	none	0	none	none	88	95.3	1.57e-17	86.364	NFZJ01010006.2.2901	Bacteria;Bacillota;Bacilli;Mycoplasmatales;Mycoplasmataceae;Incertae Sedis;gut metagenome	16122	16122	f	f	t	114129	114129	Contig	ASM1693357v1	na	PRJNA690107	SAMN17241759	215	114129	USA: Anadarko; OK; Zodletone Spring	2021-02-24	GCA_016933575.1	derived from metagenome	full	Zod_maxbin.0292	Freshwater Sediment	34.99562 N 98.68895 W	0	0	Candidatus Thorarchaeota archaeon	none	na	3	none	none	none	none	none	2021-02-24	0	2053491	1	Zod_maxbin.0292	Oklahoma State University	2053491	d__Archaea;p__Candidatus Thorarchaeota;c__;o__;f__;g__;s__	d__Archaea;x__Promethearchaeati;p__Candidatus Thorarchaeota;x__unclassified Candidatus Thorarchaeota;s__Candidatus Thorarchaeota archaeon	0	3466336	11	43	na	3466336	0	JAFGAR000000000.1	3330	215	none	0	none	none	none	none	none	none	none	none	none	none	none	none	none	none	0	18	44	1
GB_GCA_048881785.1	Archaea	Asgardarchaeota	Thorarchaeia	Thorarchaeales	Thorarchaeaceae	SMTZ1-45	SMTZ1-45 sp048882045	0	83.15	5.75	General	79.48	4.67	149	k__Archaea (UID2)	107	16.67	3011262	91.4407821378337	547	1472454	44.723658385013934	3293128	GB_GCA_048882045.1	f	d__Archaea;p__Asgardarchaeota;c__Thorarchaeia;o__Thorarchaeales;f__Thorarchaeaceae;g__SMTZ1-45;s__SMTZ1-45 sp048882045	not type material	none	f	143	137	32038	32038	none	0	none	none	none	0	none	none	none	none	none	none	none	none	6018	6419	f	f	t	7240	7552	Scaffold	ASM4888178v1	na	PRJNA1162170	SAMN43852992	547	7240	none	2025-03-24	GCA_048881785.1	derived from metagenome	full	TM2S.310	none	none	0	0	Candidatus Thorarchaeota archaeon	none	na	2	513	137	7552	4702	3423	2025-03-24	34	2053491	0	TM2S.310	East china normal University	2053491	d__Archaea;p__Candidatus Thorarchaeota;c__;o__;f__;g__;s__	d__Archaea;x__Promethearchaeati;p__Candidatus Thorarchaeota;x__unclassified Candidatus Thorarchaeota;s__Candidatus Thorarchaeota archaeon	790	3293128	11	36	na	3292338	0	JBHLSG000000000.1	3503	513	none	0	none	none	none	none	none	none	none	none	none	none	none	none	none	none	790	18	37	0
GB_GCA_002728275.1	Archaea	Asgardarchaeota	Heimdallarchaeia	Heimdallarchaeales	Kariarchaeaceae	Kariarchaeum	Kariarchaeum pelagium	6336	80.81	5.92	General	83.18	1.87	149	k__Archaea (UID2)	107	50.0	1298837	92.31716739082071	76	421850	30.119385146148808	1406929	GB_GCA_002728275.1	t	d__Archaea;p__Asgardarchaeota;c__Heimdallarchaeia;o__Heimdallarchaeales;f__Kariarchaeaceae;g__Kariarchaeum;s__Kariarchaeum pelagium	not type material	none	f	18	18	70478	70478	68485	1	2562	PBWW01000025.1	none	0	none	none	2369	4368	0	99.916	BCSF01007275.2.2427	Archaea;Asgardarchaeota;Incertae Sedis;Incertae Sedis;Incertae Sedis;Incertae Sedis;uncultured marine virus	18512	18512	f	f	t	26372	26372	Contig	ASM272827v1	na	PRJNA391943	SAMN07619227	76	26372	Saudi Arabia: Red Sea	2017-10-26	GCA_002728275.1	derived from metagenome	full	RS678	marine water sample	none	0	0	Candidatus Heimdallarchaeota archaeon	1366	na	2	none	none	none	none	none	2017-10-26	0	2026747	1	RS678	Tara Oceans Consortium	2026747	d__Archaea;p__Candidatus Heimdallarchaeota;c__;o__;f__;g__;s__	d__Archaea;x__Promethearchaeati;p__Candidatus Heimdallarchaeota;x__unclassified Candidatus Heimdallarchaeota;s__Candidatus Heimdallarchaeota archaeon	0	1406929	11	40	na	1406929	0	PBWW00000000.1	1390	76	19214	1	none	none	none	none	none	none	1469	PBWW01000028.1	356	222	9.51e-56	78.652	JN509596.1.1473	Bacteria;Dependentiae;Babeliae;Babeliales;Incertae Sedis;Incertae Sedis;uncultured organism	0	19	39	0
GB_GCA_030149205.1	Archaea	Asgardarchaeota	Heimdallarchaeia	Heimdallarchaeales	Kariarchaeaceae	WAKA01	WAKA01 sp030149205	0	93.51	2.82	General	93.46	3.27	149	k__Archaea (UID2)	107	0.0	2939577	88.86100079139992	12	1175481	35.53382614957035	3308062	GB_GCA_030149205.1	t	d__Archaea;p__Asgardarchaeota;c__Heimdallarchaeia;o__Heimdallarchaeales;f__Kariarchaeaceae;g__WAKA01;s__WAKA01 sp030149205	not type material	none	f	2	2	995517	995517	633630	1	2552	JASBSB010000007.1	none	0	none	none	2405	1384	0	77.713	BCSF01007275.2.2427	Archaea;Asgardarchaeota;Incertae Sedis;Incertae Sedis;Incertae Sedis;Incertae Sedis;uncultured marine virus	275671	275671	f	f	t	669118	669118	Contig	ASM3014920v1	na	PRJNA963066	SAMN34434822	12	669118	China:Wuxi	2023-06-02	GCA_030149205.1	derived from metagenome	full	BWSM_123	ballast tank	none	0	none	Candidatus Heimdallarchaeota archaeon	none	na	none	none	none	none	none	none	2023-06-02	0	2026747	none	BWSM_123	Shandong university	2026747	d__Archaea;p__Candidatus Heimdallarchaeota;c__;o__;f__;g__;s__	d__Archaea;x__Promethearchaeati;p__Candidatus Heimdallarchaeota;x__unclassified Candidatus Heimdallarchaeota;s__Candidatus Heimdallarchaeota archaeon	0	3308062	none	none	na	3308062	0	JASBSB000000000.1	3020	12	669118	1	none	none	none	none	none	none	1449	JASBSB010000006.1	284	143	7.51e-32	76.408	JX989256.1.1450	Archaea;Thermoplasmatota;Thermoplasmata;A10;Incertae Sedis;Incertae Sedis;uncultured Thermoplasmatales archaeon	0	19	43	0
GB_GCA_029838195.1	Archaea	Asgardarchaeota	Lokiarchaeia	Sigyniarchaeales	SOKP01	JALGVJ01	JALGVJ01 sp029838195	1	96.61	7.87	General	91.12	3.27	149	k__Archaea (UID2)	107	0.0	3730401	82.59553704354819	94	1511154	33.458763232411535	4516468	GB_GCA_029838195.1	t	d__Archaea;p__Asgardarchaeota;c__Lokiarchaeia;o__Sigyniarchaeales;f__SOKP01;g__JALGVJ01;s__JALGVJ01 sp029838195	not type material	none	f	15	15	291106	291106	65386	1	2492	JALGVJ010000020.1	none	0	none	none	1872	2318	0	89.103	JYIM01000373.485.3826	Archaea;Asgardarchaeota;Incertae Sedis;Incertae Sedis;Incertae Sedis;Incertae Sedis;Lokiarchaeum sp. GC14_75	48047	48047	f	f	t	97286	97286	Contig	ASM2983819v1	na	PRJNA692327	SAMN26807348	94	97286	Mexico: Guaymas Basin	2023-04-19	GCA_029838195.1	derived from metagenome	full	Meg22_1012_Bin_233	marine sediment	27.388 N 111.24560 W	0	none	Promethearchaeota archaeon	none	na	none	none	none	none	none	none	2023-04-19	0	2053489	none	Meg22_1012_Bin_233	University of Texas at Austin	2053489	d__Archaea;p__Promethearchaeota;c__;o__;f__;g__;s__	d__Archaea;x__Promethearchaeati;p__Promethearchaeota;x__unclassified Promethearchaeota;s__Promethearchaeota archaeon	0	4516468	none	none	na	4516468	0	JALGVJ000000000.1	4066	94	none	0	none	none	none	none	none	none	none	none	none	none	none	none	none	none	0	17	43	1
GB_GCA_051748335.1	Archaea	Asgardarchaeota	Thorarchaeia	Thorarchaeales	Thorarchaeaceae	WJIL01	WJIL01 sp046482545	0	88.51	1.25	General	91.59	2.8	149	k__Archaea (UID2)	107	0.0	2189449	87.22529070462306	341	1143197	45.54518913733233	2510108	GB_GCA_046482545.1	f	d__Archaea;p__Asgardarchaeota;c__Thorarchaeia;o__Thorarchaeales;f__Thorarchaeaceae;g__WJIL01;s__WJIL01 sp046482545	not type material	none	f	81	80	51409	51409	16693	1	2580	JBNJHH010000025.1	none	0	none	none	823	228	3.23e-57	72.783	CR937012.19040.21972	Archaea;Halobacteriota;Methanosarcinia;Methanosarcinales;Methanosarcinaceae;Candidatus Methanoperedens;uncultured archaeon	7360	7537	f	f	t	8344	8486	Scaffold	ASM5174833v1	na	PRJNA1202585	SAMN45962250	341	8344	none	2025-08-01	GCA_051748335.1	derived from metagenome	full	Y22_0dBSe2.bin.3	none	none	0	0	Promethearchaeati archaeon	none	na	3	333	80	8486	5402	3911	2025-08-01	8	2591838	1	Y22_0dBSe2.bin.3	XINJIANG INSTITUTE OF ECOLOGY AND GEOGRAPHY	2591838	d__Archaea;p__;c__;o__;f__;g__;s__	d__Archaea;x__Promethearchaeati;x__unclassified Promethearchaeati;s__Promethearchaeati archaeon	80	2510108	11	42	na	2510028	0	JBNJHH000000000.1	2739	333	12981	1	none	none	none	none	none	none	1564	JBNJHH010000039.1	595	403	3.37e-110	79.328	JQ989386.1.1449	Archaea;Asgardarchaeota;Lokiarchaeia;Odinarchaeales;Incertae Sedis;LCB-4;uncultured archaeon	80	19	43	0
GB_GCA_048885705.1	Archaea	Asgardarchaeota	Lokiarchaeia	Sigyniarchaeales	SOKP01	Loki-b32	Loki-b32 sp048885705	0	92.91	4.14	General	84.74	2.34	149	k__Archaea (UID2)	107	0.0	2985466	87.8845674355047	244	1006711	29.6402606147453	3397031	GB_GCA_048885705.1	t	d__Archaea;p__Asgardarchaeota;c__Lokiarchaeia;o__Sigyniarchaeales;f__SOKP01;g__Loki-b32;s__Loki-b32 sp048885705	not type material	none	f	53	52	83585	83585	none	0	none	none	none	0	none	none	none	none	none	none	none	none	13919	14273	f	f	t	21474	21993	Scaffold	ASM4888570v1	na	PRJNA1162170	SAMN43852813	244	21474	none	2025-03-24	GCA_048885705.1	derived from metagenome	full	DZ1M.436	none	none	0	0	Candidatus Hermodarchaeota archaeon	none	na	3	238	52	21993	11379	6667	2025-03-24	6	2799008	2	DZ1M.436	East china normal University	2799008	d__Archaea;p__Candidatus Hermodarchaeota;c__;o__;f__;g__;s__	d__Archaea;x__Promethearchaeati;p__Candidatus Hermodarchaeota;x__unclassified Candidatus Hermodarchaeota;s__Candidatus Hermodarchaeota archaeon	600	3397031	11	34	na	3396431	0	JBHLLJ000000000.1	3350	238	25656	1	none	none	none	none	none	none	413	JBHLLJ010000036.1	412	739	0	99.029	AB948398.1.1037	Archaea;Asgardarchaeota;Lokiarchaeia;Incertae Sedis;Incertae Sedis;Incertae Sedis;uncultured archaeon	600	16	34	1
GB_GCA_029258835.1	Archaea	Asgardarchaeota	Jordiarchaeia	Jordiarchaeales	Freyrarchaeaceae	Freyrarchaeum	Freyrarchaeum sp029258835	0	94.69	6.01	General	95.02	4.21	149	k__Archaea (UID2)	107	0.0	2269962	83.42792331559143	91	1328222	48.81614897609805	2720866	GB_GCA_029258835.1	t	d__Archaea;p__Asgardarchaeota;c__Jordiarchaeia;o__Jordiarchaeales;f__Freyrarchaeaceae;g__Freyrarchaeum;s__Freyrarchaeum sp029258835	not type material	none	f	17	17	163614	163614	61274	1	3052	JAPDJY010000012.1	none	0	none	none	3041	2490	0	81.881	KX764886.1.3038	Archaea;Incertae Sedis;Incertae Sedis;Incertae Sedis;Incertae Sedis;Incertae Sedis;uncultured archaeon	29899	29899	f	f	t	55167	55167	Contig	ASM2925883v1	na	PRJNA891685	SAMN31357558	91	55167	Mexico: Guaymas Basin; Gulf of California	2023-03-17	GCA_029258835.1	derived from metagenome	full	S9B3_HD70	hydrothermal vent sediment; anoxic hexadecane-degrading enrichment at 70 degrees Celsius	27.0075 N 111.409 W	0	none	Thermoproteota archaeon	none	na	none	none	none	none	none	none	2023-03-17	0	2056631	none	S9B3_HD70	Max Planck Institute for Marine Microbiology	2056631	d__Archaea;p__Thermoproteota;c__;o__;f__;g__;s__	d__Archaea;x__Thermoproteati;p__Thermoproteota;x__unclassified Thermoproteota;s__Thermoproteota archaeon	0	2720866	none	none	na	2720866	0	JAPDJY000000000.1	2879	91	141301	1	none	none	none	none	none	none	1495	JAPDJY010000035.1	1474	1646	0	86.974	KP091049.1.1471	Archaea;Thermoproteota;Thermoproteia;Gearchaeales;Incertae Sedis;Incertae Sedis;uncultured archaeon	0	19	40	0
GB_GCA_016840465.1	Archaea	Asgardarchaeota	Baldrarchaeia	Baldrarchaeales	Baldrarchaeaceae	Baldrarchaeum	Baldrarchaeum yapensis	0	96.13	1.72	General	93.93	3.74	149	k__Archaea (UID2)	107	0.0	1977793	87.21250594191868	100	1042002	45.94798627383712	2267786	GB_GCA_016840465.1	t	d__Archaea;p__Asgardarchaeota;c__Baldrarchaeia;o__Baldrarchaeales;f__Baldrarchaeaceae;g__Baldrarchaeum;s__Baldrarchaeum yapensis	not type material	none	f	18	18	120762	120762	23389	1	3142	JAEOSH010000034.1	none	0	none	none	2254	1982	0	82.831	CP000505.363018.366076	Archaea;Thermoproteota;Thermoproteia;Thermoproteales;Thermofilaceae;Thermofilum;Thermofilum pendens Hrk 5	22677	22677	f	f	t	31500	31500	Contig	ASM1684046v1	na	PRJNA680430	SAMN16492200	100	31500	Pacific Ocean: Yap Trench	2021-02-09	GCA_016840465.1	derived from metagenome	full	Yap30.bin9.72	seawater	9.900000 N 138.510000 E	0	none	Candidatus Baldrarchaeum yapensis	none	na	none	none	none	none	none	none	2021-02-09	0	2798940	none	Yap30.bin9.72	Shenzhen Univeristy	2798940	d__Archaea;p__Candidatus Baldrarchaeota;c__Candidatus Baldrarchaeia;o__Candidatus Baldrarchaeales;f__Candidatus Baldrarchaeaceae;g__Candidatus Baldrarchaeum;s__Candidatus Baldrarchaeum yapensis	d__Archaea;x__Promethearchaeati;p__Candidatus Baldrarchaeota;c__Candidatus Baldrarchaeia;o__Candidatus Baldrarchaeales;f__Candidatus Baldrarchaeaceae;g__Candidatus Baldrarchaeum;s__Candidatus Baldrarchaeum yapensis	0	2267786	none	none	na	2267786	0	JAEOSH000000000.1	2518	100	23389	1	none	none	none	none	none	none	849	JAEOSH010000034.1	820	1105	0	91.098	KP091066.1.1469	Archaea;Thermoproteota;Bathyarchaeia;Incertae Sedis;Incertae Sedis;Incertae Sedis;uncultured archaeon	0	17	46	0
GB_GCA_020344955.1	Archaea	Asgardarchaeota	Lokiarchaeia	Sigyniarchaeales	SOKP01	Loki-b32	Loki-b32 sp020344955	0	90.63	5.59	General	80.84	2.34	149	k__Archaea (UID2)	107	0.0	2784767	83.28387223155153	273	984207	29.676924259853664	3343705	GB_GCA_020344955.1	t	d__Archaea;p__Asgardarchaeota;c__Lokiarchaeia;o__Sigyniarchaeales;f__SOKP01;g__Loki-b32;s__Loki-b32 sp020344955	not type material	none	f	64	1	47774	3343705	none	0	none	none	none	0	none	none	none	none	none	none	none	none	12148	3343705	f	f	t	17188	3343705	Chromosome	ASM2034495v1	na	PRJNA575161	SAMN17669534	273	17188	China:PRE	2021-10-07	GCA_020344955.1	derived from metagenome	full	bin108	environmental12	22.1315 N 113.8055 E	1	0	Promethearchaeota archaeon	none	na	0	1	1	3343705	3343705	3343705	2021-10-07	273	2053489	0	bin108	Tongji University	2053489	d__Archaea;p__Promethearchaeota;c__;o__;f__;g__;s__	d__Archaea;x__Promethearchaeati;p__Promethearchaeota;x__unclassified Promethearchaeota;s__Promethearchaeota archaeon	27300	3343705	11	33	na	3316405	0	na	3178	1	none	0	none	none	none	none	none	none	none	none	none	none	none	none	none	none	27300	17	29	0
GB_GCA_020351745.1	Archaea	Asgardarchaeota	Heimdallarchaeia	Hodarchaeales	Hodarchaeaceae	Hodarchaeum	Hodarchaeum sp020351745	0	71.5	1.81	General	69.16	0.93	149	k__Archaea (UID2)	107	0.0	1106627	79.6451967186922	136	498368	36.2226586405746	1389446	GB_GCA_020351745.1	t	d__Archaea;p__Asgardarchaeota;c__Heimdallarchaeia;o__Hodarchaeales;f__Hodarchaeaceae;g__Hodarchaeum;s__Hodarchaeum sp020351745	not type material	none	f	29	1	52398	1389446	none	0	none	none	none	0	none	none	none	none	none	none	none	none	10116	1389446	f	f	t	14570	1389446	Chromosome	ASM2035174v1	na	PRJNA575161	SAMN17669701	136	14570	China:PRE	2021-10-07	GCA_020351745.1	derived from metagenome	full	bin76	environmental179	22.1315 N 113.8055 E	1	0	Candidatus Heimdallarchaeota archaeon	none	na	0	1	1	1389446	1389446	1389446	2021-10-07	136	2026747	0	bin76	Tongji University	2026747	d__Archaea;p__Candidatus Heimdallarchaeota;c__;o__;f__;g__;s__	d__Archaea;x__Promethearchaeati;p__Candidatus Heimdallarchaeota;x__unclassified Candidatus Heimdallarchaeota;s__Candidatus Heimdallarchaeota archaeon	13600	1389446	11	31	na	1375846	0	na	1240	1	none	0	none	none	none	none	none	none	none	none	none	none	none	none	none	none	13600	17	30	0
GB_GCA_016840855.1	Archaea	Asgardarchaeota	Thorarchaeia	Thorarchaeales	Thorarchaeaceae	SMTZ1-45	SMTZ1-45 sp016840855	0	92.14	6.33	General	85.05	0.93	149	k__Archaea (UID2)	107	0.0	3043912	90.55178989235507	259	1409465	41.92945740239148	3361515	GB_GCA_016840855.1	t	d__Archaea;p__Asgardarchaeota;c__Thorarchaeia;o__Thorarchaeales;f__Thorarchaeaceae;g__SMTZ1-45;s__SMTZ1-45 sp016840855	not type material	none	f	43	43	138951	138951	none	0	none	none	none	0	none	none	none	none	none	none	none	none	12978	12978	f	f	t	22968	22968	Contig	ASM1684085v1	na	PRJNA680430	SAMN16492181	259	22968	China: Mai Po Nature Reserve	2021-02-09	GCA_016840855.1	derived from metagenome	full	MP5_2600	coastal marine sediment	22.497917 N 114.029450 E	0	none	Candidatus Thorarchaeota archaeon	none	na	none	none	none	none	none	none	2021-02-09	0	2053491	none	MP5_2600	Shenzhen Univeristy	2053491	d__Archaea;p__Candidatus Thorarchaeota;c__;o__;f__;g__;s__	d__Archaea;x__Promethearchaeati;p__Candidatus Thorarchaeota;x__unclassified Candidatus Thorarchaeota;s__Candidatus Thorarchaeota archaeon	0	3361515	none	none	na	3361515	0	JAEORO000000000.1	3386	259	none	0	none	none	none	none	none	none	none	none	none	none	none	none	none	none	0	16	49	0
GB_GCA_019056805.1	Archaea	Asgardarchaeota	Baldrarchaeia	Baldrarchaeales	DXJG01	DXJG01	DXJG01 sp019056805	0	91.16	3.57	General	95.33	4.67	149	k__Archaea (UID2)	107	0.0	1665955	86.65507073294172	27	681604	35.47825616233289	1922513	GB_GCA_019056805.1	t	d__Archaea;p__Asgardarchaeota;c__Baldrarchaeia;o__Baldrarchaeales;f__DXJG01;g__DXJG01;s__DXJG01 sp019056805	not type material	none	f	5	3	389100	612202	none	0	none	none	none	0	none	none	none	none	none	none	none	none	71155	106806	f	f	t	116146	253646	Scaffold	ASM1905680v1	na	PRJNA678817	SAMN19820862	27	116146	none	2021-06-29	GCA_019056805.1	derived from metagenome	full	MAG_95	sediment	none	0	none	Candidatus Baldrarchaeota archaeon	none	na	none	18	3	253646	108296	42334	2021-06-29	9	2799005	none	MAG_95	The University of Queensland	2799005	d__Archaea;p__Candidatus Baldrarchaeota;c__;o__;f__;g__;s__	d__Archaea;x__Promethearchaeati;p__Candidatus Baldrarchaeota;x__unclassified Candidatus Baldrarchaeota;s__Candidatus Baldrarchaeota archaeon	1325	1922513	none	none	na	1921188	0	DXJG00000000.1	1916	18	none	0	none	none	none	none	none	none	none	none	none	none	none	none	none	none	1325	18	44	0
GB_GCA_019058135.1	Archaea	Asgardarchaeota	Lokiarchaeia	Sigyniarchaeales	SOKP01	6H3-1	6H3-1 sp019058135	0	90.52	3.46	General	85.36	4.21	149	k__Archaea (UID2)	107	11.11	3054837	85.34308633828732	547	1043440	29.15061916849329	3579478	GB_GCA_019058135.1	t	d__Archaea;p__Asgardarchaeota;c__Lokiarchaeia;o__Sigyniarchaeales;f__SOKP01;g__6H3-1;s__6H3-1 sp019058135	not type material	none	f	131	131	31978	31978	18298	2	1812	JAHLWE010000522.1	none	0	none	none	609	569	3.25e-160	83.908	JYIM01000373.485.3826	Archaea;Asgardarchaeota;Incertae Sedis;Incertae Sedis;Incertae Sedis;Incertae Sedis;Lokiarchaeum sp. GC14_75	6543	6543	f	f	t	8101	8101	Contig	ASM1905813v1	na	PRJNA678552	SAMN19663738	547	8101	New Zealand: Hikurangi Subduction Margin	2021-06-29	GCA_019058135.1	derived from metagenome	full	2R3_4	sediment collected in IODP Expedition 375 from site U1519C; depth 110.34 mbsf	38.72 S 178.61 E	0	none	Promethearchaeota archaeon	none	na	none	none	none	none	none	none	2021-06-29	0	2053489	none	2R3_4	The University of Queensland	2053489	d__Archaea;p__Promethearchaeota;c__;o__;f__;g__;s__	d__Archaea;x__Promethearchaeati;p__Promethearchaeota;x__unclassified Promethearchaeota;s__Promethearchaeota archaeon	0	3579478	none	none	na	3579478	0	JAHLWE000000000.1	3942	547	4774	1	none	none	none	none	none	none	930	JAHLWE010000074.1	911	1648	0	99.341	JQ817593.1.1427	Archaea;Asgardarchaeota;Lokiarchaeia;Incertae Sedis;Incertae Sedis;Incertae Sedis;uncultured archaeon	0	17	39	0
GB_GCA_048941065.1	Archaea	Asgardarchaeota	Lokiarchaeia	Sigyniarchaeales	SOKP01	Loki-b32	Loki-b32 sp048941065	0	89.42	6.79	General	84.11	4.27	149	k__Archaea (UID2)	107	16.67	3067086	87.57793132278087	431	1092470	31.20761503856996	3502122	GB_GCA_048941065.1	t	d__Archaea;p__Asgardarchaeota;c__Lokiarchaeia;o__Sigyniarchaeales;f__SOKP01;g__Loki-b32;s__Loki-b32 sp048941065	not type material	none	f	98	96	64990	64990	none	0	none	none	none	0	none	none	none	none	none	none	none	none	8122	8541	f	f	t	10791	11199	Scaffold	ASM4894106v1	na	PRJNA1162170	SAMN43852880	431	10791	none	2025-03-25	GCA_048941065.1	derived from metagenome	full	DZ2S.398	none	none	0	0	Promethearchaeota archaeon	none	na	1	410	96	11199	6476	3968	2025-03-25	21	2053489	1	DZ2S.398	East china normal University	2053489	d__Archaea;p__Promethearchaeota;c__;o__;f__;g__;s__	d__Archaea;x__Promethearchaeati;p__Promethearchaeota;x__unclassified Promethearchaeota;s__Promethearchaeota archaeon	1470	3502122	11	40	na	3500652	0	JBHLNY000000000.1	3576	410	none	0	none	none	none	none	none	none	none	none	none	none	none	none	none	none	1470	18	42	1
GB_GCA_048940445.1	Archaea	Asgardarchaeota	Lokiarchaeia	Sigyniarchaeales	SOKP01	SOKP01	SOKP01 sp048940445	0	93.42	2.81	General	79.13	0.47	149	k__Archaea (UID2)	107	0.0	3211607	88.20401569630377	150	1098588	30.18088951355105	3641112	GB_GCA_048940445.1	t	d__Archaea;p__Asgardarchaeota;c__Lokiarchaeia;o__Sigyniarchaeales;f__SOKP01;g__SOKP01;s__SOKP01 sp048940445	not type material	none	f	18	18	211453	211453	none	0	none	none	none	0	none	none	none	none	none	none	none	none	24266	26195	f	f	t	65555	65555	Scaffold	ASM4894044v1	na	PRJNA1162170	SAMN43852895	150	65555	none	2025-03-25	GCA_048940445.1	derived from metagenome	full	DZ3M.354	none	none	0	0	Promethearchaeota archaeon	none	na	0	139	18	65555	28810	11296	2025-03-25	11	2053489	0	DZ3M.354	East china normal University	2053489	d__Archaea;p__Promethearchaeota;c__;o__;f__;g__;s__	d__Archaea;x__Promethearchaeati;p__Promethearchaeota;x__unclassified Promethearchaeota;s__Promethearchaeota archaeon	1100	3641112	11	32	na	3640012	0	JBHLON000000000.1	3488	139	none	0	none	none	none	none	none	none	none	none	none	none	none	none	none	none	1100	17	32	0
GB_GCA_016840685.1	Archaea	Asgardarchaeota	Thorarchaeia	Thorarchaeales	Thorarchaeaceae	SMTZ1-45	SMTZ1-45 sp016840685	0	93.81	7.04	General	94.39	3.27	149	k__Archaea (UID2)	107	0.0	2943601	91.16841156224189	252	1441133	44.63438029132627	3228751	GB_GCA_016840685.1	t	d__Archaea;p__Asgardarchaeota;c__Thorarchaeia;o__Thorarchaeales;f__Thorarchaeaceae;g__SMTZ1-45;s__SMTZ1-45 sp016840685	not type material	none	f	49	49	144944	144944	none	0	none	none	none	0	none	none	none	none	none	none	none	none	12812	12812	f	f	t	18416	18416	Contig	ASM1684068v1	na	PRJNA680430	SAMN16492190	252	18416	Pacific Ocean: Yap Trench	2021-02-09	GCA_016840685.1	derived from metagenome	full	Yap200.bin7.15	seawater	9.900000 N 138.510000 E	0	none	Candidatus Thorarchaeota archaeon	none	na	none	none	none	none	none	none	2021-02-09	0	2053491	none	Yap200.bin7.15	Shenzhen Univeristy	2053491	d__Archaea;p__Candidatus Thorarchaeota;c__;o__;f__;g__;s__	d__Archaea;x__Promethearchaeati;p__Candidatus Thorarchaeota;x__unclassified Candidatus Thorarchaeota;s__Candidatus Thorarchaeota archaeon	0	3228751	none	none	na	3228751	0	JAEORX000000000.1	3349	252	30871	1	none	none	none	none	none	none	1561	JAEORX010000018.1	868	673	0	80.991	AB019721.1.1425	Archaea;Asgardarchaeota;Lokiarchaeia;Incertae Sedis;Incertae Sedis;Incertae Sedis;unidentified archaeon	0	19	41	0
GB_GCA_048882025.1	Archaea	Asgardarchaeota	Hermodarchaeia	Hermodarchaeales	Hermodarchaeaceae	Hermodarchaeum	Hermodarchaeum sp048882025	0	72.84	2.1	General	77.26	0.47	149	k__Archaea (UID2)	107	100.0	1852641	88.28258761469311	342	892032	42.512837987575445	2098535	GB_GCA_048882025.1	t	d__Archaea;p__Asgardarchaeota;c__Hermodarchaeia;o__Hermodarchaeales;f__Hermodarchaeaceae;g__Hermodarchaeum;s__Hermodarchaeum sp048882025	not type material	none	f	82	76	41433	51135	none	0	none	none	10336	1	110	JBHLSA010000042.1	none	none	none	none	none	none	6135	6662	f	f	t	7538	7746	Scaffold	ASM4888202v1	na	PRJNA1162170	SAMN43852986	342	7538	none	2025-03-24	GCA_048882025.1	derived from metagenome	full	TM2M.154	none	none	0	0	Candidatus Thorarchaeota archaeon	none	na	3	315	76	7746	4599	3390	2025-03-24	27	2053491	0	TM2M.154	East china normal University	2053491	d__Archaea;p__Candidatus Thorarchaeota;c__;o__;f__;g__;s__	d__Archaea;x__Promethearchaeati;p__Candidatus Thorarchaeota;x__unclassified Candidatus Thorarchaeota;s__Candidatus Thorarchaeota archaeon	270	2098535	11	37	na	2098265	0	JBHLSA000000000.1	2288	315	none	0	none	none	none	none	none	none	none	none	none	none	none	none	none	none	270	17	34	0
GB_GCA_016294985.1	Archaea	Asgardarchaeota	Sifarchaeia	Borrarchaeales	Borrarchaeaceae	Borrarchaeum	Borrarchaeum marinoarchaea	0	69.27	2.25	General	67.76	0.93	149	k__Archaea (UID2)	107	0.0	1554818	85.86174695817795	303	685601	37.86137653735685	1810839	GB_GCA_016294985.1	t	d__Archaea;p__Asgardarchaeota;c__Sifarchaeia;o__Borrarchaeales;f__Borrarchaeaceae;g__Borrarchaeum;s__Borrarchaeum marinoarchaea	not type material	none	f	58	58	38446	38446	none	0	none	none	none	0	none	none	none	none	none	none	none	none	5976	6016	f	f	t	9003	9003	Scaffold	ASM1629498v1	na	PRJNA599172	SAMN16874501	303	9003	Pacific Ocean: off Costa Rica Margin	2020-12-22	GCA_016294985.1	derived from metagenome	full	CR_Bin_042_1	marine sediment	8.68 N 84.03 W	0	none	Candidatus Sifarchaeum marinoarchaea	none	na	none	301	58	9003	4653	2707	2020-12-22	2	2792797	none	CR_Bin_042_1	University of Delaware	2792797	d__Archaea;p__Candidatus Sifarchaeota;c__Candidatus Sifarchaeia;o__Candidatus Sifarchaeales;f__Candidatus Sifarchaeaceae;g__Candidatus Sifarchaeum;s__Candidatus Sifarchaeum marinoarchaea	d__Archaea;x__Promethearchaeati;p__Candidatus Sifarchaeota;c__Candidatus Sifarchaeia;o__Candidatus Sifarchaeales;f__Candidatus Sifarchaeaceae;g__Candidatus Sifarchaeum;s__Candidatus Sifarchaeum marinoarchaea	20	1810839	none	none	na	1810819	0	JAECRW000000000.1	1843	301	3381	1	none	none	none	none	none	none	763	JAECRW010000180.1	762	1162	0	94.226	GQ994157.1.942	Archaea;Asgardarchaeota;Lokiarchaeia;Odinarchaeales;Incertae Sedis;LCB-4;uncultured archaeon	20	9	13	0
GB_GCA_016839785.1	Archaea	Asgardarchaeota	Heimdallarchaeia	Hodarchaeales	Hodarchaeaceae	Hodarchaeum	Hodarchaeum sp016839785	0	84.52	3.37	General	82.42	4.21	149	k__Archaea (UID2)	107	16.67	3556166	87.98268534075494	248	1458643	36.08811514802594	4041893	GB_GCA_016839785.1	t	d__Archaea;p__Asgardarchaeota;c__Heimdallarchaeia;o__Hodarchaeales;f__Hodarchaeaceae;g__Hodarchaeum;s__Hodarchaeum sp016839785	not type material	none	f	48	48	110131	110131	none	0	none	none	none	0	none	none	none	none	none	none	none	none	16297	16297	f	f	t	27523	27523	Contig	ASM1683978v1	na	PRJNA680430	SAMN16492235	248	27523	China: Rongcheng Nation Swan Nature Reserve	2021-02-09	GCA_016839785.1	derived from metagenome	full	YT2_065	coastal marine sediment	37.350000 N 122.580000 E	0	none	Candidatus Hodarchaeota archaeon	none	na	none	none	none	none	none	none	2021-02-09	0	2800102	none	YT2_065	Shenzhen Univeristy	2800102	d__Archaea;p__Candidatus Hodarchaeota;c__;o__;f__;g__;s__	d__Archaea;x__Promethearchaeati;p__Candidatus Hodarchaeota;x__unclassified Candidatus Hodarchaeota;s__Candidatus Hodarchaeota archaeon	0	4041893	none	none	na	4041893	0	JAEOTQ000000000.1	3837	248	none	0	none	none	none	none	none	none	none	none	none	none	none	none	none	none	0	15	36	0
GB_GCA_024720915.1	Archaea	Asgardarchaeota	Njordarchaeia	Njordarchaeales	Panguiarchaeaceae	Panguiarchaeum	Panguiarchaeum symbiosum	0	79.57	1.35	General	82.87	0.47	149	k__Archaea (UID2)	107	0.0	1128251	89.73916211177358	55	505360	40.1957930269812	1257256	GB_GCA_024720975.1	f	d__Archaea;p__Asgardarchaeota;c__Njordarchaeia;o__Njordarchaeales;f__Panguiarchaeaceae;g__Panguiarchaeum;s__Panguiarchaeum symbiosum	not type material	none	f	11	11	105838	105838	73397	1	2979	JANJYB010000003.1	none	0	none	none	2950	1088	0	74.102	CP000504.1594574.1597615	Archaea;Thermoproteota;Thermoproteia;Thermoproteales;Thermoproteaceae;Pyrobaculum;Pyrobaculum islandicum DSM 4184	22859	23282	f	f	t	38904	38904	Scaffold	ASM2472091v1	na	PRJNA544494	SAMN28868080	55	38904	China: Tengchong county; Yunnan; JinZe-1 pool	2022-08-19	GCA_024720915.1	derived from metagenome	full	JZ-1.bin_98	hot spring sediment	25.44 N 98.46 E	0	0	Thermoproteota archaeon	none	na	2	54	11	38904	21472	9741	2022-08-19	1	2056631	1	JZ-1.bin_98	The University of Texas at Austin	2056631	d__Archaea;p__Thermoproteota;c__;o__;f__;g__;s__	d__Archaea;x__Thermoproteati;p__Thermoproteota;x__unclassified Thermoproteota;s__Thermoproteota archaeon	10	1257256	11	46	na	1257246	0	JANJYB000000000.1	1234	54	73397	1	none	none	none	none	none	none	1515	JANJYB010000003.1	1399	998	0	79.986	DQ228522.1.1438	Archaea;Incertae Sedis;Incertae Sedis;Incertae Sedis;Incertae Sedis;Incertae Sedis;uncultured archaeon	10	19	46	0
GB_GCA_964426185.1	Archaea	Asgardarchaeota	Lokiarchaeia	Sigyniarchaeales	Promethearchaeaceae	Harpocratesius	Harpocratesius sp964426185	0	92.36	2.34	General	92.06	5.14	149	k__Archaea (UID2)	107	0.0	2869055	87.99823945551941	256	1115626	34.322359930286254	3260355	GB_GCA_964426185.1	t	d__Archaea;p__Asgardarchaeota;c__Lokiarchaeia;o__Sigyniarchaeales;f__Promethearchaeaceae;g__Harpocratesius;s__Harpocratesius sp964426185	not type material	none	f	49	30	74710	103694	31674	1	2478	CAYRPF010000035.1	none	0	none	none	2488	424	3.68e-116	70.458	KX764886.1.3038	Archaea;Incertae Sedis;Incertae Sedis;Incertae Sedis;Incertae Sedis;Incertae Sedis;uncultured archaeon	12697	21034	f	f	t	20745	34982	Scaffold	binchicken_co256_1	na	PRJEB82487	SAMEA117365720	256	20745	none	2025-01-11	GCA_964426185.1	derived from metagenome	full	binchicken_co256_1	none	none	0	none	uncultured archaeon	none	na	none	155	30	34982	21209	9726	2025-01-11	101	115547	none	binchicken_co256_1	Centre for Microbiome Research	115547	d__Archaea;p__;c__;o__;f__;g__;s__	d__Archaea;x__environmental samples;s__uncultured archaeon	9920	3260355	none	none	na	3250435	0	CAYRPF000000000.1	2859	155	none	0	none	none	none	none	none	none	none	none	none	none	none	none	none	none	9920	18	39	0
GB_GCA_048941725.1	Archaea	Asgardarchaeota	Lokiarchaeia	Sigyniarchaeales	SOKP01	Loki-b32	Loki-b32 sp048885705	0	83.43	4.24	General	73.83	2.34	149	k__Archaea (UID2)	107	0.0	2787730	88.04299491398238	249	939360	29.669234277542017	3166328	GB_GCA_048885705.1	f	d__Archaea;p__Asgardarchaeota;c__Lokiarchaeia;o__Sigyniarchaeales;f__SOKP01;g__Loki-b32;s__Loki-b32 sp048885705	not type material	none	f	59	58	59189	70719	none	0	none	none	none	0	none	none	none	none	none	none	none	none	12715	12923	f	f	t	17283	17493	Scaffold	ASM4894172v1	na	PRJNA1162170	SAMN43852862	249	17283	none	2025-03-25	GCA_048941725.1	derived from metagenome	full	DZ2S.196	none	none	0	0	Promethearchaeota archaeon	none	na	4	245	58	17493	10546	6319	2025-03-25	4	2053489	2	DZ2S.196	East china normal University	2053489	d__Archaea;p__Promethearchaeota;c__;o__;f__;g__;s__	d__Archaea;x__Promethearchaeati;p__Promethearchaeota;x__unclassified Promethearchaeota;s__Promethearchaeota archaeon	220	3166328	11	37	na	3166108	0	JBHLNG000000000.1	3138	245	none	0	none	none	none	none	none	none	none	none	none	none	none	none	none	none	220	17	37	0
GB_GCA_048886265.1	Archaea	Asgardarchaeota	Odinarchaeia	Odinarchaeales	JBHLKK01	JBHLKK01	JBHLKK01 sp048939565	0	92.47	5.71	General	93.85	4.74	149	k__Archaea (UID2)	107	42.86	1706082	87.01294727146428	94	817678	41.74143606246733	1960722	GB_GCA_048939565.1	f	d__Archaea;p__Asgardarchaeota;c__Odinarchaeia;o__Odinarchaeales;f__JBHLKK01;g__JBHLKK01;s__JBHLKK01 sp048939565	not type material	none	f	13	11	152902	152902	none	0	none	none	none	0	none	none	none	none	none	none	none	none	20839	26142	f	f	t	44248	52385	Scaffold	ASM4888626v1	na	PRJNA1162170	SAMN43852798	94	44248	none	2025-03-24	GCA_048886265.1	derived from metagenome	full	DZ1M.208	none	none	0	0	Candidatus Hodarchaeota archaeon	none	na	1	75	11	52385	32681	11950	2025-03-24	19	2800102	0	DZ1M.208	East china normal University	2800102	d__Archaea;p__Candidatus Hodarchaeota;c__;o__;f__;g__;s__	d__Archaea;x__Promethearchaeati;p__Candidatus Hodarchaeota;x__unclassified Candidatus Hodarchaeota;s__Candidatus Hodarchaeota archaeon	1810	1960722	11	42	na	1958912	0	JBHLKU000000000.1	2045	75	none	0	none	none	none	none	none	none	none	none	none	none	none	none	none	none	1810	18	42	0
GB_GCA_024720935.1	Archaea	Asgardarchaeota	Njordarchaeia	Njordarchaeales	Panguiarchaeaceae	Panguiarchaeum	Panguiarchaeum symbiosum	0	78.48	0.9	General	82.87	0.47	149	k__Archaea (UID2)	107	0.0	1109879	88.041264918077	93	504750	40.16701840162721	1260635	GB_GCA_024720975.1	f	d__Archaea;p__Asgardarchaeota;c__Njordarchaeia;o__Njordarchaeales;f__Panguiarchaeaceae;g__Panguiarchaeum;s__Panguiarchaeum symbiosum	not type material	none	f	19	11	63589	129611	none	0	none	none	none	0	none	none	none	none	none	none	none	none	13512	24242	f	f	t	19120	38328	Scaffold	ASM2472093v1	na	PRJNA544494	SAMN28868079	93	19120	China: Tengchong county; Yunnan; JZ-2 pool	2022-08-19	GCA_024720935.1	derived from metagenome	full	JZ-2.bin_52	hot spring sediment	25.44 N 98.46 E	0	0	Thermoproteota archaeon	none	na	0	52	11	38328	20731	10280	2022-08-19	41	2056631	0	JZ-2.bin_52	The University of Texas at Austin	2056631	d__Archaea;p__Thermoproteota;c__;o__;f__;g__;s__	d__Archaea;x__Thermoproteati;p__Thermoproteota;x__unclassified Thermoproteota;s__Thermoproteota archaeon	4007	1260635	11	43	na	1256628	0	JANJYA000000000.1	1241	52	none	0	none	none	none	none	none	none	none	none	none	none	none	none	none	none	4007	19	43	0
GB_GCA_029856295.1	Archaea	Asgardarchaeota	Lokiarchaeia	Sigyniarchaeales	SOKP01	LW40-45	LW40-45 sp029856295	0	71.95	4.39	General	63.24	1.87	149	k__Archaea (UID2)	107	0.0	2834945	87.42749699009198	337	1043923	32.19377269766707	3242624	GB_GCA_029856295.1	t	d__Archaea;p__Asgardarchaeota;c__Lokiarchaeia;o__Sigyniarchaeales;f__SOKP01;g__LW40-45;s__LW40-45 sp029856295	not type material	none	f	93	93	41144	41144	15522	1	3219	JAHQWS010000307.1	none	0	none	none	1856	2167	0	87.931	JYIM01000373.485.3826	Archaea;Asgardarchaeota;Incertae Sedis;Incertae Sedis;Incertae Sedis;Incertae Sedis;Lokiarchaeum sp. GC14_75	9622	9622	f	f	t	10829	10829	Contig	ASM2985629v1	na	PRJNA417281	SAMN08011049	337	10829	Denmark: Aarhus Bay Station M5	2023-04-24	GCA_029856295.1	derived from metagenome	full	ABR15	marine sediment	56.1033 N 10.4578 E	0	none	Promethearchaeia archaeon	none	na	none	none	none	none	none	none	2023-04-24	0	3067280	none	ABR15	Uppsala University	3067280	d__Archaea;p__Promethearchaeota;c__Promethearchaeia;o__;f__;g__;s__	d__Archaea;x__Promethearchaeati;p__Promethearchaeota;c__Promethearchaeia;x__unclassified Promethearchaeia;s__Promethearchaeia archaeon	0	3242624	none	none	na	3242624	0	JAHQWS000000000.1	3168	337	none	0	none	none	none	none	none	none	none	none	none	none	none	none	none	none	0	18	42	0
GB_GCA_048937485.1	Archaea	Asgardarchaeota	Thorarchaeia	Thorarchaeales	Thorarchaeaceae	SMTZ1-83	SMTZ1-83 sp048937485	0	81.03	4.95	General	86.84	4.67	149	k__Archaea (UID2)	107	16.67	2768311	90.57397095742095	462	1406084	46.01006009091516	3056409	GB_GCA_048937485.1	t	d__Archaea;p__Asgardarchaeota;c__Thorarchaeia;o__Thorarchaeales;f__Thorarchaeaceae;g__SMTZ1-83;s__SMTZ1-83 sp048937485	not type material	none	f	108	101	57059	57059	none	0	none	none	none	0	none	none	none	none	none	none	none	none	6614	7191	f	f	t	7735	8317	Scaffold	ASM4893748v1	na	PRJNA1162170	SAMN43852859	462	7735	none	2025-03-25	GCA_048937485.1	derived from metagenome	full	DZ2S.152	none	none	0	0	Promethearchaeota archaeon	none	na	3	425	101	8317	5158	3567	2025-03-25	37	2053489	1	DZ2S.152	East china normal University	2053489	d__Archaea;p__Promethearchaeota;c__;o__;f__;g__;s__	d__Archaea;x__Promethearchaeati;p__Promethearchaeota;x__unclassified Promethearchaeota;s__Promethearchaeota archaeon	373	3056409	11	44	na	3056036	0	JBHLND000000000.1	3365	425	none	0	none	none	none	none	none	none	none	none	none	none	none	none	none	none	373	19	45	1
GB_GCA_030602385.1	Archaea	Asgardarchaeota	Thorarchaeia	Thorarchaeales	Thorarchaeaceae	WTCK01	WTCK01 sp018238375	0	87.01	4.08	General	75.78	4.21	149	k__Archaea (UID2)	107	0.0	2066251	89.15588778078428	404	1117065	48.19981782650887	2317571	GB_GCA_018238375.1	f	d__Archaea;p__Asgardarchaeota;c__Thorarchaeia;o__Thorarchaeales;f__Thorarchaeaceae;g__WTCK01;s__WTCK01 sp018238375	not type material	none	f	114	114	58205	58205	6520	2	2696	JAUVZW010000105.1	none	0	none	none	2235	464	2.36e-128	71.275	KX764886.1.3038	Archaea;Incertae Sedis;Incertae Sedis;Incertae Sedis;Incertae Sedis;Incertae Sedis;uncultured archaeon	5736	5736	f	f	t	6153	6153	Contig	ASM3060238v1	na	PRJNA950938	SAMN34049291	404	6153	none	2023-08-03	GCA_030602385.1	derived from metagenome	full	CSMAG_1278	cold seep	none	0	none	Candidatus Thorarchaeota archaeon	none	na	none	none	none	none	none	none	2023-08-03	0	2053491	none	CSMAG_1278	Third Institute of Oceanography, Ministry of Natural Resources	2053491	d__Archaea;p__Candidatus Thorarchaeota;c__;o__;f__;g__;s__	d__Archaea;x__Promethearchaeati;p__Candidatus Thorarchaeota;x__unclassified Candidatus Thorarchaeota;s__Candidatus Thorarchaeota archaeon	0	2317571	none	none	na	2317571	0	JAUVZW000000000.1	2544	404	5169	2	none	none	none	none	none	none	852	JAUVZW010000161.1	795	616	2.14e-174	81.006	JQ989386.1.1449	Archaea;Asgardarchaeota;Lokiarchaeia;Odinarchaeales;Incertae Sedis;LCB-4;uncultured archaeon	0	17	36	1
GB_GCA_030668165.1	Archaea	Asgardarchaeota	Heimdallarchaeia	Heimdallarchaeales	Kariarchaeaceae	JAJRQD01	JAJRQD01 sp030668165	0	68.7	3.32	General	70.56	0.93	149	k__Archaea (UID2)	107	0.0	2986727	88.20827798277256	587	1233357	36.42525651256322	3385994	GB_GCA_030668165.1	t	d__Archaea;p__Asgardarchaeota;c__Heimdallarchaeia;o__Heimdallarchaeales;f__Kariarchaeaceae;g__JAJRQD01;s__JAJRQD01 sp030668165	not type material	none	f	148	148	28555	28555	17940	1	1881	DAOUUM010000017.1	none	0	none	none	1902	1378	0	80.126	BCSF01007275.2.2427	Archaea;Asgardarchaeota;Incertae Sedis;Incertae Sedis;Incertae Sedis;Incertae Sedis;uncultured marine virus	5768	5768	f	f	t	7237	7237	Contig	ASM3066816v1	na	PRJNA950938	SAMN34048526	587	7237	none	2023-08-07	GCA_030668165.1	derived from metagenome	full	CSMAG_823	cold seep	none	0	none	Candidatus Heimdallarchaeota archaeon	none	na	none	none	none	none	none	none	2023-08-07	0	2026747	none	CSMAG_823	Third Institute of Oceanography, Ministry of Natural Resources	2026747	d__Archaea;p__Candidatus Heimdallarchaeota;c__;o__;f__;g__;s__	d__Archaea;x__Promethearchaeati;p__Candidatus Heimdallarchaeota;x__unclassified Candidatus Heimdallarchaeota;s__Candidatus Heimdallarchaeota archaeon	0	3385994	none	none	na	3385994	0	DAOUUM000000000.1	3519	587	none	0	none	none	none	none	none	none	none	none	none	none	none	none	none	none	0	17	34	0
GB_GCA_016839555.1	Archaea	Asgardarchaeota	Lokiarchaeia	Sigyniarchaeales	SOKP01	TEKIR-8	TEKIR-8 sp016839555	0	92.45	6.39	General	92.52	0.93	149	k__Archaea (UID2)	107	0.0	3193895	85.30235390423334	12	1107159	29.56993540684872	3744205	GB_GCA_016839555.1	t	d__Archaea;p__Asgardarchaeota;c__Lokiarchaeia;o__Sigyniarchaeales;f__SOKP01;g__TEKIR-8;s__TEKIR-8 sp016839555	not type material	none	f	4	4	603911	603911	381755	1	896	JAEOUA010000012.1	none	0	none	none	643	819	0	89.891	JYIM01000373.485.3826	Archaea;Asgardarchaeota;Incertae Sedis;Incertae Sedis;Incertae Sedis;Incertae Sedis;Lokiarchaeum sp. GC14_75	312017	312017	f	f	t	381755	381755	Contig	ASM1683955v1	na	PRJNA680430	SAMN16492245	12	381755	China: Rongcheng Nation Swan Nature Reserve	2021-02-09	GCA_016839555.1	derived from metagenome	full	YT6_002	coastal marine sediment	37.350000 N 122.580000 E	0	none	Promethearchaeota archaeon	none	na	none	none	none	none	none	none	2021-02-09	0	2053489	none	YT6_002	Shenzhen Univeristy	2053489	d__Archaea;p__Promethearchaeota;c__;o__;f__;g__;s__	d__Archaea;x__Promethearchaeati;p__Promethearchaeota;x__unclassified Promethearchaeota;s__Promethearchaeota archaeon	0	3744205	none	none	na	3744205	0	JAEOUA000000000.1	3476	12	603911	1	none	none	none	none	none	none	678	JAEOUA010000006.1	677	1083	0	95.569	HM998486.1.933	Archaea;Asgardarchaeota;Lokiarchaeia;Incertae Sedis;Incertae Sedis;Incertae Sedis;uncultured archaeon	0	18	33	1
GB_GCA_048885165.1	Archaea	Asgardarchaeota	Thorarchaeia	Thorarchaeales	Thorarchaeaceae	SMTZ1-45	SMTZ1-45 sp029858305	0	87.09	5.32	General	92.52	1.87	149	k__Archaea (UID2)	107	0.0	2716131	90.2104166085442	179	1287943	42.78931575261365	3010884	GB_GCA_029858305.1	f	d__Archaea;p__Asgardarchaeota;c__Thorarchaeia;o__Thorarchaeales;f__Thorarchaeaceae;g__SMTZ1-45;s__SMTZ1-45 sp029858305	not type material	none	f	30	30	118858	118858	none	0	none	none	none	0	none	none	none	none	none	none	none	none	16815	17921	f	f	t	30425	32588	Scaffold	ASM4888516v1	na	PRJNA1162170	SAMN43852937	179	30425	none	2025-03-24	GCA_048885165.1	derived from metagenome	full	LCG1B.220	none	none	0	0	Candidatus Odinarchaeota archaeon	none	na	2	168	30	32588	15261	7599	2025-03-24	11	2053490	0	LCG1B.220	East china normal University	2053490	d__Archaea;p__Candidatus Odinarchaeota;c__;o__;f__;g__;s__	d__Archaea;x__Promethearchaeati;p__Candidatus Odinarchaeota;x__unclassified Candidatus Odinarchaeota;s__Candidatus Odinarchaeota archaeon	920	3010884	11	35	na	3009964	0	JBHLQD000000000.1	3011	168	none	0	none	none	none	none	none	none	none	none	none	none	none	none	none	none	920	17	37	1
GB_GCA_048886065.1	Archaea	Asgardarchaeota	Heimdallarchaeia	Hodarchaeales	Hodarchaeaceae	Hodarchaeum	Hodarchaeum sp048887065	0	75.3	3.02	General	80.37	2.8	149	k__Archaea (UID2)	107	0.0	3238724	85.70742037051836	594	1315062	34.80536776687908	3778814	GB_GCA_048887065.1	f	d__Archaea;p__Asgardarchaeota;c__Heimdallarchaeia;o__Hodarchaeales;f__Hodarchaeaceae;g__Hodarchaeum;s__Hodarchaeum sp048887065	not type material	none	f	159	153	38219	38219	none	0	none	none	none	0	none	none	none	none	none	none	none	none	6360	6688	f	f	t	7517	7746	Scaffold	ASM4888606v1	na	PRJNA1162170	SAMN43852803	594	7517	none	2025-03-24	GCA_048886065.1	derived from metagenome	full	DZ1M.3	none	none	0	0	Candidatus Hermodarchaeota archaeon	none	na	0	565	153	7746	5008	3538	2025-03-24	29	2799008	0	DZ1M.3	East china normal University	2799008	d__Archaea;p__Candidatus Hermodarchaeota;c__;o__;f__;g__;s__	d__Archaea;x__Promethearchaeati;p__Candidatus Hermodarchaeota;x__unclassified Candidatus Hermodarchaeota;s__Candidatus Hermodarchaeota archaeon	483	3778814	11	36	na	3778331	0	JBHLKZ000000000.1	3779	565	none	0	none	none	none	none	none	none	none	none	none	none	none	none	none	none	483	16	36	0
GB_GCA_046758445.1	Archaea	Asgardarchaeota	Thorarchaeia	Thorarchaeales	Thorarchaeaceae	SMTZ1-83	SMTZ1-83 sp046758445	0	92.72	3.95	General	92.06	4.21	149	k__Archaea (UID2)	107	0.0	2881760	88.66260913762432	113	1607137	49.44650479624054	3250254	GB_GCA_046758445.1	t	d__Archaea;p__Asgardarchaeota;c__Thorarchaeia;o__Thorarchaeales;f__Thorarchaeaceae;g__SMTZ1-83;s__SMTZ1-83 sp046758445	not type material	none	f	19	19	178657	178657	19113	1	2793	JBHIAE010000053.1	none	0	none	none	1228	359	1.19e-96	72.72	MTLV01000029.27886.29946	Archaea;Thermoproteota;Bathyarchaeia;Incertae Sedis;Incertae Sedis;Incertae Sedis;Candidatus Bathyarchaeota archaeon JdFR-08	28763	28763	f	f	t	54781	54781	Contig	ASM4675844v1	na	PRJNA1121395	SAMN43446182	113	54781	none	2025-01-17	GCA_046758445.1	derived from metagenome	full	K_3_bin.28	none	none	0	0	Candidatus Thorarchaeota archaeon	none	na	3	none	none	none	none	none	2025-01-17	0	2053491	1	K_3_bin.28	King Abdullah University of Science and Technology (KAUST)	2053491	d__Archaea;p__Candidatus Thorarchaeota;c__;o__;f__;g__;s__	d__Archaea;x__Promethearchaeati;p__Candidatus Thorarchaeota;x__unclassified Candidatus Thorarchaeota;s__Candidatus Thorarchaeota archaeon	0	3250254	11	41	na	3250254	0	JBHIAE000000000.1	3287	113	138072	1	none	none	none	none	none	none	1612	JBHIAE010000002.1	569	414	1.61e-113	79.965	AB644695.1.902	Archaea;Asgardarchaeota;Lokiarchaeia;Incertae Sedis;Incertae Sedis;Incertae Sedis;uncultured archaeon	0	18	42	0
GB_GCA_964385245.1	Archaea	Asgardarchaeota	Lokiarchaeia	Sigyniarchaeales	SOKP01	TEKIR-8	TEKIR-8 sp046497275	0	99.01	5.27	General	91.52	2.8	149	k__Archaea (UID2)	107	0.0	3451077	86.41674729712675	323	1211387	30.3482393873969	3993528	GB_GCA_046497275.1	f	d__Archaea;p__Asgardarchaeota;c__Lokiarchaeia;o__Sigyniarchaeales;f__SOKP01;g__TEKIR-8;s__TEKIR-8 sp046497275	not type material	none	f	58	49	95532	95532	11498	2	1149	CAYLOG010000112.1	none	0	none	none	901	959	0	86.792	JYIM01000373.485.3826	Archaea;Asgardarchaeota;Incertae Sedis;Incertae Sedis;Incertae Sedis;Incertae Sedis;Lokiarchaeum sp. GC14_75	12357	14211	f	f	t	20736	23291	Scaffold	SRP319275_co2_97	na	PRJEB82487	SAMEA117297470	323	20736	none	2025-01-12	GCA_964385245.1	derived from metagenome	full	SRP319275_co2_97	none	none	0	none	uncultured archaeon	none	na	none	281	49	23291	11663	6364	2025-01-12	42	115547	none	SRP319275_co2_97	Centre for Microbiome Research	115547	d__Archaea;p__;c__;o__;f__;g__;s__	d__Archaea;x__environmental samples;s__uncultured archaeon	1906	3993528	none	none	na	3991622	0	CAYLOG000000000.1	3939	281	none	0	none	none	none	none	none	none	none	none	none	none	none	none	none	none	1906	18	44	1
GB_GCA_023270155.1	Archaea	Asgardarchaeota	Heimdallarchaeia	Heimdallarchaeales	Heimdallarchaeaceae	UBA460	UBA460 sp023270155	0	81.84	2.22	General	85.51	0.0	149	k__Archaea (UID2)	107	0.0	2367293	91.850098395868	270	862389	33.46037626331604	2577344	GB_GCA_023270155.1	t	d__Archaea;p__Asgardarchaeota;c__Heimdallarchaeia;o__Heimdallarchaeales;f__Heimdallarchaeaceae;g__UBA460;s__UBA460 sp023270155	not type material	none	f	40	40	70439	70439	none	0	none	none	none	0	none	none	none	none	none	none	none	none	9545	9545	f	f	t	17300	17300	Contig	ASM2327015v1	na	PRJNA707313	SAMN18452202	270	17300	China: South China Sea	2022-04-26	GCA_023270155.1	derived from metagenome	full	RS_9_76	deep sea sediment	22.01 N 119.28 E	0	0	Candidatus Heimdallarchaeota archaeon	none	na	1	none	none	none	none	none	2022-04-26	0	2026747	0	RS_9_76	Institute of Oceanology, Chinese Academy of Sciences	2026747	d__Archaea;p__Candidatus Heimdallarchaeota;c__;o__;f__;g__;s__	d__Archaea;x__Promethearchaeati;p__Candidatus Heimdallarchaeota;x__unclassified Candidatus Heimdallarchaeota;s__Candidatus Heimdallarchaeota archaeon	0	2577344	11	33	na	2577344	0	JAGLTB000000000.1	2610	270	none	0	none	none	none	none	none	none	none	none	none	none	none	none	none	none	0	17	34	0
GB_GCA_048938445.1	Archaea	Asgardarchaeota	Lokiarchaeia	Sigyniarchaeales	SOKP01	FT1-020	FT1-020 sp048938445	0	96.52	8.17	General	88.32	7.48	149	k__Archaea (UID2)	107	0.0	4024717	86.97778593229346	271	1371253	29.637287938509328	4627293	GB_GCA_048938445.1	t	d__Archaea;p__Asgardarchaeota;c__Lokiarchaeia;o__Sigyniarchaeales;f__SOKP01;g__FT1-020;s__FT1-020 sp048938445	not type material	none	f	52	51	91950	91950	35234	1	998	JBHLME010000037.1	none	0	none	none	1001	1116	0	86.913	JYIM01000373.485.3826	Archaea;Asgardarchaeota;Incertae Sedis;Incertae Sedis;Incertae Sedis;Incertae Sedis;Lokiarchaeum sp. GC14_75	17073	18075	f	f	t	29554	30070	Scaffold	ASM4893844v1	na	PRJNA1162170	SAMN43852834	271	29554	none	2025-03-25	GCA_048938445.1	derived from metagenome	full	DZ2M.219	none	none	0	0	Promethearchaeota archaeon	none	na	4	256	51	30070	15838	8194	2025-03-25	15	2053489	1	DZ2M.219	East china normal University	2053489	d__Archaea;p__Promethearchaeota;c__;o__;f__;g__;s__	d__Archaea;x__Promethearchaeati;p__Promethearchaeota;x__unclassified Promethearchaeota;s__Promethearchaeota archaeon	510	4627293	11	64	na	4626783	0	JBHLME000000000.1	4445	256	none	0	none	none	none	none	none	none	none	none	none	none	none	none	none	none	510	19	60	0
GB_GCA_023134215.1	Archaea	Asgardarchaeota	Thorarchaeia	Thorarchaeales	Thorarchaeaceae	WTCK01	WTCK01 sp023134215	0	52.74	0.29	General	62.22	0.0	149	k__Archaea (UID2)	107	0.0	573946	90.38220783249687	145	306220	48.22202730303407	635021	GB_GCA_023134215.1	t	d__Archaea;p__Asgardarchaeota;c__Thorarchaeia;o__Thorarchaeales;f__Thorarchaeaceae;g__WTCK01;s__WTCK01 sp023134215	not type material	none	f	36	36	17551	17551	none	0	none	none	6142	1	109	JAGLUV010000049.1	none	none	none	none	none	none	4379	4379	f	f	t	5326	5326	Contig	ASM2313421v1	na	PRJNA707313	SAMN18452358	145	5326	China: South China Sea	2022-04-26	GCA_023134215.1	derived from metagenome	full	RS_11_42	deep sea sediment	22.17 N 119.28 E	0	0	Candidatus Thorarchaeota archaeon	none	na	2	none	none	none	none	none	2022-04-26	0	2053491	0	RS_11_42	Institute of Oceanology, Chinese Academy of Sciences	2053491	d__Archaea;p__Candidatus Thorarchaeota;c__;o__;f__;g__;s__	d__Archaea;x__Promethearchaeati;p__Candidatus Thorarchaeota;x__unclassified Candidatus Thorarchaeota;s__Candidatus Thorarchaeota archaeon	0	635021	11	18	na	635021	0	JAGLUV000000000.1	772	145	none	0	none	none	none	none	none	none	none	none	none	none	none	none	none	none	0	13	18	0
GB_GCA_029838215.1	Archaea	Asgardarchaeota	Lokiarchaeia	Helarchaeales	RDOG01	JALGVI01	JALGVI01 sp029838215	1	94.3	6.2	General	85.98	3.74	149	k__Archaea (UID2)	107	0.0	3249754	89.68547269615766	171	1398241	38.58823951494277	3623501	GB_GCA_029838215.1	t	d__Archaea;p__Asgardarchaeota;c__Lokiarchaeia;o__Helarchaeales;f__RDOG01;g__JALGVI01;s__JALGVI01 sp029838215	not type material	none	f	33	33	132698	132698	90704	1	2891	JALGVI010000011.1	none	0	none	none	1158	597	2.39e-168	76.598	JRER01003300.2.2687	Archaea;Thermoproteota;Bathyarchaeia;Incertae Sedis;Incertae Sedis;Incertae Sedis;marine sediment metagenome	21190	21314	f	f	t	34702	34702	Scaffold	ASM2983821v1	na	PRJNA692327	SAMN26807347	171	34702	Mexico: Guaymas Basin	2023-04-19	GCA_029838215.1	derived from metagenome	full	Meg19_1012_Bin_504	marine sediment	27.388 N 111.24560 W	0	none	Candidatus Helarchaeota archaeon	none	na	none	170	33	34702	19009	9592	2023-04-19	1	2719382	none	Meg19_1012_Bin_504	University of Texas at Austin	2719382	d__Archaea;p__Candidatus Helarchaeota;c__;o__;f__;g__;s__	d__Archaea;x__Promethearchaeati;p__Candidatus Helarchaeota;x__unclassified Candidatus Helarchaeota;s__Candidatus Helarchaeota archaeon	10	3623501	none	none	na	3623491	0	JALGVI000000000.1	3564	170	8815	1	none	none	none	none	none	none	1490	JALGVI010000117.1	1487	1081	0	80.229	KP784731.1.1473	Archaea;Thermoproteota;Bathyarchaeia;Incertae Sedis;Incertae Sedis;Incertae Sedis;uncultured archaeon	10	19	40	0
GB_GCA_050124975.1	Archaea	Asgardarchaeota	Thorarchaeia	Thorarchaeales	Thorarchaeaceae	SMTZ1-45	SMTZ1-45 sp050124975	0	87.9	4.67	General	91.12	5.61	149	k__Archaea (UID2)	107	14.29	2825156	91.59190586233638	289	1378245	44.682872837901975	3084504	GB_GCA_050124975.1	t	d__Archaea;p__Asgardarchaeota;c__Thorarchaeia;o__Thorarchaeales;f__Thorarchaeaceae;g__SMTZ1-45;s__SMTZ1-45 sp050124975	not type material	none	f	59	59	93737	93737	none	0	none	none	none	0	none	none	none	none	none	none	none	none	10673	10673	f	f	t	13603	13603	Contig	ASM5012497v1	na	PRJNA898402	SAMN33274126	289	13603	none	2025-05-04	GCA_050124975.1	derived from metagenome	full	D0606M12metaG_Bin_135	none	none	0	0	Candidatus Thorarchaeota archaeon	none	na	2	none	none	none	none	none	2025-05-04	0	2053491	1	D0606M12metaG_Bin_135	University of Texas - Austin, Baker Lab	2053491	d__Archaea;p__Candidatus Thorarchaeota;c__;o__;f__;g__;s__	d__Archaea;x__Promethearchaeati;p__Candidatus Thorarchaeota;x__unclassified Candidatus Thorarchaeota;s__Candidatus Thorarchaeota archaeon	0	3084504	11	42	na	3084504	0	JASFEF000000000.1	3267	289	22116	1	none	none	none	none	none	none	1093	JASFEF010000029.1	648	577	1.3e-162	83.025	AB019721.1.1425	Archaea;Asgardarchaeota;Lokiarchaeia;Incertae Sedis;Incertae Sedis;Incertae Sedis;unidentified archaeon	0	18	43	0
GB_GCA_038894835.1	Archaea	Asgardarchaeota	Njordarchaeia	Njordarchaeales	Panguiarchaeaceae	Panguiarchaeum	Panguiarchaeum symbiosum	0	78.04	1.22	General	84.2	1.4	149	k__Archaea (UID2)	107	0.0	1286033	88.89147707439804	73	580801	40.14866316518575	1446745	GB_GCA_024720975.1	f	d__Archaea;p__Asgardarchaeota;c__Njordarchaeia;o__Njordarchaeales;f__Panguiarchaeaceae;g__Panguiarchaeum;s__Panguiarchaeum symbiosum	not type material	none	f	10	10	180589	180589	126869	1	2979	JAWAOM010000002.1	none	0	none	none	2950	1088	0	74.102	CP000504.1594574.1597615	Archaea;Thermoproteota;Thermoproteia;Thermoproteales;Thermoproteaceae;Pyrobaculum;Pyrobaculum islandicum DSM 4184	19816	20667	f	f	t	39004	39004	Scaffold	ASM3889483v1	na	PRJNA544494	SAMN36038240	73	39004	none	2024-04-30	GCA_038894835.1	derived from metagenome	full	SZTDM-1b_201709_bins_6	none	none	0	0	Thermoproteota archaeon	none	na	2	70	10	39004	14069	8098	2024-04-30	3	2056631	1	SZTDM-1b_201709_bins_6	The University of Texas at Austin	2056631	d__Archaea;p__Thermoproteota;c__;o__;f__;g__;s__	d__Archaea;x__Thermoproteati;p__Thermoproteota;x__unclassified Thermoproteota;s__Thermoproteota archaeon	119	1446745	11	42	na	1446626	0	JAWAOM000000000.1	1366	70	126869	1	none	none	none	none	none	none	1515	JAWAOM010000002.1	1399	992	0	79.914	DQ228522.1.1438	Archaea;Incertae Sedis;Incertae Sedis;Incertae Sedis;Incertae Sedis;Incertae Sedis;uncultured archaeon	119	17	42	0
GB_GCA_048885945.1	Archaea	Asgardarchaeota	Lokiarchaeia	Sigyniarchaeales	SOKP01	LW40-45	LW40-45 sp048885945	0	81.2	6.12	General	77.82	5.14	149	k__Archaea (UID2)	107	0.0	3659913	86.50481058541513	850	1257501	29.731079935993705	4230878	GB_GCA_048885945.1	t	d__Archaea;p__Asgardarchaeota;c__Lokiarchaeia;o__Sigyniarchaeales;f__SOKP01;g__LW40-45;s__LW40-45 sp048885945	not type material	none	f	238	225	23721	23721	none	0	none	none	none	0	none	none	none	none	none	none	none	none	4975	5701	f	f	t	5902	6399	Scaffold	ASM4888594v1	na	PRJNA1162170	SAMN43852808	850	5902	none	2025-03-24	GCA_048885945.1	derived from metagenome	full	DZ1M.378	none	none	0	0	Candidatus Hermodarchaeota archaeon	none	na	1	742	225	6399	4354	3276	2025-03-24	108	2799008	1	DZ1M.378	East china normal University	2799008	d__Archaea;p__Candidatus Hermodarchaeota;c__;o__;f__;g__;s__	d__Archaea;x__Promethearchaeati;p__Candidatus Hermodarchaeota;x__unclassified Candidatus Hermodarchaeota;s__Candidatus Hermodarchaeota archaeon	1294	4230878	11	52	na	4229584	0	JBHLLE000000000.1	4483	742	none	0	none	none	none	none	none	none	none	none	none	none	none	none	none	none	1294	19	51	0
GB_GCA_030593165.1	Archaea	Asgardarchaeota	Thorarchaeia	Thorarchaeales	Thorarchaeaceae	JAJRWI01	JAJRWI01 sp030593165	0	88.15	6.25	General	88.25	5.61	149	k__Archaea (UID2)	107	0.0	2890720	88.74834597707854	373	1522106	46.73036126009683	3257210	GB_GCA_030593165.1	t	d__Archaea;p__Asgardarchaeota;c__Thorarchaeia;o__Thorarchaeales;f__Thorarchaeaceae;g__JAJRWI01;s__JAJRWI01 sp030593165	not type material	none	f	98	98	130576	130576	none	0	none	none	none	0	none	none	none	none	none	none	none	none	8732	8732	f	f	t	10167	10167	Contig	ASM3059316v1	na	PRJNA950938	SAMN34043674	373	10167	none	2023-08-03	GCA_030593165.1	derived from metagenome	full	CSMAG_407	cold seep	none	0	none	Candidatus Thorarchaeota archaeon	none	na	none	none	none	none	none	none	2023-08-03	0	2053491	none	CSMAG_407	Third Institute of Oceanography, Ministry of Natural Resources	2053491	d__Archaea;p__Candidatus Thorarchaeota;c__;o__;f__;g__;s__	d__Archaea;x__Promethearchaeati;p__Candidatus Thorarchaeota;x__unclassified Candidatus Thorarchaeota;s__Candidatus Thorarchaeota archaeon	0	3257210	none	none	na	3257210	0	JAUVHR000000000.1	3451	373	14139	1	none	none	none	none	none	none	469	JAUVHR010000041.1	136	119	3.93e-25	82.353	AJ969797.1.914	Archaea;Iainarchaeota;Iainarchaeia;Iainarchaeales;Incertae Sedis;Incertae Sedis;uncultured archaeon	0	16	42	1
GB_GCA_048882485.1	Archaea	Asgardarchaeota	Thorarchaeia	Thorarchaeales	Thorarchaeaceae	SMTZ1-83	SMTZ1-83 sp048882485	0	90.53	5.78	General	93.46	6.54	149	k__Archaea (UID2)	107	12.5	3577243	90.22601127231474	185	1832252	46.245073255043856	3964758	GB_GCA_048882485.1	t	d__Archaea;p__Asgardarchaeota;c__Thorarchaeia;o__Thorarchaeales;f__Thorarchaeaceae;g__SMTZ1-83;s__SMTZ1-83 sp048882485	not type material	none	f	21	20	345465	345465	33501	1	3057	JBHLRP010000034.1	67616	1	112	JBHLRP010000014.1	520	171	6.54e-40	73.654	CP017686.305957.308743	Archaea;Thermoplasmatota;Thermoplasmata;Methanomassiliicoccales;Methanomethylophilaceae;Candidatus Methanomethylophilus;Candidatus Methanomethylophilus alvus	21416	25253	f	f	t	49116	56702	Scaffold	ASM4888248v1	na	PRJNA1162170	SAMN43852975	185	49116	none	2025-03-24	GCA_048882485.1	derived from metagenome	full	TM1S.110	none	none	0	0	Candidatus Thorarchaeota archaeon	none	na	2	157	20	56702	26263	10817	2025-03-24	28	2053491	0	TM1S.110	East china normal University	2053491	d__Archaea;p__Candidatus Thorarchaeota;c__;o__;f__;g__;s__	d__Archaea;x__Promethearchaeati;p__Candidatus Thorarchaeota;x__unclassified Candidatus Thorarchaeota;s__Candidatus Thorarchaeota archaeon	2710	3964758	11	39	na	3962048	0	JBHLRP000000000.1	3877	157	none	0	none	none	none	none	none	none	none	none	none	none	none	none	none	none	2710	17	40	0
GB_GCA_029856435.1	Archaea	Asgardarchaeota	Jordiarchaeia	Jordiarchaeales	Jordiarchaeaceae	Jordiarchaeum	Jordiarchaeum sp029856435	0	97.81	5.74	General	94.55	3.27	149	k__Archaea (UID2)	107	0.0	2787473	78.70906841726743	181	1486889	41.984854393166266	3541489	GB_GCA_029856435.1	t	d__Archaea;p__Asgardarchaeota;c__Jordiarchaeia;o__Jordiarchaeales;f__Jordiarchaeaceae;g__Jordiarchaeum;s__Jordiarchaeum sp029856435	not type material	none	f	43	43	91052	91052	none	0	none	none	none	0	none	none	none	none	none	none	none	none	19566	19566	f	f	t	25035	25035	Contig	ASM2985643v1	na	PRJNA417281	SAMN08011058	181	25035	New Zealand: Ngatamariki; Taupo Volcanic Zone	2023-04-24	GCA_029856435.1	derived from metagenome	full	RPF2	hot spring sediment	38.53 S 176.17 E	0	none	Candidatus Jordarchaeia archaeon	none	na	none	none	none	none	none	none	2023-04-24	0	3067279	none	RPF2	Uppsala University	3067279	d__Archaea;p__;c__Candidatus Jordarchaeia;o__;f__;g__;s__	d__Archaea;x__Promethearchaeati;x__Promethearchaeati incertae sedis;c__Candidatus Jordarchaeia;x__unclassified Candidatus Jordarchaeia;s__Candidatus Jordarchaeia archaeon	0	3541489	none	none	na	3541489	0	JAHQXB000000000.1	3375	181	none	0	none	none	none	none	none	none	none	none	none	none	none	none	none	none	0	17	32	0
GB_GCA_964481225.1	Archaea	Asgardarchaeota	Lokiarchaeia	Sigyniarchaeales	SOKP01	Loki-b32	Loki-b32 sp964481225	0	62.5	1.21	General	65.11	2.34	149	k__Archaea (UID2)	107	0.0	1458677	85.40843523330625	149	515979	30.29674402436991	1707884	GB_GCA_964481225.1	t	d__Archaea;p__Asgardarchaeota;c__Lokiarchaeia;o__Sigyniarchaeales;f__SOKP01;g__Loki-b32;s__Loki-b32 sp964481225	not type material	none	f	32	29	47994	49504	none	0	none	none	none	0	none	none	none	none	none	none	none	none	11430	16909	f	f	t	18444	21047	Scaffold	SRP239594_co1_176	na	PRJEB82487	SAMEA117124998	149	18444	none	2025-01-07	GCA_964481225.1	derived from metagenome	full	SRP239594_co1_176	none	none	0	none	uncultured archaeon	none	na	none	101	29	21047	13605	9434	2025-01-07	48	115547	none	SRP239594_co1_176	Centre for Microbiome Research	115547	d__Archaea;p__;c__;o__;f__;g__;s__	d__Archaea;x__environmental samples;s__uncultured archaeon	4800	1707884	none	none	na	1703084	0	CAYZTE000000000.1	1698	101	none	0	none	none	none	none	none	none	none	none	none	none	none	none	none	none	4800	11	18	0
GB_GCA_014730275.1	Archaea	Asgardarchaeota	Thorarchaeia	Thorarchaeales	Thorarchaeaceae	WJIL01	WJIL01 sp014730275	0	99.51	2.97	General	94.86	5.14	149	k__Archaea (UID2)	107	11.11	3250528	89.21247783773103	151	1647566	45.21832922565169	3643580	GB_GCA_014730275.1	t	d__Archaea;p__Asgardarchaeota;c__Thorarchaeia;o__Thorarchaeales;f__Thorarchaeaceae;g__WJIL01;s__WJIL01 sp014730275	not type material	none	f	18	18	201863	201863	52542	1	3060	WJIL01000011.1	none	0	none	none	930	241	4.92e-61	72.581	CR937012.19040.21972	Archaea;Halobacteriota;Methanosarcinia;Methanosarcinales;Methanosarcinaceae;Candidatus Methanoperedens;uncultured archaeon	24129	24129	f	f	t	52635	52635	Contig	ASM1473027v1	na	PRJNA561032	SAMN13151178	151	52635	Australia: Shark Bay; Hameline Pool	2020-09-24	GCA_014730275.1	derived from metagenome	full	Bin_478	microbial mat from hypersaline water environment	25.7834 S 113.2988 E	0	0	Promethearchaeota archaeon	none	na	3	none	none	none	none	none	2020-09-24	0	2053489	1	Bin_478	University of New South Wales	2053489	d__Archaea;p__Promethearchaeota;c__;o__;f__;g__;s__	d__Archaea;x__Promethearchaeati;p__Promethearchaeota;x__unclassified Promethearchaeota;s__Promethearchaeota archaeon	0	3643580	11	48	na	3643580	0	WJIL00000000.1	3468	151	56227	1	none	none	none	none	none	none	1533	WJIL01000130.1	1193	686	0	77.452	JN229683.1.1453	Archaea;Thermoproteota;Bathyarchaeia;Incertae Sedis;Incertae Sedis;Incertae Sedis;uncultured archaeon	0	18	48	1
GB_GCA_018238525.1	Archaea	Asgardarchaeota	Thorarchaeia	Thorarchaeales	Thorarchaeaceae	WTCK01	WTCK01 sp018238375	0	89.67	4.97	General	87.31	3.27	149	k__Archaea (UID2)	107	20.0	2144264	89.61538252573095	281	1149818	48.05442795521956	2392741	GB_GCA_018238375.1	f	d__Archaea;p__Asgardarchaeota;c__Thorarchaeia;o__Thorarchaeales;f__Thorarchaeaceae;g__WTCK01;s__WTCK01 sp018238375	not type material	none	f	61	61	70242	70242	15585	1	887	JABCTE010000014.1	none	0	none	none	88	111	1.14e-22	89.773	FP929041.136285.139175	Bacteria;Bacillota;Bacilli;Erysipelotrichales;Erysipelotrichaceae;Faecalitalea;Faecalitalea cylindroides T2-87	8515	8515	f	f	t	10923	10923	Contig	ASM1823852v1	na	PRJNA628571	SAMN14734410	281	10923	China: Haima cold seep	2021-05-03	GCA_018238525.1	derived from metagenome	full	HM4_B45	cold seep	none	0	none	Candidatus Thorarchaeota archaeon	none	na	none	none	none	none	none	none	2021-05-03	0	2053491	none	HM4_B45	Institute of Deep-sea Science and Engineering, Chinese Academy of Sciences	2053491	d__Archaea;p__Candidatus Thorarchaeota;c__;o__;f__;g__;s__	d__Archaea;x__Promethearchaeati;p__Candidatus Thorarchaeota;x__unclassified Candidatus Thorarchaeota;s__Candidatus Thorarchaeota archaeon	0	2392741	none	none	na	2392741	0	JABCTE000000000.1	2533	281	none	0	none	none	none	none	none	none	none	none	none	none	none	none	none	none	0	17	33	1
GB_GCA_022096825.1	Archaea	Asgardarchaeota	Heimdallarchaeia	Heimdallarchaeales	Heimdallarchaeaceae	UBA460	UBA460 sp023136245	0	82.55	2.39	General	82.67	2.34	149	k__Archaea (UID2)	107	0.0	2072281	91.43358749188702	264	745279	32.88334576843878	2266433	GB_GCA_023136245.1	f	d__Archaea;p__Asgardarchaeota;c__Heimdallarchaeia;o__Heimdallarchaeales;f__Heimdallarchaeaceae;g__UBA460;s__UBA460 sp023136245	not type material	none	f	48	48	61968	61968	none	0	none	none	none	0	none	none	none	none	none	none	none	none	8584	8584	f	f	t	13723	13723	Contig	ASM2209682v1	na	PRJNA593668	SAMN15815162	264	13723	Pacific Ocean: South China Sea	2022-02-08	GCA_022096825.1	derived from metagenome	full	C1.bin.3	cold seep sediment	22.115309 N 119.285863 E	0	0	Candidatus Heimdallarchaeota archaeon	none	na	1	none	none	none	none	none	2022-02-08	0	2026747	0	C1.bin.3	Institute of Oceanology, Chinese Academy of Sciences	2026747	d__Archaea;p__Candidatus Heimdallarchaeota;c__;o__;f__;g__;s__	d__Archaea;x__Promethearchaeati;p__Candidatus Heimdallarchaeota;x__unclassified Candidatus Heimdallarchaeota;s__Candidatus Heimdallarchaeota archaeon	0	2266433	11	37	na	2266433	0	JADCTM000000000.1	2313	264	none	0	none	none	none	none	none	none	none	none	none	none	none	none	none	none	0	19	37	0
GB_GCA_011364985.1	Archaea	Asgardarchaeota	Thorarchaeia	Thorarchaeales	Thorarchaeaceae	SMTZ1-83	SMTZ1-83 sp011364985	0	74.4	1.6	General	83.57	2.34	149	k__Archaea (UID2)	107	0.0	1488717	87.61034292816588	26	772987	45.506469621713016	1699248	GB_GCA_011364985.1	t	d__Archaea;p__Asgardarchaeota;c__Thorarchaeia;o__Thorarchaeales;f__Thorarchaeaceae;g__SMTZ1-83;s__SMTZ1-83 sp011364985	not type material	none	f	3	3	422531	471486	none	0	none	none	253423	1	63	RDOC01000002.1	none	none	none	none	none	none	65331	77238	f	f	t	222060	222060	Scaffold	ASM1136498v1	na	PRJNA495098	SAMN10218971	26	222060	China: Shenzhen	2020-03-16	GCA_011364985.1	derived from metagenome	full	SZ_4_bin3.344	intertidal mangrove sediment	22.5288 N 114.0300 E	0	0	Candidatus Thorarchaeota archaeon	none	na	2	22	3	222060	70074	22163	2020-03-16	4	2053491	1	SZ_4_bin3.344	Shenzhen University	2053491	d__Archaea;p__Candidatus Thorarchaeota;c__;o__;f__;g__;s__	d__Archaea;x__Promethearchaeati;p__Candidatus Thorarchaeota;x__unclassified Candidatus Thorarchaeota;s__Candidatus Thorarchaeota archaeon	617	1699248	11	32	na	1698631	0	RDOC00000000.1	1733	22	19214	1	none	none	none	none	none	none	1125	RDOC01000013.1	571	370	2.44e-100	78.634	AB644695.1.902	Archaea;Asgardarchaeota;Lokiarchaeia;Incertae Sedis;Incertae Sedis;Incertae Sedis;uncultured archaeon	617	18	42	0
GB_GCA_037310415.1	Archaea	Asgardarchaeota	Atabeyarchaeia	Atabeyarchaeales	Atabeyarchaeaceae	Atabeyarchaeum	Atabeyarchaeum deiterrae	0	97.25	6.32	General	98.13	3.74	149	k__Archaea (UID2)	107	0.0	2353407	85.37109326113051	1	1284340	46.59011803695679	2756679	GB_GCA_037310415.1	t	d__Archaea;p__Asgardarchaeota;c__Atabeyarchaeia;o__Atabeyarchaeales;f__Atabeyarchaeaceae;g__Atabeyarchaeum;s__Atabeyarchaeum deiterrae	type strain of species	Seqcode	f	1	1	2756679	2756679	2756679	1	3100	CP147780.1	none	0	none	none	2803	2082	0	80.521	KX764886.1.3038	Archaea;Incertae Sedis;Incertae Sedis;Incertae Sedis;Incertae Sedis;Incertae Sedis;uncultured archaeon	2756679	2756679	f	f	t	2756679	2756679	Complete Genome	ASM3731041v1	na	PRJNA1050611	SAMN40176691	none	none	none	2024-03-19	GCA_037310415.1	derived from metagenome	full	SRVP18_Atabeyarchaeia-2	none	none	1	0	Candidatus Atabeyarchaeum deiterrae	none	na	2	1	1	2756679	2756679	2756679	2024-03-19	0	3126526	1	SRVP18_Atabeyarchaeia-2	Banfield Lab at UC Berkeley	3126526	d__Archaea;p__;c__;o__;f__;g__Candidatus Atabeyarchaeum;s__Candidatus Atabeyarchaeum deiterrae	d__Archaea;x__Archaea incertae sedis;g__Candidatus Atabeyarchaeum;s__Candidatus Atabeyarchaeum deiterrae	0	2756679	11	44	na	2756679	0	na	2775	1	2756679	1	none	none	none	none	none	none	1495	CP147780.1	1474	1502	0	85.21	KP090994.1.1471	Archaea;Thermoproteota;Bathyarchaeia;Incertae Sedis;Incertae Sedis;Incertae Sedis;uncultured archaeon	0	17	42	0
GB_GCA_014729935.1	Archaea	Asgardarchaeota	Lokiarchaeia	Sigyniarchaeales	Sigyniarchaeaceae	WJJB01	WJJB01 sp014729935	0	78.24	4.17	General	88.21	2.8	149	k__Archaea (UID2)	107	25.0	3777121	89.65578219731046	521	1975719	46.89673228553918	4212914	GB_GCA_014729935.1	t	d__Archaea;p__Asgardarchaeota;c__Lokiarchaeia;o__Sigyniarchaeales;f__Sigyniarchaeaceae;g__WJJB01;s__WJJB01 sp014729935	not type material	none	f	139	139	50594	50594	none	0	none	none	none	0	none	none	none	none	none	none	none	none	8086	8086	f	f	t	9946	9946	Contig	ASM1472993v1	na	PRJNA561032	SAMN13151194	521	9946	Australia: Shark Bay; Hameline Pool	2020-09-24	GCA_014729935.1	derived from metagenome	full	Bin_245	microbial mat from hypersaline water environment	25.7834 S 113.2988 E	0	0	Candidatus Bathyarchaeota archaeon	none	na	1	none	none	none	none	none	2020-09-24	0	2026714	1	Bin_245	University of New South Wales	2026714	d__Archaea;p__Candidatus Bathyarchaeota;c__;o__;f__;g__;s__	d__Archaea;x__Thermoproteati;p__Candidatus Bathyarchaeota;x__unclassified Candidatus Bathyarchaeota;s__Candidatus Bathyarchaeota archaeon	0	4212914	11	39	na	4212914	0	WJJB00000000.1	4060	521	20216	1	none	none	none	none	none	none	1499	WJJB01000053.1	1262	2296	0	99.525	EU731643.1.1262	Archaea;Asgardarchaeota;Lokiarchaeia;Incertae Sedis;Incertae Sedis;Incertae Sedis;uncultured crenarchaeote	0	18	40	1
GB_GCA_048887205.1	Archaea	Asgardarchaeota	Lokiarchaeia	Sigyniarchaeales	SOKP01	Loki-b32	Loki-b32 sp048887205	0	83.4	4.61	General	83.11	3.27	149	k__Archaea (UID2)	107	0.0	2435192	87.67157612785	441	822554	29.62144300434264	2777630	GB_GCA_048887205.1	t	d__Archaea;p__Asgardarchaeota;c__Lokiarchaeia;o__Sigyniarchaeales;f__SOKP01;g__Loki-b32;s__Loki-b32 sp048887205	not type material	none	f	116	115	30858	30858	none	0	none	none	none	0	none	none	none	none	none	none	none	none	6296	6459	f	f	t	7164	7330	Scaffold	ASM4888720v1	na	PRJNA1162170	SAMN43852779	441	7164	none	2025-03-24	GCA_048887205.1	derived from metagenome	full	DZ1B.234	none	none	0	0	Candidatus Hodarchaeota archaeon	none	na	2	430	115	7330	4580	3454	2025-03-24	11	2800102	2	DZ1B.234	East china normal University	2800102	d__Archaea;p__Candidatus Hodarchaeota;c__;o__;f__;g__;s__	d__Archaea;x__Promethearchaeati;p__Candidatus Hodarchaeota;x__unclassified Candidatus Hodarchaeota;s__Candidatus Hodarchaeota archaeon	743	2777630	11	35	na	2776887	0	JBHLKB000000000.1	2912	430	none	0	none	none	none	none	none	none	none	none	none	none	none	none	none	none	743	16	35	1
GB_GCA_016839815.1	Archaea	Asgardarchaeota	Heimdallarchaeia	Hodarchaeales	Hodarchaeaceae	Hodarchaeum	Hodarchaeum sp016839815	0	89.51	7.82	General	87.38	2.8	149	k__Archaea (UID2)	107	0.0	3779477	89.04406217737676	206	1530104	36.04908184752888	4244502	GB_GCA_016839815.1	t	d__Archaea;p__Asgardarchaeota;c__Heimdallarchaeia;o__Hodarchaeales;f__Hodarchaeaceae;g__Hodarchaeum;s__Hodarchaeum sp016839815	not type material	none	f	30	30	130878	130878	none	0	none	none	none	0	none	none	none	none	none	none	none	none	20604	20604	f	f	t	45218	45218	Contig	ASM1683981v1	na	PRJNA680430	SAMN16492231	206	45218	China: Rongcheng Nation Swan Nature Reserve	2021-02-09	GCA_016839815.1	derived from metagenome	full	YT2_004	coastal marine sediment	37.350000 N 122.580000 E	0	none	Candidatus Hodarchaeota archaeon	none	na	none	none	none	none	none	none	2021-02-09	0	2800102	none	YT2_004	Shenzhen Univeristy	2800102	d__Archaea;p__Candidatus Hodarchaeota;c__;o__;f__;g__;s__	d__Archaea;x__Promethearchaeati;p__Candidatus Hodarchaeota;x__unclassified Candidatus Hodarchaeota;s__Candidatus Hodarchaeota archaeon	0	4244502	none	none	na	4244502	0	JAEOTM000000000.1	3922	206	none	0	none	none	none	none	none	none	none	none	none	none	none	none	none	none	0	15	37	0
GB_GCA_030667705.1	Archaea	Asgardarchaeota	Lokiarchaeia	Sigyniarchaeales	SOKP01	SOKP01	SOKP01 sp030667705	0	92.51	5.39	General	82.87	5.25	149	k__Archaea (UID2)	107	42.86	2750061	88.67974905800011	228	974302	31.417796502225816	3101115	GB_GCA_030667705.1	t	d__Archaea;p__Asgardarchaeota;c__Lokiarchaeia;o__Sigyniarchaeales;f__SOKP01;g__SOKP01;s__SOKP01 sp030667705	not type material	none	f	56	56	63493	63493	44048	2	925	DAOUVJ010000006.1	none	0	none	none	929	1134	0	88.913	JYIM01000373.485.3826	Archaea;Asgardarchaeota;Incertae Sedis;Incertae Sedis;Incertae Sedis;Incertae Sedis;Lokiarchaeum sp. GC14_75	13601	13601	f	f	t	17462	17462	Contig	ASM3066770v1	na	PRJNA950938	SAMN34048549	228	17462	none	2023-08-07	GCA_030667705.1	derived from metagenome	full	CSMAG_846	cold seep	none	0	none	Promethearchaeota archaeon	none	na	none	none	none	none	none	none	2023-08-07	0	2053489	none	CSMAG_846	Third Institute of Oceanography, Ministry of Natural Resources	2053489	d__Archaea;p__Promethearchaeota;c__;o__;f__;g__;s__	d__Archaea;x__Promethearchaeati;p__Promethearchaeota;x__unclassified Promethearchaeota;s__Promethearchaeota archaeon	0	3101115	none	none	na	3101115	0	DAOUVJ000000000.1	3184	228	none	0	none	none	none	none	none	none	none	none	none	none	none	none	none	none	0	16	32	1
GB_GCA_001940665.2	Archaea	Asgardarchaeota	Odinarchaeia	Odinarchaeales	Odinarchaeaceae	Odinarchaeum	Odinarchaeum yellowstonii	0	98.22	0.38	General	96.26	1.4	149	k__Archaea (UID2)	107	0.0	1280518	90.28738553828646	1	538795	37.98961974068389	1418269	GB_GCA_001940665.2	t	d__Archaea;p__Asgardarchaeota;c__Odinarchaeia;o__Odinarchaeales;f__Odinarchaeaceae;g__Odinarchaeum;s__Odinarchaeum yellowstonii	type strain of species	LPSN	f	1	1	1418269	1418269	1418269	1	3069	CP091871.1	none	0	none	none	3067	5664	0	100	MDVT01000007.654100.657172	Archaea;Asgardarchaeota;Incertae Sedis;Incertae Sedis;Incertae Sedis;Incertae Sedis;Candidatus Odinarchaeota archaeon LCB_4	1418269	1418269	f	f	t	1418269	1418269	Complete Genome	ASM194066v2	na	PRJNA319486	SAMN04924820	none	none	USA: Yellowstone National Park; Wyoming; lower Culex Basin hot spring	2023-03-23	GCA_001940665.2	derived from metagenome	full	LCB_4	lower Culex Basin hot spring	44 N 110 W	1	0	Candidatus Odinarchaeum yellowstonii	1584	na	2	1	1	1418269	1418269	1418269	2023-03-23	0	1841599	1	LCB_4	Uppsala University	1841599	d__Archaea;p__Candidatus Odinarchaeota;c__Candidatus Odinarchaeia;o__Candidatus Odinarchaeales;f__Candidatus Odinarchaeaceae;g__Candidatus Odinarchaeum;s__Candidatus Odinarchaeum yellowstonii	d__Archaea;x__Promethearchaeati;p__Candidatus Odinarchaeota;c__Candidatus Odinarchaeia;o__Candidatus Odinarchaeales;f__Candidatus Odinarchaeaceae;g__Candidatus Odinarchaeum;s__Candidatus Odinarchaeum yellowstonii	0	1418269	11	47	assembly from type material	1418269	0	na	1504	1	1418269	1	none	none	none	none	none	none	1543	CP091871.1	1543	2850	0	100	MDVT01000007.652378.653923	Archaea;Asgardarchaeota;Lokiarchaeia;Odinarchaeales;Incertae Sedis;LCB-4;Candidatus Odinarchaeota archaeon LCB_4	0	20	46	0
GB_GCA_013166775.1	Archaea	Asgardarchaeota	Heimdallarchaeia	Heimdallarchaeales	Heimdallarchaeaceae	UBA460	UBA460 sp013166775	0	88.74	4.46	General	93.46	1.4	149	k__Archaea (UID2)	107	0.0	3472963	90.26091738608044	115	1266336	32.91156544973832	3847693	GB_GCA_013166775.1	t	d__Archaea;p__Asgardarchaeota;c__Heimdallarchaeia;o__Heimdallarchaeales;f__Heimdallarchaeaceae;g__UBA460;s__UBA460 sp013166775	not type material	none	f	13	13	288008	288008	58267	1	2540	JABLTJ010000021.1	none	0	none	none	2541	3744	0	93.27	MEHH01000225.593.3133	Archaea;Asgardarchaeota;Incertae Sedis;Incertae Sedis;Incertae Sedis;Incertae Sedis;Candidatus Heimdallarchaeota archaeon AB_125	33458	33458	f	f	t	82131	82131	Contig	ASM1316677v1	na	PRJNA495098	SAMN14591737	115	82131	North Sea: German Bight (Helgoland Mud Area)	2020-05-25	GCA_013166775.1	derived from metagenome	full	HMA_bin2.96	coastal sediment	54.089722 N 7.967778 E	0	0	Promethearchaeati archaeon	none	na	2	none	none	none	none	none	2020-05-25	0	2591838	1	HMA_bin2.96	Shenzhen University	2591838	d__Archaea;p__;c__;o__;f__;g__;s__	d__Archaea;x__Promethearchaeati;x__unclassified Promethearchaeati;s__Promethearchaeati archaeon	0	3847693	11	52	na	3847693	0	JABLTJ000000000.1	3768	115	58267	1	none	none	none	none	none	none	1510	JABLTJ010000021.1	1410	2538	0	99.149	AB797455.1.1410	Archaea;Asgardarchaeota;Heimdallarchaeia;Incertae Sedis;Incertae Sedis;AB_125;uncultured archaeon	0	19	52	0
GB_GCA_016840655.1	Archaea	Asgardarchaeota	Lokiarchaeia	Sigyniarchaeales	SOKP01	SOKP01	SOKP01 sp011364975	0	100.0	8.81	General	90.65	3.27	149	k__Archaea (UID2)	107	40.0	4279758	88.03014421304829	123	1507060	30.998647385603707	4861696	GB_GCA_011364975.1	f	d__Archaea;p__Asgardarchaeota;c__Lokiarchaeia;o__Sigyniarchaeales;f__SOKP01;g__SOKP01;s__SOKP01 sp011364975	not type material	none	f	22	22	469617	469617	52341	1	1838	JAEORW010000028.1	none	0	none	none	1845	2294	0	89.268	JYIM01000373.485.3826	Archaea;Asgardarchaeota;Incertae Sedis;Incertae Sedis;Incertae Sedis;Incertae Sedis;Lokiarchaeum sp. GC14_75	39525	39525	f	f	t	60102	60102	Contig	ASM1684065v1	na	PRJNA680430	SAMN16492189	123	60102	Pacific Ocean: Yap Trench	2021-02-09	GCA_016840655.1	derived from metagenome	full	Yap200.bin5.98	seawater	9.900000 N 138.510000 E	0	none	Promethearchaeota archaeon	none	na	none	none	none	none	none	none	2021-02-09	0	2053489	none	Yap200.bin5.98	Shenzhen Univeristy	2053489	d__Archaea;p__Promethearchaeota;c__;o__;f__;g__;s__	d__Archaea;x__Promethearchaeati;p__Promethearchaeota;x__unclassified Promethearchaeota;s__Promethearchaeota archaeon	0	4861696	none	none	na	4861696	0	JAEORW000000000.1	4821	123	52341	2	none	none	none	none	none	none	1492	JAEORW010000028.1	1461	2505	0	97.604	KP091042.1.1468	Archaea;Asgardarchaeota;Lokiarchaeia;Incertae Sedis;Incertae Sedis;Incertae Sedis;uncultured archaeon	0	19	67	0
GB_GCA_030612005.1	Archaea	Asgardarchaeota	Thorarchaeia	Thorarchaeales	Thorarchaeaceae	SMTZ1-45	SMTZ1-45 sp030612005	0	90.87	2.76	General	93.93	4.21	149	k__Archaea (UID2)	107	0.0	3283894	90.2318406680669	271	1516363	41.66523785815009	3639396	GB_GCA_030612005.1	t	d__Archaea;p__Asgardarchaeota;c__Thorarchaeia;o__Thorarchaeales;f__Thorarchaeaceae;g__SMTZ1-45;s__SMTZ1-45 sp030612005	not type material	none	f	53	53	79482	79482	11093	1	899	JAUWOU010000106.1	none	0	none	none	240	132	8.89e-29	77.083	MTMB01000003.340440.343536	Archaea;Thermoproteota;Nitrososphaeria;Caldarchaeales;Geothermarchaeaceae;Incertae Sedis;Candidatus Geothermarchaeota archaeon JdFR-14	13429	13429	f	f	t	19235	19235	Contig	ASM3061200v1	na	PRJNA950938	SAMN34050651	271	19235	none	2023-08-03	GCA_030612005.1	derived from metagenome	full	CSMAG_2458	cold seep	none	0	none	Candidatus Thorarchaeota archaeon	none	na	none	none	none	none	none	none	2023-08-03	0	2053491	none	CSMAG_2458	Third Institute of Oceanography, Ministry of Natural Resources	2053491	d__Archaea;p__Candidatus Thorarchaeota;c__;o__;f__;g__;s__	d__Archaea;x__Promethearchaeati;p__Candidatus Thorarchaeota;x__unclassified Candidatus Thorarchaeota;s__Candidatus Thorarchaeota archaeon	0	3639396	none	none	na	3639396	0	JAUWOU000000000.1	3611	271	32005	1	none	none	none	none	none	none	680	JAUWOU010000023.1	623	475	3e-132	80.738	JQ989386.1.1449	Archaea;Asgardarchaeota;Lokiarchaeia;Odinarchaeales;Incertae Sedis;LCB-4;uncultured archaeon	0	16	39	0
GB_GCA_029855935.1	Archaea	Asgardarchaeota	Thorarchaeia	Thorarchaeales	Thorarchaeaceae	B65-G9	B65-G9 sp029855935	0	97.3	2.81	General	94.86	3.74	149	k__Archaea (UID2)	107	0.0	2631506	88.57879741807616	32	1655204	55.71561676150058	2970808	GB_GCA_029855935.1	t	d__Archaea;p__Asgardarchaeota;c__Thorarchaeia;o__Thorarchaeales;f__Thorarchaeaceae;g__B65-G9;s__B65-G9 sp029855935	not type material	none	f	7	7	338919	338919	61690	1	2578	JAGSHN010000003.1	none	0	none	none	1583	483	6.23e-134	72.71	KX764886.1.3038	Archaea;Incertae Sedis;Incertae Sedis;Incertae Sedis;Incertae Sedis;Incertae Sedis;uncultured archaeon	92837	92837	f	f	t	152470	152470	Contig	ASM2985593v1	na	PRJNA495050	SAMN18742757	32	152470	Pacific Ocean: Lau Basin	2023-04-24	GCA_029855935.1	derived from metagenome	full	A361	hydrothermal vent deposit	21.4492 S 176.2599 W	0	none	Candidatus Thorarchaeota archaeon	none	na	none	none	none	none	none	none	2023-04-24	0	2053491	none	A361	Portland State University	2053491	d__Archaea;p__Candidatus Thorarchaeota;c__;o__;f__;g__;s__	d__Archaea;x__Promethearchaeati;p__Candidatus Thorarchaeota;x__unclassified Candidatus Thorarchaeota;s__Candidatus Thorarchaeota archaeon	0	2970808	none	none	na	2970808	0	JAGSHN000000000.1	2750	32	8937	1	none	none	none	none	none	none	1262	JAGSHN010000001.1	1248	828	0	79.006	KP090981.1.1459	Archaea;Thermoproteota;Bathyarchaeia;Incertae Sedis;Incertae Sedis;Incertae Sedis;uncultured archaeon	0	19	48	1
GB_GCA_016933055.1	Archaea	Asgardarchaeota	Lokiarchaeia	Sigyniarchaeales	Promethearchaeaceae	AMARA-1	AMARA-1 sp016933055	0	91.19	3.29	General	94.39	4.21	149	k__Archaea (UID2)	107	0.0	3335124	88.69911559498537	36	1328115	35.3218128946432	3760042	GB_GCA_016933055.1	t	d__Archaea;p__Asgardarchaeota;c__Lokiarchaeia;o__Sigyniarchaeales;f__Promethearchaeaceae;g__AMARA-1;s__AMARA-1 sp016933055	not type material	none	f	4	4	818988	818988	426971	1	2704	JAFGBS010000004.1	none	0	none	none	353	259	1.2e-66	80.453	CP008887.172217.175086	Archaea;Methanobacteriota;Thermococci;Thermococcales;Thermococcaceae;Thermococcus;Thermococcus eurythermalis	104445	104445	f	f	t	303549	303549	Contig	ASM1693305v1	na	PRJNA690107	SAMN17241786	36	303549	USA: Anadarko; OK; Zodletone Spring	2021-02-24	GCA_016933055.1	derived from metagenome	full	Zod_Metabat.1044	Freshwater Sediment	34.99562 N 98.68895 W	0	0	Promethearchaeota archaeon	none	na	4	none	none	none	none	none	2021-02-24	0	2053489	1	Zod_Metabat.1044	Oklahoma State University	2053489	d__Archaea;p__Promethearchaeota;c__;o__;f__;g__;s__	d__Archaea;x__Promethearchaeati;p__Promethearchaeota;x__unclassified Promethearchaeota;s__Promethearchaeota archaeon	0	3760042	11	45	na	3760042	0	JAFGBS000000000.1	3376	36	426971	1	none	none	none	none	none	none	1490	JAFGBS010000004.1	1457	2490	0	97.529	EU420696.1.1474	Archaea;Asgardarchaeota;Lokiarchaeia;Incertae Sedis;Incertae Sedis;Incertae Sedis;uncultured archaeon	0	19	44	0
GB_GCA_018238965.1	Archaea	Asgardarchaeota	Lokiarchaeia	Sigyniarchaeales	Promethearchaeaceae	Harpocratesius	Harpocratesius sp018238965	0	87.39	1.38	General	81.15	4.52	149	k__Archaea (UID2)	107	12.5	3357946	87.18337102339554	374	1478264	38.38061683616377	3851590	GB_GCA_018238965.1	t	d__Archaea;p__Asgardarchaeota;c__Lokiarchaeia;o__Sigyniarchaeales;f__Promethearchaeaceae;g__Harpocratesius;s__Harpocratesius sp018238965	not type material	none	f	97	97	55416	55416	14503	1	3109	JABCSI010000065.1	none	0	none	none	2904	693	0	71.625	KX764886.1.3038	Archaea;Incertae Sedis;Incertae Sedis;Incertae Sedis;Incertae Sedis;Incertae Sedis;uncultured archaeon	10298	10298	f	f	t	12554	12554	Contig	ASM1823896v1	na	PRJNA628571	SAMN14734399	374	12554	China: Haima cold seep	2021-05-03	GCA_018238965.1	derived from metagenome	full	HM1_B6_4	cold seep	none	0	none	Promethearchaeota archaeon	none	na	none	none	none	none	none	none	2021-05-03	0	2053489	none	HM1_B6_4	Institute of Deep-sea Science and Engineering, Chinese Academy of Sciences	2053489	d__Archaea;p__Promethearchaeota;c__;o__;f__;g__;s__	d__Archaea;x__Promethearchaeati;p__Promethearchaeota;x__unclassified Promethearchaeota;s__Promethearchaeota archaeon	0	3851590	none	none	na	3851590	0	JABCSI000000000.1	3677	374	54569	1	none	none	none	none	none	none	1495	JABCSI010000002.1	1429	2606	0	99.58	KP814621.1.1428	Archaea;Asgardarchaeota;Lokiarchaeia;Incertae Sedis;Incertae Sedis;Incertae Sedis;uncultured archaeon	0	17	30	1
GB_GCA_024720985.1	Archaea	Asgardarchaeota	Njordarchaeia	Njordarchaeales	Panguiarchaeaceae	Panguiarchaeum	Panguiarchaeum symbiosum	0	77.89	0.56	General	81.94	0.0	149	k__Archaea (UID2)	107	0.0	1135523	89.55758424197015	65	510491	40.26192400970089	1267925	GB_GCA_024720975.1	f	d__Archaea;p__Asgardarchaeota;c__Njordarchaeia;o__Njordarchaeales;f__Panguiarchaeaceae;g__Panguiarchaeum;s__Panguiarchaeum symbiosum	not type material	none	f	12	12	79435	79435	70453	1	2979	JANJYC010000002.1	none	0	none	none	2950	1083	0	74.068	CP000504.1594574.1597615	Archaea;Thermoproteota;Thermoproteia;Thermoproteales;Thermoproteaceae;Pyrobaculum;Pyrobaculum islandicum DSM 4184	19506	19506	f	f	t	35341	35341	Contig	ASM2472098v1	na	PRJNA544494	SAMN28868081	65	35341	China: Tengchong county; Yunnan; JinZe-1 pool	2022-08-19	GCA_024720985.1	derived from metagenome	full	JZ-1.bin_107	hot spring sediment	25.44 N 98.46 E	0	0	Thermoproteota archaeon	none	na	2	none	none	none	none	none	2022-08-19	0	2056631	1	JZ-1.bin_107	The University of Texas at Austin	2056631	d__Archaea;p__Thermoproteota;c__;o__;f__;g__;s__	d__Archaea;x__Thermoproteati;p__Thermoproteota;x__unclassified Thermoproteota;s__Thermoproteota archaeon	0	1267925	11	45	na	1267925	0	JANJYC000000000.1	1244	65	70453	1	none	none	none	none	none	none	1515	JANJYC010000002.1	1399	998	0	79.986	DQ228522.1.1438	Archaea;Incertae Sedis;Incertae Sedis;Incertae Sedis;Incertae Sedis;Incertae Sedis;uncultured archaeon	0	18	45	0
GB_GCA_048882745.1	Archaea	Asgardarchaeota	Thorarchaeia	Thorarchaeales	Thorarchaeaceae	SMTZ1-45	SMTZ1-45 sp048882045	0	94.4	4.48	General	93.93	4.03	149	k__Archaea (UID2)	107	0.0	3546183	91.52061159247712	223	1735743	44.80033925279211	3874737	GB_GCA_048882045.1	f	d__Archaea;p__Asgardarchaeota;c__Thorarchaeia;o__Thorarchaeales;f__Thorarchaeaceae;g__SMTZ1-45;s__SMTZ1-45 sp048882045	not type material	none	f	28	26	156383	156383	none	0	none	none	none	0	none	none	none	none	none	none	none	none	17373	17938	f	f	t	35215	37399	Scaffold	ASM4888274v1	na	PRJNA1162170	SAMN43852967	223	35215	none	2025-03-24	GCA_048882745.1	derived from metagenome	full	TM1M.210	none	none	0	0	Candidatus Thorarchaeota archaeon	none	na	3	216	26	37399	16762	7034	2025-03-24	7	2053491	0	TM1M.210	East china normal University	2053491	d__Archaea;p__Candidatus Thorarchaeota;c__;o__;f__;g__;s__	d__Archaea;x__Promethearchaeati;p__Candidatus Thorarchaeota;x__unclassified Candidatus Thorarchaeota;s__Candidatus Thorarchaeota archaeon	340	3874737	11	44	na	3874397	0	JBHLRH000000000.1	3775	216	none	0	none	none	none	none	none	none	none	none	none	none	none	none	none	none	340	18	44	0
GB_GCA_016839445.1	Archaea	Asgardarchaeota	Thorarchaeia	Thorarchaeales	Thorarchaeaceae	SMTZ1-45	SMTZ1-45 sp016839445	0	89.83	6.45	General	87.38	6.69	149	k__Archaea (UID2)	107	41.67	2687055	92.30427565813972	190	1530291	52.567737653739975	2911084	GB_GCA_016839445.1	t	d__Archaea;p__Asgardarchaeota;c__Thorarchaeia;o__Thorarchaeales;f__Thorarchaeaceae;g__SMTZ1-45;s__SMTZ1-45 sp016839445	not type material	none	f	34	34	99112	99112	10872	1	1186	JAEOUG010000179.1	none	0	none	none	516	204	2.47e-50	74.806	CP006867.388300.391334	Archaea;Thermoproteota;Thermoproteia;Desulfurococcales;Ignicoccaceae;Ignicoccus;Ignicoccus islandicus DSM 13165	15321	15321	f	f	t	27272	27272	Contig	ASM1683944v1	na	PRJNA680430	SAMN16492251	190	27272	China: Futian Nature Reserve of Shenzhen	2021-02-09	GCA_016839445.1	derived from metagenome	full	FT1_004	coastal marine sediment	22.530000 N 114.000000 E	0	none	Candidatus Thorarchaeota archaeon	none	na	none	none	none	none	none	none	2021-02-09	0	2053491	none	FT1_004	Shenzhen Univeristy	2053491	d__Archaea;p__Candidatus Thorarchaeota;c__;o__;f__;g__;s__	d__Archaea;x__Promethearchaeati;p__Candidatus Thorarchaeota;x__unclassified Candidatus Thorarchaeota;s__Candidatus Thorarchaeota archaeon	0	2911084	none	none	na	2911084	0	JAEOUG000000000.1	2928	190	58791	1	none	none	none	none	none	none	782	JAEOUG010000046.1	332	294	1.04e-77	82.831	AJ578146.1.1396	Archaea;Asgardarchaeota;Lokiarchaeia;Incertae Sedis;Incertae Sedis;Incertae Sedis;uncultured archaeon	0	18	41	0
GB_GCA_004524435.1	Archaea	Asgardarchaeota	Thorarchaeia	Thorarchaeales	Thorarchaeaceae	TEKIR-12S	TEKIR-12S sp004524435	0	87.15	4.82	General	86.14	0.93	149	k__Archaea (UID2)	107	0.0	2512334	90.69129926893471	281	1397161	50.43531090129102	2770204	GB_GCA_004524435.1	t	d__Archaea;p__Asgardarchaeota;c__Thorarchaeia;o__Thorarchaeales;f__Thorarchaeaceae;g__TEKIR-12S;s__TEKIR-12S sp004524435	not type material	none	f	70	70	50856	50856	17571	1	1321	SDNO01000036.1	none	0	none	none	529	217	3.54e-54	74.669	CP001939.54530.57594	Archaea;Thermoproteota;Thermoproteia;Desulfurococcales;Desulfurococcaceae;Thermosphaera;Thermosphaera aggregans DSM 11486	9858	9858	f	f	t	13065	13065	Contig	ASM452443v1	na	PRJNA483005	SAMN10768456	281	13065	Romania: Tekirghiol	2019-03-29	GCA_004524435.1	derived from metagenome	full	TEKIR_12S	lake sediment	44.0552806 N 28.6053 E	0	0	Candidatus Thorarchaeota archaeon	none	na	1	none	none	none	none	none	2019-03-29	0	2053491	0	TEKIR_12S	Babes-Bolyai University	2053491	d__Archaea;p__Candidatus Thorarchaeota;c__;o__;f__;g__;s__	d__Archaea;x__Promethearchaeati;p__Candidatus Thorarchaeota;x__unclassified Candidatus Thorarchaeota;s__Candidatus Thorarchaeota archaeon	0	2770204	11	31	na	2770204	0	SDNO00000000.1	2792	281	none	0	none	none	none	none	none	none	none	none	none	none	none	none	none	none	0	17	39	1
GB_GCA_018238645.1	Archaea	Asgardarchaeota	Heimdallarchaeia	Heimdallarchaeales	Heimdallarchaeaceae	UBA460	UBA460 sp018238545	0	81.55	2.64	General	88.79	6.07	149	k__Archaea (UID2)	107	0.0	2872287	90.3278649343396	353	1078634	33.92095088881663	3179846	GB_GCA_018238545.1	f	d__Archaea;p__Asgardarchaeota;c__Heimdallarchaeia;o__Heimdallarchaeales;f__Heimdallarchaeaceae;g__UBA460;s__UBA460 sp018238545	not type material	none	f	70	70	71215	71215	54903	1	2542	JABCSZ010000003.1	none	0	none	none	2548	3779	0	93.524	MEHH01000225.593.3133	Archaea;Asgardarchaeota;Incertae Sedis;Incertae Sedis;Incertae Sedis;Incertae Sedis;Candidatus Heimdallarchaeota archaeon AB_125	9008	9008	f	f	t	13698	13698	Contig	ASM1823864v1	na	PRJNA628571	SAMN14734420	353	13698	China: Haima cold seep	2021-05-03	GCA_018238645.1	derived from metagenome	full	HM4_B27	cold seep	none	0	none	Candidatus Heimdallarchaeota archaeon	none	na	none	none	none	none	none	none	2021-05-03	0	2026747	none	HM4_B27	Institute of Deep-sea Science and Engineering, Chinese Academy of Sciences	2026747	d__Archaea;p__Candidatus Heimdallarchaeota;c__;o__;f__;g__;s__	d__Archaea;x__Promethearchaeati;p__Candidatus Heimdallarchaeota;x__unclassified Candidatus Heimdallarchaeota;s__Candidatus Heimdallarchaeota archaeon	0	3179846	none	none	na	3179846	0	JABCSZ000000000.1	3331	353	54903	1	none	none	none	none	none	none	1508	JABCSZ010000003.1	1429	2566	0	99.09	JQ816545.1.1430	Archaea;Asgardarchaeota;Heimdallarchaeia;Incertae Sedis;Incertae Sedis;AB_125;uncultured archaeon	0	19	47	0
GB_GCA_048941625.1	Archaea	Asgardarchaeota	Lokiarchaeia	Sigyniarchaeales	SOKP01	Loki-b32	Loki-b32 sp048941625	0	95.92	8.4	General	87.85	0.93	149	k__Archaea (UID2)	107	0.0	3220863	88.17324960031537	186	1070259	29.30345834029236	3652880	GB_GCA_048941625.1	t	d__Archaea;p__Asgardarchaeota;c__Lokiarchaeia;o__Sigyniarchaeales;f__SOKP01;g__Loki-b32;s__Loki-b32 sp048941625	not type material	none	f	36	35	119013	119013	none	0	none	none	none	0	none	none	none	none	none	none	none	none	19636	20755	f	f	t	33826	35016	Scaffold	ASM4894162v1	na	PRJNA1162170	SAMN43852866	186	33826	none	2025-03-25	GCA_048941625.1	derived from metagenome	full	DZ2S.252	none	none	0	0	Promethearchaeota archaeon	none	na	3	176	35	35016	20368	9171	2025-03-25	10	2053489	1	DZ2S.252	East china normal University	2053489	d__Archaea;p__Promethearchaeota;c__;o__;f__;g__;s__	d__Archaea;x__Promethearchaeati;p__Promethearchaeota;x__unclassified Promethearchaeota;s__Promethearchaeota archaeon	550	3652880	11	35	na	3652330	0	JBHLNK000000000.1	3552	176	none	0	none	none	none	none	none	none	none	none	none	none	none	none	none	none	550	14	35	1
GB_GCA_019894855.1	Archaea	Asgardarchaeota	Lokiarchaeia	Sigyniarchaeales	SOKP01	SOKP01	SOKP01 sp019894855	36	83.65	5.11	General	78.9	2.8	149	k__Archaea (UID2)	107	20.0	2229596	87.93744976205257	195	818251	32.27734379776755	2535434	GB_GCA_019894855.1	t	d__Archaea;p__Asgardarchaeota;c__Lokiarchaeia;o__Sigyniarchaeales;f__SOKP01;g__SOKP01;s__SOKP01 sp019894855	not type material	none	f	32	30	89128	125601	none	0	none	none	none	0	none	none	none	none	none	none	none	none	13000	14914	f	f	t	25635	26632	Scaffold	ASM1989485v1	na	PRJNA680161	SAMN18946029	195	25635	Russia: Cape Chukochii	2021-09-07	GCA_019894855.1	derived from metagenome	full	bin49	permafrost sediment	70.05 N 159.55 E	0	0	Promethearchaeota archaeon	none	na	0	170	30	26632	13377	6613	2021-09-07	25	2053489	0	bin49	Princeton University	2053489	d__Archaea;p__Promethearchaeota;c__;o__;f__;g__;s__	d__Archaea;x__Promethearchaeati;p__Promethearchaeota;x__unclassified Promethearchaeota;s__Promethearchaeota archaeon	335	2535434	11	32	na	2535099	0	JAGXNS000000000.1	2596	170	none	0	none	none	none	none	none	none	none	none	none	none	none	none	none	none	335	14	30	0
GB_GCA_050124855.1	Archaea	Asgardarchaeota	Thorarchaeia	Thorarchaeales	Thorarchaeaceae	SMTZ1-83	SMTZ1-83 sp050124855	0	62.53	0.63	General	59.9	0.0	149	k__Archaea (UID2)	107	0.0	1236433	90.69478980994506	275	629760	46.1941333098607	1363290	GB_GCA_050124855.1	t	d__Archaea;p__Asgardarchaeota;c__Thorarchaeia;o__Thorarchaeales;f__Thorarchaeaceae;g__SMTZ1-83;s__SMTZ1-83 sp050124855	not type material	none	f	92	92	21056	21056	4332	1	891	JASFEL010000126.1	none	0	none	none	443	183	2.4e-44	74.718	CP001939.54530.57594	Archaea;Thermoproteota;Thermoproteia;Desulfurococcales;Desulfurococcaceae;Thermosphaera;Thermosphaera aggregans DSM 11486	4957	4957	f	f	t	5144	5144	Contig	ASM5012485v1	na	PRJNA898402	SAMN33274132	275	5144	none	2025-05-04	GCA_050124855.1	derived from metagenome	full	D0606M12metaG_Bin_332	none	none	0	0	Candidatus Thorarchaeota archaeon	none	na	3	none	none	none	none	none	2025-05-04	0	2053491	1	D0606M12metaG_Bin_332	University of Texas - Austin, Baker Lab	2053491	d__Archaea;p__Candidatus Thorarchaeota;c__;o__;f__;g__;s__	d__Archaea;x__Promethearchaeati;p__Candidatus Thorarchaeota;x__unclassified Candidatus Thorarchaeota;s__Candidatus Thorarchaeota archaeon	0	1363290	11	28	na	1363290	0	JASFEL000000000.1	1701	275	none	0	none	none	none	none	none	none	none	none	none	none	none	none	none	none	0	13	29	0
GB_GCA_041230405.1	Archaea	Asgardarchaeota	Heimdallarchaeia	Heimdallarchaeales	Kariarchaeaceae	Kariarchaeum	Kariarchaeum pelagium	0	71.7	2.05	General	76.42	1.87	149	k__Archaea (UID2)	107	0.0	1284450	92.09203682964495	137	420896	30.17725091163552	1394746	GB_GCA_002728275.1	f	d__Archaea;p__Asgardarchaeota;c__Heimdallarchaeia;o__Heimdallarchaeales;f__Kariarchaeaceae;g__Kariarchaeum;s__Kariarchaeum pelagium	not type material	none	f	25	25	88132	88132	88132	1	2562	JBERFY010000078.1	none	0	none	none	2369	4348	0	99.789	BCSF01007275.2.2427	Archaea;Asgardarchaeota;Incertae Sedis;Incertae Sedis;Incertae Sedis;Incertae Sedis;uncultured marine virus	10180	10180	f	f	t	15119	15119	Contig	ASM4123040v1	na	PRJNA1081583	SAMN41428558	137	15119	none	2024-08-13	GCA_041230405.1	derived from metagenome	full	02um_A1Z0725_5.73	none	none	0	none	Promethearchaeati archaeon	none	na	none	none	none	none	none	none	2024-08-13	0	2591838	none	02um_A1Z0725_5.73	Xiamen University	2591838	d__Archaea;p__;c__;o__;f__;g__;s__	d__Archaea;x__Promethearchaeati;x__unclassified Promethearchaeati;s__Promethearchaeati archaeon	0	1394746	none	none	na	1394746	0	JBERFY000000000.1	1423	137	61364	1	none	none	none	none	none	none	1469	JBERFY010000032.1	356	222	9.51e-56	78.652	JN509596.1.1473	Bacteria;Dependentiae;Babeliae;Babeliales;Incertae Sedis;Incertae Sedis;uncultured organism	0	20	39	0
GB_GCA_964510585.1	Archaea	Asgardarchaeota	Jordiarchaeia	Jordiarchaeales	Jordiarchaeaceae	Jordiarchaeum	Jordiarchaeum sp964510585	0	96.12	4.83	General	96.73	2.34	149	k__Archaea (UID2)	107	0.0	3049576	80.63207413471078	217	1576230	41.676185218323845	3782088	GB_GCA_964510585.1	t	d__Archaea;p__Asgardarchaeota;c__Jordiarchaeia;o__Jordiarchaeales;f__Jordiarchaeaceae;g__Jordiarchaeum;s__Jordiarchaeum sp964510585	not type material	none	f	39	39	105153	105153	none	0	none	none	none	0	none	none	none	none	none	none	none	none	17428	17428	f	f	t	29853	29853	Contig	SRP231805_co4_171	na	PRJEB82487	SAMEA117390450	217	29853	none	2025-01-12	GCA_964510585.1	derived from metagenome	full	SRP231805_co4_171	none	none	0	none	uncultured archaeon	none	na	none	none	none	none	none	none	2025-01-12	0	115547	none	SRP231805_co4_171	Centre for Microbiome Research	115547	d__Archaea;p__;c__;o__;f__;g__;s__	d__Archaea;x__environmental samples;s__uncultured archaeon	0	3782088	none	none	na	3782088	0	CAZECW000000000.1	3633	217	none	0	none	none	none	none	none	none	none	none	none	none	none	none	none	none	0	16	31	0
GB_GCA_964653985.1	Archaea	Asgardarchaeota	Lokiarchaeia	Sigyniarchaeales	SOKP01	CAZZIC01	CAZZIC01 sp964653985	0	96.23	6.75	General	93.15	4.21	149	k__Archaea (UID2)	107	0.0	3560443	83.16563294836641	371	1347916	31.5556869677426	4281147	GB_GCA_964653985.1	t	d__Archaea;p__Asgardarchaeota;c__Lokiarchaeia;o__Sigyniarchaeales;f__SOKP01;g__CAZZIC01;s__CAZZIC01 sp964653985	not type material	none	f	73	60	90588	90588	none	0	none	none	none	0	none	none	none	none	none	none	none	none	11513	15567	f	f	t	17623	20855	Scaffold	binchicken_co8_354	na	PRJEB82487	SAMEA117384764	371	17623	none	2025-01-13	GCA_964653985.1	derived from metagenome	full	binchicken_co8_354	none	none	0	none	uncultured archaeon	none	na	none	275	60	20855	12763	7761	2025-01-13	96	115547	none	binchicken_co8_354	Centre for Microbiome Research	115547	d__Archaea;p__;c__;o__;f__;g__;s__	d__Archaea;x__environmental samples;s__uncultured archaeon	9600	4281147	none	none	na	4271547	0	CAZZIC000000000.1	4066	275	4910	1	none	none	none	none	none	none	518	CAZZIC010000228.1	518	769	0	93.436	JYIM01000321.1.1179	Archaea;Asgardarchaeota;Lokiarchaeia;Incertae Sedis;Incertae Sedis;Incertae Sedis;Lokiarchaeum sp. GC14_75	9600	17	36	0
GB_GCA_019056735.1	Archaea	Asgardarchaeota	Lokiarchaeia	Sigyniarchaeales	SOKP01	Loki-b32	Loki-b32 sp019057865	0	67.44	1.61	General	66.98	2.34	149	k__Archaea (UID2)	107	33.33	1504616	87.58588372262243	331	504244	29.35277595866987	1717875	GB_GCA_019057865.1	f	d__Archaea;p__Asgardarchaeota;c__Lokiarchaeia;o__Sigyniarchaeales;f__SOKP01;g__Loki-b32;s__Loki-b32 sp019057865	not type material	none	f	102	102	19571	19571	17962	1	3314	DXJD01000266.1	none	0	none	none	2129	3037	0	92.438	JYIM01000373.485.3826	Archaea;Asgardarchaeota;Incertae Sedis;Incertae Sedis;Incertae Sedis;Incertae Sedis;Lokiarchaeum sp. GC14_75	5189	5189	f	f	t	5554	5554	Contig	ASM1905673v1	na	PRJNA678817	SAMN19820859	331	5554	Costa Rica	2021-06-29	GCA_019056735.1	derived from metagenome	full	CR1122_bin_77	marine sediment	none	0	none	Promethearchaeota archaeon	none	na	none	none	none	none	none	none	2021-06-29	0	2053489	none	CR1122_bin_77	The University of Queensland	2053489	d__Archaea;p__Promethearchaeota;c__;o__;f__;g__;s__	d__Archaea;x__Promethearchaeati;p__Promethearchaeota;x__unclassified Promethearchaeota;s__Promethearchaeota archaeon	0	1717875	none	none	na	1717875	0	DXJD00000000.1	1873	331	none	0	none	none	none	none	none	none	none	none	none	none	none	none	none	none	0	13	19	0
GB_GCA_964505645.1	Archaea	Asgardarchaeota	Lokiarchaeia	Sigyniarchaeales	SOKP01	TEKIR-8	TEKIR-8 sp964505645	0	95.25	5.98	General	86.92	2.57	149	k__Archaea (UID2)	107	0.0	3686885	83.49317630902905	795	1551113	35.14671267355682	4415792	GB_GCA_964505645.1	t	d__Archaea;p__Asgardarchaeota;c__Lokiarchaeia;o__Sigyniarchaeales;f__SOKP01;g__TEKIR-8;s__TEKIR-8 sp964505645	not type material	none	f	190	164	34835	34835	none	0	none	none	none	0	none	none	none	none	none	none	none	none	5551	6281	f	f	t	7434	8193	Scaffold	SRP141376_co4_317	na	PRJEB82487	SAMEA117288817	795	7434	none	2025-01-13	GCA_964505645.1	derived from metagenome	full	SRP141376_co4_317	none	none	0	none	uncultured archaeon	none	na	none	703	164	8193	4996	3026	2025-01-13	92	115547	none	SRP141376_co4_317	Centre for Microbiome Research	115547	d__Archaea;p__;c__;o__;f__;g__;s__	d__Archaea;x__environmental samples;s__uncultured archaeon	2540	4415792	none	none	na	4413252	0	CAZDJH000000000.1	4379	703	none	0	none	none	none	none	none	none	none	none	none	none	none	none	none	none	2540	19	43	1
GB_GCA_048881725.1	Archaea	Asgardarchaeota	Thorarchaeia	Thorarchaeales	Thorarchaeaceae	SMTZ1-45	SMTZ1-45 sp048882325	0	93.72	5.62	General	91.13	4.21	149	k__Archaea (UID2)	107	14.29	3342649	91.27090399629964	185	1623502	44.34649167374134	3662338	GB_GCA_048882325.1	f	d__Archaea;p__Asgardarchaeota;c__Thorarchaeia;o__Thorarchaeales;f__Thorarchaeaceae;g__SMTZ1-45;s__SMTZ1-45 sp048882325	not type material	none	f	29	26	149191	151327	none	0	none	none	none	0	none	none	none	none	none	none	none	none	19788	22468	f	f	t	36868	41625	Scaffold	ASM4888172v1	na	PRJNA1162170	SAMN43852991	185	36868	none	2025-03-24	GCA_048881725.1	derived from metagenome	full	TM2S.239	none	none	0	0	Candidatus Thorarchaeota archaeon	none	na	2	163	26	41625	19508	10392	2025-03-24	22	2053491	0	TM2S.239	East china normal University	2053491	d__Archaea;p__Candidatus Thorarchaeota;c__;o__;f__;g__;s__	d__Archaea;x__Promethearchaeati;p__Candidatus Thorarchaeota;x__unclassified Candidatus Thorarchaeota;s__Candidatus Thorarchaeota archaeon	1390	3662338	11	41	na	3660948	0	JBHLSF000000000.1	3573	163	none	0	none	none	none	none	none	none	none	none	none	none	none	none	none	none	1390	16	41	1
GB_GCA_016839465.1	Archaea	Asgardarchaeota	Thorarchaeia	Thorarchaeales	Thorarchaeaceae	SMTZ1-45	SMTZ1-45 sp016840685	0	85.36	6.12	General	85.05	0.93	149	k__Archaea (UID2)	107	0.0	2824510	91.1813176614149	212	1387423	44.78902793537755	3097685	GB_GCA_016840685.1	f	d__Archaea;p__Asgardarchaeota;c__Thorarchaeia;o__Thorarchaeales;f__Thorarchaeaceae;g__SMTZ1-45;s__SMTZ1-45 sp016840685	not type material	none	f	47	47	63394	63394	none	0	none	none	none	0	none	none	none	none	none	none	none	none	14611	14611	f	f	t	19796	19796	Contig	ASM1683946v1	na	PRJNA680430	SAMN16492250	212	19796	China: Futian Nature Reserve of Shenzhen	2021-02-09	GCA_016839465.1	derived from metagenome	full	FT1_002	coastal marine sediment	22.530000 N 114.000000 E	0	none	Candidatus Thorarchaeota archaeon	none	na	none	none	none	none	none	none	2021-02-09	0	2053491	none	FT1_002	Shenzhen Univeristy	2053491	d__Archaea;p__Candidatus Thorarchaeota;c__;o__;f__;g__;s__	d__Archaea;x__Promethearchaeati;p__Candidatus Thorarchaeota;x__unclassified Candidatus Thorarchaeota;s__Candidatus Thorarchaeota archaeon	0	3097685	none	none	na	3097685	0	JAEOUF000000000.1	3182	212	none	0	none	none	none	none	none	none	none	none	none	none	none	none	none	none	0	19	35	1
GB_GCA_019056785.1	Archaea	Asgardarchaeota	Heimdallarchaeia	JABLTI01	JABLTI01	JABLTI01	JABLTI01 sp019056785	0	82.53	4.08	General	86.45	7.01	149	k__Archaea (UID2)	107	11.11	2523245	87.83497539432264	102	1108294	38.58007296940068	2872711	GB_GCA_019056785.1	t	d__Archaea;p__Asgardarchaeota;c__Heimdallarchaeia;o__JABLTI01;f__JABLTI01;g__JABLTI01;s__JABLTI01 sp019056785	not type material	none	f	14	14	198491	198491	42579	1	4049	DXJV01000033.1	none	0	none	none	302	281	3.85e-73	83.775	CP026606.1022489.1025428	Archaea;Methanobacteriota;Methanococci;Methanococcales;Methanococcaceae;Methanococcus;Methanococcus maripaludis	28163	28163	f	f	t	66020	66020	Contig	ASM1905678v1	na	PRJNA678817	SAMN19820877	102	66020	USA: Guaymas Basin; Gulf of California	2021-06-29	GCA_019056785.1	derived from metagenome	full	MAG_147	Guaymas Basin sediment from dive 4484 depth 0-1 cm	none	0	none	Candidatus Heimdallarchaeota archaeon	none	na	none	none	none	none	none	none	2021-06-29	0	2026747	none	MAG_147	The University of Queensland	2026747	d__Archaea;p__Candidatus Heimdallarchaeota;c__;o__;f__;g__;s__	d__Archaea;x__Promethearchaeati;p__Candidatus Heimdallarchaeota;x__unclassified Candidatus Heimdallarchaeota;s__Candidatus Heimdallarchaeota archaeon	0	2872711	none	none	na	2872711	0	DXJV00000000.1	2720	102	56840	2	none	none	none	none	none	none	839	DXJV01000030.1	841	1434	0	97.503	FR682492.1.1462	Archaea;Asgardarchaeota;Heimdallarchaeia;Incertae Sedis;Incertae Sedis;LC_3;uncultured archaeon	0	18	38	0
GB_GCA_048886305.1	Archaea	Asgardarchaeota	Lokiarchaeia	Sigyniarchaeales	SOKP01	Loki-b32	Loki-b32 sp048886305	0	94.01	6.05	General	81.07	2.34	149	k__Archaea (UID2)	107	0.0	2650690	89.05212728787593	319	885844	29.78217528854462	2976560	GB_GCA_048886305.1	t	d__Archaea;p__Asgardarchaeota;c__Lokiarchaeia;o__Sigyniarchaeales;f__SOKP01;g__Loki-b32;s__Loki-b32 sp048886305	not type material	none	f	67	64	85786	85786	17130	1	960	JBHLKV010000039.1	none	0	none	none	961	1308	0	91.259	JYIM01000373.485.3826	Archaea;Asgardarchaeota;Incertae Sedis;Incertae Sedis;Incertae Sedis;Incertae Sedis;Lokiarchaeum sp. GC14_75	9324	10158	f	f	t	13373	13666	Scaffold	ASM4888630v1	na	PRJNA1162170	SAMN43852799	319	13373	none	2025-03-24	GCA_048886305.1	derived from metagenome	full	DZ1M.223	none	none	0	0	Candidatus Hodarchaeota archaeon	none	na	3	293	64	13666	7666	4762	2025-03-24	26	2800102	2	DZ1M.223	East china normal University	2800102	d__Archaea;p__Candidatus Hodarchaeota;c__;o__;f__;g__;s__	d__Archaea;x__Promethearchaeati;p__Candidatus Hodarchaeota;x__unclassified Candidatus Hodarchaeota;s__Candidatus Hodarchaeota archaeon	2150	2976560	11	30	na	2974410	0	JBHLKV000000000.1	3004	293	none	0	none	none	none	none	none	none	none	none	none	none	none	none	none	none	2150	15	29	0
GB_GCA_016839945.1	Archaea	Asgardarchaeota	Heimdallarchaeia	Heimdallarchaeales	Heimdallarchaeaceae	UBA460	UBA460 sp016839945	0	88.07	2.35	General	88.4	0.47	149	k__Archaea (UID2)	107	0.0	2764004	92.0403218609434	186	965672	32.15652426411138	3003036	GB_GCA_016839945.1	t	d__Archaea;p__Asgardarchaeota;c__Heimdallarchaeia;o__Heimdallarchaeales;f__Heimdallarchaeaceae;g__UBA460;s__UBA460 sp016839945	not type material	none	f	31	31	179798	179798	none	0	none	none	none	0	none	none	none	none	none	none	none	none	16145	16145	f	f	t	25949	25949	Contig	ASM1683994v1	na	PRJNA680430	SAMN16492223	186	25949	China: Rongcheng Nation Swan Nature Reserve	2021-02-09	GCA_016839945.1	derived from metagenome	full	YT1_029	coastal marine sediment	37.350000 N 122.580000 E	0	none	Candidatus Heimdallarchaeota archaeon	none	na	none	none	none	none	none	none	2021-02-09	0	2026747	none	YT1_029	Shenzhen Univeristy	2026747	d__Archaea;p__Candidatus Heimdallarchaeota;c__;o__;f__;g__;s__	d__Archaea;x__Promethearchaeati;p__Candidatus Heimdallarchaeota;x__unclassified Candidatus Heimdallarchaeota;s__Candidatus Heimdallarchaeota archaeon	0	3003036	none	none	na	3003036	0	JAEOTE000000000.1	2942	186	7575	1	none	none	none	none	none	none	483	JAEOTE010000163.1	469	726	0	94.67	MEHH01000036.3025.4474	Archaea;Asgardarchaeota;Heimdallarchaeia;Incertae Sedis;Incertae Sedis;AB_125;Candidatus Heimdallarchaeota archaeon AB_125	0	17	40	0
GB_GCA_048882945.1	Archaea	Asgardarchaeota	Thorarchaeia	Thorarchaeales	Thorarchaeaceae	SMTZ1-45	SMTZ1-45 sp048882965	0	93.75	6.21	General	90.65	5.14	149	k__Archaea (UID2)	107	28.57	3226166	91.20367962186062	313	1541895	43.59601106090851	3537320	GB_GCA_048882965.1	f	d__Archaea;p__Asgardarchaeota;c__Thorarchaeia;o__Thorarchaeales;f__Thorarchaeaceae;g__SMTZ1-45;s__SMTZ1-45 sp048882965	not type material	none	f	58	56	87346	92410	none	0	none	none	none	0	none	none	none	none	none	none	none	none	11299	11635	f	f	t	19157	19650	Scaffold	ASM4888294v1	na	PRJNA1162170	SAMN43852963	313	19157	none	2025-03-24	GCA_048882945.1	derived from metagenome	full	QM2M.44	none	none	0	0	Candidatus Thorarchaeota archaeon	none	na	2	304	56	19650	9548	4818	2025-03-24	9	2053491	0	QM2M.44	East china normal University	2053491	d__Archaea;p__Candidatus Thorarchaeota;c__;o__;f__;g__;s__	d__Archaea;x__Promethearchaeati;p__Candidatus Thorarchaeota;x__unclassified Candidatus Thorarchaeota;s__Candidatus Thorarchaeota archaeon	540	3537320	11	37	na	3536780	0	JBHLRD000000000.1	3590	304	none	0	none	none	none	none	none	none	none	none	none	none	none	none	none	none	540	20	37	0
GB_GCA_003144275.1	Archaea	Asgardarchaeota	Heimdallarchaeia	Hodarchaeales	Hodarchaeaceae	Hodarchaeum	Hodarchaeum sp003144275	0	93.97	3.93	General	93.69	1.87	149	k__Archaea (UID2)	107	0.0	3428543	86.8368091260454	107	1426890	36.140083379345626	3948260	GB_GCA_003144275.1	t	d__Archaea;p__Asgardarchaeota;c__Heimdallarchaeia;o__Hodarchaeales;f__Hodarchaeaceae;g__Hodarchaeum;s__Hodarchaeum sp003144275	not type material	none	f	20	20	193901	193901	124318	1	1147	NJBF01000005.1	none	0	none	none	755	195	1.43e-47	72.318	MEHH01000225.593.3133	Archaea;Asgardarchaeota;Incertae Sedis;Incertae Sedis;Incertae Sedis;Incertae Sedis;Candidatus Heimdallarchaeota archaeon AB_125	36899	38332	f	f	t	75254	75254	Scaffold	ASM314427v1	na	PRJNA383916	SAMN07236661	107	75254	China: the north of the South China Sea	2018-05-21	GCA_003144275.1	derived from metagenome	full	B3_Heim	marine sediment	22.17 N 118.4 E	0	0	Candidatus Heimdallarchaeota archaeon B3_Heim	3553	na	1	103	20	75254	40569	15065	2018-05-21	4	2012493	1	B3_Heim	Institute of Deep-Sea Science and Engineering, Chinese Academy of Sciences	2012493	d__Archaea;p__Candidatus Heimdallarchaeota;c__;o__;f__;g__;s__	d__Archaea;x__Promethearchaeati;p__Candidatus Heimdallarchaeota;x__unclassified Candidatus Heimdallarchaeota;s__Candidatus Heimdallarchaeota archaeon B3_Heim	40	3948260	11	31	na	3948220	0	NJBF00000000.1	3621	103	124318	1	none	none	none	none	none	none	1474	NJBF01000005.1	1405	2241	0	95.445	JQ989638.1.1405	Archaea;Asgardarchaeota;Lokiarchaeia;Odinarchaeales;Incertae Sedis;LCB-4;uncultured archaeon	40	19	46	0
GB_GCA_030629105.1	Archaea	Asgardarchaeota	Heimdallarchaeia	JABLTI01	JABLTI01	JABLTI01	JABLTI01 sp030629105	0	83.32	3.72	General	89.02	5.61	149	k__Archaea (UID2)	107	0.0	2617340	89.62461853704505	232	993384	34.01608582026178	2920336	GB_GCA_030629105.1	t	d__Archaea;p__Asgardarchaeota;c__Heimdallarchaeia;o__JABLTI01;f__JABLTI01;g__JABLTI01;s__JABLTI01 sp030629105	not type material	none	f	63	63	56867	56867	none	0	none	none	none	0	none	none	none	none	none	none	none	none	12587	12587	f	f	t	14954	14954	Contig	ASM3062910v1	na	PRJNA950938	SAMN34049568	232	14954	none	2023-08-03	GCA_030629105.1	derived from metagenome	full	CSMAG_1555	cold seep	none	0	none	Candidatus Heimdallarchaeota archaeon	none	na	none	none	none	none	none	none	2023-08-03	0	2026747	none	CSMAG_1555	Third Institute of Oceanography, Ministry of Natural Resources	2026747	d__Archaea;p__Candidatus Heimdallarchaeota;c__;o__;f__;g__;s__	d__Archaea;x__Promethearchaeati;p__Candidatus Heimdallarchaeota;x__unclassified Candidatus Heimdallarchaeota;s__Candidatus Heimdallarchaeota archaeon	0	2920336	none	none	na	2920336	0	DAOVPS000000000.1	2912	232	none	0	none	none	none	none	none	none	none	none	none	none	none	none	none	none	0	18	34	0
GB_GCA_003345545.1	Archaea	Asgardarchaeota	Thorarchaeia	Thorarchaeales	Thorarchaeaceae	SMTZ1-45	SMTZ1-45 sp003345545	0	92.91	5.43	General	86.45	3.74	149	k__Archaea (UID2)	107	0.0	2410084	89.6581946965864	87	1292095	48.10906550915532	2688080	GB_GCA_003345545.1	t	d__Archaea;p__Asgardarchaeota;c__Thorarchaeia;o__Thorarchaeales;f__Thorarchaeaceae;g__SMTZ1-45;s__SMTZ1-45 sp003345545	not type material	none	f	13	13	189792	189792	24018	1	3049	PRDH01000034.1	none	0	none	none	2451	433	7.54e-119	70.747	KP308663.317302.320369	Archaea;Thermoproteota;Bathyarchaeia;Incertae Sedis;Incertae Sedis;Incertae Sedis;uncultured archaeon	30870	32781	f	f	t	71645	71645	Scaffold	ASM334554v1	na	PRJNA406094	SAMN08287972	87	71645	USA: Ohio; Lake Erie; Old Woman Creek	2018-07-30	GCA_003345545.1	derived from metagenome	full	OWC2	freshwater wetland soil	41.3778 N 82.5108 W	0	0	Candidatus Thorarchaeota archaeon	none	na	3	82	13	71645	29638	13779	2018-07-30	5	2053491	1	OWC2	DOE Joint Genome Institute	2053491	d__Archaea;p__Candidatus Thorarchaeota;c__;o__;f__;g__;s__	d__Archaea;x__Promethearchaeati;p__Candidatus Thorarchaeota;x__unclassified Candidatus Thorarchaeota;s__Candidatus Thorarchaeota archaeon	2318	2688080	11	28	na	2685762	0	PRDH00000000.1	2638	82	120482	1	none	none	none	none	none	none	1561	PRDH01000081.1	1150	630	1.42e-178	77.13	KF439061.22968.24341	Archaea;Thermoproteota;Bathyarchaeia;Incertae Sedis;Incertae Sedis;Incertae Sedis;uncultured miscellaneous Crenarchaeota group	2318	16	36	1
GB_GCA_048939985.1	Archaea	Asgardarchaeota	Lokiarchaeia	Sigyniarchaeales	SOKP01	Loki-b32	Loki-b32 sp048940805	0	94.52	5.15	General	84.58	4.67	149	k__Archaea (UID2)	107	0.0	3856489	88.02777727687639	216	1388154	31.711903277545915	4380991	GB_GCA_048940805.1	f	d__Archaea;p__Asgardarchaeota;c__Lokiarchaeia;o__Sigyniarchaeales;f__SOKP01;g__Loki-b32;s__Loki-b32 sp048940805	not type material	none	f	37	35	148172	148172	none	0	none	none	none	0	none	none	none	none	none	none	none	none	20265	24338	f	f	t	35348	37451	Scaffold	ASM4893998v1	na	PRJNA1162170	SAMN43852907	216	35348	none	2025-03-25	GCA_048939985.1	derived from metagenome	full	DZ3S.318	none	none	0	0	Promethearchaeota archaeon	none	na	2	180	35	37451	22125	11970	2025-03-25	36	2053489	1	DZ3S.318	East china normal University	2053489	d__Archaea;p__Promethearchaeota;c__;o__;f__;g__;s__	d__Archaea;x__Promethearchaeati;p__Promethearchaeota;x__unclassified Promethearchaeota;s__Promethearchaeota archaeon	3600	4380991	11	37	na	4377391	0	JBHLOZ000000000.1	4172	180	none	0	none	none	none	none	none	none	none	none	none	none	none	none	none	none	3600	17	38	0
GB_GCA_048941205.1	Archaea	Asgardarchaeota	Lokiarchaeia	Sigyniarchaeales	SOKP01	SOKP01	SOKP01 sp048939995	0	87.05	4.53	General	70.72	2.34	149	k__Archaea (UID2)	107	0.0	2733751	88.99212930620834	239	932385	30.36093757021324	3071902	GB_GCA_048939995.1	f	d__Archaea;p__Asgardarchaeota;c__Lokiarchaeia;o__Sigyniarchaeales;f__SOKP01;g__SOKP01;s__SOKP01 sp048939995	not type material	none	f	55	54	61645	70120	none	0	none	none	none	0	none	none	none	none	none	none	none	none	12849	13356	f	f	t	17880	18052	Scaffold	ASM4894120v1	na	PRJNA1162170	SAMN43852876	239	17880	none	2025-03-25	GCA_048941205.1	derived from metagenome	full	DZ2S.380	none	none	0	0	Promethearchaeota archaeon	none	na	1	230	54	18052	10273	6782	2025-03-25	9	2053489	1	DZ2S.380	East china normal University	2053489	d__Archaea;p__Promethearchaeota;c__;o__;f__;g__;s__	d__Archaea;x__Promethearchaeati;p__Promethearchaeota;x__unclassified Promethearchaeota;s__Promethearchaeota archaeon	900	3071902	11	34	na	3071002	0	JBHLNU000000000.1	3036	230	none	0	none	none	none	none	none	none	none	none	none	none	none	none	none	none	900	18	34	0
GB_GCA_964589775.1	Archaea	Asgardarchaeota	Thorarchaeia	Thorarchaeales	CAZPUN01	CAZPUN01	CAZPUN01 sp964589775	0	96.75	3.94	General	93.46	4.28	149	k__Archaea (UID2)	107	0.0	1955667	90.44253631844524	64	761019	35.19438050881202	2162331	GB_GCA_964589775.1	t	d__Archaea;p__Asgardarchaeota;c__Thorarchaeia;o__Thorarchaeales;f__CAZPUN01;g__CAZPUN01;s__CAZPUN01 sp964589775	not type material	none	f	14	14	178628	178628	160455	1	3853	CAZPUN010000023.1	70514	1	100	CAZPUN010000013.1	1771	841	0	75.833	KF439061.19070.22968	Archaea;Thermoproteota;Bathyarchaeia;Incertae Sedis;Incertae Sedis;Incertae Sedis;uncultured miscellaneous Crenarchaeota group	33786	33786	t	f	f	46056	46056	Contig	binchicken_co219_458	na	PRJEB82487	SAMEA117391334	64	46056	none	2025-01-08	GCA_964589775.1	derived from metagenome	full	binchicken_co219_458	none	none	0	none	uncultured archaeon	none	na	none	none	none	none	none	none	2025-01-08	0	115547	none	binchicken_co219_458	Centre for Microbiome Research	115547	d__Archaea;p__;c__;o__;f__;g__;s__	d__Archaea;x__environmental samples;s__uncultured archaeon	0	2162331	none	none	na	2162331	0	CAZPUN000000000.1	2040	64	160455	1	none	none	none	none	none	none	1499	CAZPUN010000023.1	1388	917	0	78.963	AB213062.1.1375	Archaea;Thermoproteota;Bathyarchaeia;Incertae Sedis;Incertae Sedis;Incertae Sedis;uncultured archaeon	0	20	43	0
GB_GCA_030672065.1	Archaea	Asgardarchaeota	Heimdallarchaeia	Heimdallarchaeales	Heimdallarchaeaceae	UBA460	UBA460 sp023136245	0	84.97	3.39	General	85.05	4.21	149	k__Archaea (UID2)	107	0.0	1929904	91.30643775524494	216	693806	32.824925153383525	2113656	GB_GCA_023136245.1	f	d__Archaea;p__Asgardarchaeota;c__Heimdallarchaeia;o__Heimdallarchaeales;f__Heimdallarchaeaceae;g__UBA460;s__UBA460 sp023136245	not type material	none	f	55	55	45906	45906	none	0	none	none	none	0	none	none	none	none	none	none	none	none	9785	9785	f	f	t	11194	11194	Contig	ASM3067206v1	na	PRJNA950938	SAMN34049345	216	11194	none	2023-08-07	GCA_030672065.1	derived from metagenome	full	CSMAG_1332	cold seep	none	0	none	Candidatus Heimdallarchaeota archaeon	none	na	none	none	none	none	none	none	2023-08-07	0	2026747	none	CSMAG_1332	Third Institute of Oceanography, Ministry of Natural Resources	2026747	d__Archaea;p__Candidatus Heimdallarchaeota;c__;o__;f__;g__;s__	d__Archaea;x__Promethearchaeati;p__Candidatus Heimdallarchaeota;x__unclassified Candidatus Heimdallarchaeota;s__Candidatus Heimdallarchaeota archaeon	0	2113656	none	none	na	2113656	0	DAOVHD000000000.1	2185	216	none	0	none	none	none	none	none	none	none	none	none	none	none	none	none	none	0	17	36	0
GB_GCA_016840695.1	Archaea	Asgardarchaeota	Lokiarchaeia	Sigyniarchaeales	SOKP01	FT1-020	FT1-020 sp016840695	0	74.36	2.68	General	63.73	0.93	149	k__Archaea (UID2)	107	0.0	2421232	90.2385483309518	558	951329	35.45572995282404	2683146	GB_GCA_016840695.1	t	d__Archaea;p__Asgardarchaeota;c__Lokiarchaeia;o__Sigyniarchaeales;f__SOKP01;g__FT1-020;s__FT1-020 sp016840695	not type material	none	f	179	179	21845	21845	none	0	none	none	none	0	none	none	none	none	none	none	none	none	4808	4808	f	f	t	5097	5097	Contig	ASM1684069v1	na	PRJNA680430	SAMN16492188	558	5097	Pacific Ocean: Yap Trench	2021-02-09	GCA_016840695.1	derived from metagenome	full	Yap150.bin8.212	seawater	9.900000 N 138.510000 E	0	none	Promethearchaeota archaeon	none	na	none	none	none	none	none	none	2021-02-09	0	2053489	none	Yap150.bin8.212	Shenzhen Univeristy	2053489	d__Archaea;p__Promethearchaeota;c__;o__;f__;g__;s__	d__Archaea;x__Promethearchaeati;p__Promethearchaeota;x__unclassified Promethearchaeota;s__Promethearchaeota archaeon	0	2683146	none	none	na	2683146	0	JAEORV000000000.1	2906	558	none	0	none	none	none	none	none	none	none	none	none	none	none	none	none	none	0	16	27	1
GB_GCA_964600735.1	Archaea	Asgardarchaeota	Heimdallarchaeia	Heimdallarchaeales	Kariarchaeaceae	LC-2	LC-2 sp964600735	0	86.29	3.62	General	84.27	2.8	149	k__Archaea (UID2)	107	0.0	3477784	85.24897654428993	464	1432801	35.15419574405859	4079561	GB_GCA_964600735.1	t	d__Archaea;p__Asgardarchaeota;c__Heimdallarchaeia;o__Heimdallarchaeales;f__Kariarchaeaceae;g__LC-2;s__LC-2 sp964600735	not type material	none	f	90	72	111280	111280	87208	1	2561	CAZRLL010000003.1	none	0	none	none	2396	2089	0	82.721	BCSF01007275.2.2427	Archaea;Asgardarchaeota;Incertae Sedis;Incertae Sedis;Incertae Sedis;Incertae Sedis;uncultured marine virus	8783	11524	f	f	t	13047	16256	Scaffold	binchicken_co85_74	na	PRJEB82487	SAMEA117384585	464	13047	none	2025-01-13	GCA_964600735.1	derived from metagenome	full	binchicken_co85_74	none	none	0	none	uncultured archaeon	none	na	none	354	72	16256	9158	5010	2025-01-13	110	115547	none	binchicken_co85_74	Centre for Microbiome Research	115547	d__Archaea;p__;c__;o__;f__;g__;s__	d__Archaea;x__environmental samples;s__uncultured archaeon	3800	4079561	none	none	na	4075761	0	CAZRLL000000000.1	4117	354	26822	1	none	none	none	none	none	none	1554	CAZRLL010000026.1	357	195	2.2e-47	77.031	KP308748.17248.18707	Archaea;Nanoarchaeota;Nanoarchaeia;Woesearchaeales;Incertae Sedis;Incertae Sedis;uncultured archaeon	3800	17	40	0
GB_GCA_030602675.1	Archaea	Asgardarchaeota	Heimdallarchaeia	JABLTI01	JABLTI01	JABLTI01	JABLTI01 sp030602675	0	84.53	3.5	General	85.51	7.01	149	k__Archaea (UID2)	107	0.0	2658074	88.87867195287221	459	983745	32.8937227256571	2990677	GB_GCA_030602675.1	t	d__Archaea;p__Asgardarchaeota;c__Heimdallarchaeia;o__JABLTI01;f__JABLTI01;g__JABLTI01;s__JABLTI01 sp030602675	not type material	none	f	131	131	25762	25762	none	0	none	none	none	0	none	none	none	none	none	none	none	none	6515	6515	f	f	t	7094	7094	Contig	ASM3060267v1	na	PRJNA950938	SAMN34049276	459	7094	none	2023-08-03	GCA_030602675.1	derived from metagenome	full	CSMAG_1263	cold seep	none	0	none	Candidatus Heimdallarchaeota archaeon	none	na	none	none	none	none	none	none	2023-08-03	0	2026747	none	CSMAG_1263	Third Institute of Oceanography, Ministry of Natural Resources	2026747	d__Archaea;p__Candidatus Heimdallarchaeota;c__;o__;f__;g__;s__	d__Archaea;x__Promethearchaeati;p__Candidatus Heimdallarchaeota;x__unclassified Candidatus Heimdallarchaeota;s__Candidatus Heimdallarchaeota archaeon	0	2990677	none	none	na	2990677	0	JAUVZH000000000.1	3129	459	none	0	none	none	none	none	none	none	none	none	none	none	none	none	none	none	0	16	33	0
GB_GCA_030587545.2	Archaea	Asgardarchaeota	Lokiarchaeia	Sigyniarchaeales	Sigyniarchaeaceae	Sigyniarchaeum	Sigyniarchaeum tengchongense	0	90.08	4.4	General	93.46	6.54	149	k__Archaea (UID2)	107	0.0	4950147	88.98382411997612	295	3012782	54.15775806250398	5562974	GB_GCA_030587475.2	f	d__Archaea;p__Asgardarchaeota;c__Lokiarchaeia;o__Sigyniarchaeales;f__Sigyniarchaeaceae;g__Sigyniarchaeum;s__Sigyniarchaeum tengchongense	not type material	none	f	39	39	145768	145768	7676	1	1544	JAUQYX020000089.1	none	0	none	none	357	167	4.24e-39	75.91	CP009524.46693.49593	Archaea;Halobacteriota;Methanosarcinia;Methanosarcinales;Methanosarcinaceae;Methanosarcina;Methanosarcina sp. Kolksee	18857	18857	f	f	t	45508	45508	Contig	ASM3058754v2	na	PRJNA923143	SAMN32689771	295	45508	China: Tengchong County; Yunnan	2024-07-27	GCA_030587545.2	derived from metagenome	full	SQRJ_88	hot spring sediment	24.95 N 98.44 E	0	0	Candidatus Sigynarchaeota archaeon	none	na	2	none	none	none	none	none	2024-07-27	0	3036967	1	SQRJ_88	an eLibrary of Microbial Systematics and Genomics	3036967	d__Archaea;p__Candidatus Sigynarchaeota;c__;o__;f__;g__;s__	d__Archaea;x__Promethearchaeati;p__Candidatus Sigynarchaeota;x__unclassified Candidatus Sigynarchaeota;s__Candidatus Sigynarchaeota archaeon	0	5562974	11	68	na	5562974	0	JAUQYX000000000.2	5184	295	2921	1	none	none	none	none	none	none	678	JAUQYX020000256.1	602	398	6.65e-109	78.904	EU731643.1.1262	Archaea;Asgardarchaeota;Lokiarchaeia;Incertae Sedis;Incertae Sedis;Incertae Sedis;uncultured crenarchaeote	0	19	65	1
GB_GCA_048886755.1	Archaea	Asgardarchaeota	Odinarchaeia	Odinarchaeales	JBHLKK01	JBHLKK01	JBHLKK01 sp048939565	0	92.87	1.79	General	93.46	2.88	149	k__Archaea (UID2)	107	0.0	1554832	87.27749552198424	77	741604	41.6682726695026	1781481	GB_GCA_048939565.1	f	d__Archaea;p__Asgardarchaeota;c__Odinarchaeia;o__Odinarchaeales;f__JBHLKK01;g__JBHLKK01;s__JBHLKK01 sp048939565	not type material	none	f	14	11	175796	230887	none	0	none	none	none	0	none	none	none	none	none	none	none	none	23114	29691	f	f	t	40478	45701	Scaffold	ASM4888675v1	na	PRJNA1162170	SAMN43852789	77	40478	none	2025-03-24	GCA_048886755.1	derived from metagenome	full	DZ1B.313	none	none	0	0	Candidatus Hodarchaeota archaeon	none	na	0	60	11	45701	29449	14014	2025-03-24	17	2800102	0	DZ1B.313	East china normal University	2800102	d__Archaea;p__Candidatus Hodarchaeota;c__;o__;f__;g__;s__	d__Archaea;x__Promethearchaeati;p__Candidatus Hodarchaeota;x__unclassified Candidatus Hodarchaeota;s__Candidatus Hodarchaeota archaeon	1700	1781481	11	40	na	1779781	0	JBHLKL000000000.1	1861	60	none	0	none	none	none	none	none	none	none	none	none	none	none	none	none	none	1700	18	40	0
GB_GCA_021498125.1	Archaea	Asgardarchaeota	Thorarchaeia	Thorarchaeales	Thorarchaeaceae	B65-G9	B65-G9 sp021498125	0	98.24	3.32	General	95.33	3.74	149	k__Archaea (UID2)	107	0.0	2771092	88.96681208238998	15	1466404	47.07952964262162	3114748	GB_GCA_021498125.1	t	d__Archaea;p__Asgardarchaeota;c__Thorarchaeia;o__Thorarchaeales;f__Thorarchaeaceae;g__B65-G9;s__B65-G9 sp021498125	not type material	none	f	2	2	1553122	1553122	272164	1	2937	JAIZWL010000002.1	none	0	none	none	1204	398	2.65e-108	73.339	KX764886.1.3038	Archaea;Incertae Sedis;Incertae Sedis;Incertae Sedis;Incertae Sedis;Incertae Sedis;uncultured archaeon	207649	222482	f	f	t	272164	272164	Scaffold	ASM2149812v1	na	PRJNA721962	SAMN21379714	15	272164	Mexico: Gulf of California; Pescadero basin auka vent field	2022-01-18	GCA_021498125.1	derived from metagenome	full	FW25	rock	23.956988 N 108.862548 W	0	0	Candidatus Thorarchaeota archaeon	none	na	3	14	2	272164	185448	107794	2022-01-18	1	2053491	1	FW25	California Institute of Technology	2053491	d__Archaea;p__Candidatus Thorarchaeota;c__;o__;f__;g__;s__	d__Archaea;x__Promethearchaeati;p__Candidatus Thorarchaeota;x__unclassified Candidatus Thorarchaeota;s__Candidatus Thorarchaeota archaeon	10	3114748	11	45	na	3114738	0	JAIZWL000000000.1	2888	14	272164	1	none	none	none	none	none	none	1523	JAIZWL010000002.1	522	411	1.96e-112	81.034	DQ060321.1.1491	Archaea;Thermoproteota;Thermoproteia;Desulfurococcales;Ignisphaeraceae;Ignisphaera;Ignisphaera aggregans	10	19	45	1
GB_GCA_020353515.1	Archaea	Asgardarchaeota	Heimdallarchaeia	Hodarchaeales	Hodarchaeaceae	Hodarchaeum	Hodarchaeum sp020353515	0	96.05	7.42	General	92.99	3.74	149	k__Archaea (UID2)	107	0.0	4281407	86.60686688125165	113	1769492	35.87585014187194	4943496	GB_GCA_020353515.1	t	d__Archaea;p__Asgardarchaeota;c__Heimdallarchaeia;o__Hodarchaeales;f__Hodarchaeaceae;g__Hodarchaeum;s__Hodarchaeum sp020353515	not type material	none	f	11	1	414052	4943496	none	0	none	none	none	0	none	none	none	none	none	none	none	none	43648	4943496	f	f	t	113721	4943496	Chromosome	ASM2035351v1	na	PRJNA575161	SAMN17669671	113	113721	China:PRE	2021-10-07	GCA_020353515.1	derived from metagenome	full	bin6	environmental149	22.1315 N 113.8055 E	1	0	Candidatus Heimdallarchaeota archaeon	none	na	0	1	1	4943496	4943496	4943496	2021-10-07	113	2026747	0	bin6	Tongji University	2026747	d__Archaea;p__Candidatus Heimdallarchaeota;c__;o__;f__;g__;s__	d__Archaea;x__Promethearchaeati;p__Candidatus Heimdallarchaeota;x__unclassified Candidatus Heimdallarchaeota;s__Candidatus Heimdallarchaeota archaeon	11231	4943496	11	50	na	4932265	0	na	4483	1	none	0	none	none	none	none	none	none	none	none	none	none	none	none	none	none	11231	18	48	0
GB_GCA_964345915.1	Archaea	Asgardarchaeota	Thorarchaeia	Thorarchaeales	Thorarchaeaceae	SMTZ1-83	SMTZ1-83 sp964345915	0	80.19	5.06	General	80.84	5.68	149	k__Archaea (UID2)	107	55.56	2458335	90.42863511831368	514	1340632	49.31448397225566	2718536	GB_GCA_964345915.1	t	d__Archaea;p__Asgardarchaeota;c__Thorarchaeia;o__Thorarchaeales;f__Thorarchaeaceae;g__SMTZ1-83;s__SMTZ1-83 sp964345915	not type material	none	f	129	129	35017	35017	none	0	none	none	none	0	none	none	none	none	none	none	none	none	5288	5288	f	f	t	6649	6649	Contig	ERP108616_co1_168	na	PRJEB82487	SAMEA117293953	514	6649	none	2025-01-10	GCA_964345915.1	derived from metagenome	full	ERP108616_co1_168	none	none	0	none	uncultured archaeon	none	na	none	none	none	none	none	none	2025-01-10	0	115547	none	ERP108616_co1_168	Centre for Microbiome Research	115547	d__Archaea;p__;c__;o__;f__;g__;s__	d__Archaea;x__environmental samples;s__uncultured archaeon	0	2718536	none	none	na	2718536	0	CAYFTD000000000.1	2999	514	none	0	none	none	none	none	none	none	none	none	none	none	none	none	none	none	0	17	38	0
GB_GCA_019057475.1	Archaea	Asgardarchaeota	Thorarchaeia	Thorarchaeales	Thorarchaeaceae	WTCK01	WTCK01 sp019057475	0	96.42	2.59	General	92.99	4.21	149	k__Archaea (UID2)	107	0.0	2964739	88.78183887717172	56	1611957	48.2715364323568	3339353	GB_GCA_019057475.1	t	d__Archaea;p__Asgardarchaeota;c__Thorarchaeia;o__Thorarchaeales;f__Thorarchaeaceae;g__WTCK01;s__WTCK01 sp019057475	not type material	none	f	9	9	471622	471622	81010	1	2696	DXJO01000014.1	none	0	none	none	1507	377	3.16e-102	71.931	KP308697.2178.5234	Archaea;Thermoproteota;Bathyarchaeia;Incertae Sedis;Incertae Sedis;Incertae Sedis;uncultured archaeon	59631	59631	f	f	t	123724	123724	Contig	ASM1905747v1	na	PRJNA678817	SAMN19820870	56	123724	none	2021-06-29	GCA_019057475.1	derived from metagenome	full	MAG_9	marine sediment	11.2811 N 93.1 E	0	none	Candidatus Thorarchaeota archaeon	none	na	none	none	none	none	none	none	2021-06-29	0	2053491	none	MAG_9	The University of Queensland	2053491	d__Archaea;p__Candidatus Thorarchaeota;c__;o__;f__;g__;s__	d__Archaea;x__Promethearchaeati;p__Candidatus Thorarchaeota;x__unclassified Candidatus Thorarchaeota;s__Candidatus Thorarchaeota archaeon	0	3339353	none	none	na	3339353	0	DXJO00000000.1	3244	56	29929	1	none	none	none	none	none	none	1531	DXJO01000029.1	1055	662	0	78.294	AB213062.1.1375	Archaea;Thermoproteota;Bathyarchaeia;Incertae Sedis;Incertae Sedis;Incertae Sedis;uncultured archaeon	0	19	47	0
GB_GCA_964508365.1	Archaea	Asgardarchaeota	Lokiarchaeia	Sigyniarchaeales	SOKP01	SOKP01	SOKP01 sp964508365	0	100.0	3.65	General	89.88	5.14	149	k__Archaea (UID2)	107	28.57	3551462	87.17982581031588	171	1295474	31.817241828171166	4073720	GB_GCA_964508365.1	t	d__Archaea;p__Asgardarchaeota;c__Lokiarchaeia;o__Sigyniarchaeales;f__SOKP01;g__SOKP01;s__SOKP01 sp964508365	not type material	none	f	25	24	163699	163699	50013	1	907	CAZDTP010000025.1	none	0	none	none	910	1057	0	87.912	JYIM01000373.485.3826	Archaea;Asgardarchaeota;Incertae Sedis;Incertae Sedis;Incertae Sedis;Incertae Sedis;Lokiarchaeum sp. GC14_75	23810	27340	f	f	t	47487	52815	Scaffold	SRP214966_co7_76	na	PRJEB82487	SAMEA117292377	171	47487	none	2025-01-13	GCA_964508365.1	derived from metagenome	full	SRP214966_co7_76	none	none	0	none	uncultured archaeon	none	na	none	149	24	52815	31876	13854	2025-01-13	22	115547	none	SRP214966_co7_76	Centre for Microbiome Research	115547	d__Archaea;p__;c__;o__;f__;g__;s__	d__Archaea;x__environmental samples;s__uncultured archaeon	2110	4073720	none	none	na	4071610	0	CAZDTP000000000.1	3864	149	none	0	none	none	none	none	none	none	none	none	none	none	none	none	none	none	2110	17	43	0
GB_GCA_965612995.1	Archaea	Asgardarchaeota	Baldrarchaeia	Baldrarchaeales	Baldrarchaeaceae	Baldrarchaeum	Baldrarchaeum yapensis	0	96.14	1.33	General	93.93	4.67	149	k__Archaea (UID2)	107	0.0	2257905	86.35624789645993	121	1191579	45.57334852981673	2614640	GB_GCA_016840465.1	f	d__Archaea;p__Asgardarchaeota;c__Baldrarchaeia;o__Baldrarchaeales;f__Baldrarchaeaceae;g__Baldrarchaeum;s__Baldrarchaeum yapensis	not type material	none	f	12	12	206715	206715	22921	1	3142	CBFDUD010000033.1	none	0	none	none	2254	1982	0	82.831	CP000505.363018.366076	Archaea;Thermoproteota;Thermoproteia;Thermoproteales;Thermofilaceae;Thermofilum;Thermofilum pendens Hrk 5	21608	21608	f	f	t	60550	60550	Contig	SRR6823440_concoct_113	na	PRJEB26744	SAMEA118566339	121	60550	none	2025-07-08	GCA_965612995.1	derived from metagenome	full	SRR6823440_concoct_113	none	none	0	none	Candidatus Baldrarchaeum yapensis	none	na	none	none	none	none	none	none	2025-07-08	0	2798940	none	SRR6823440_concoct_113	EMG	2798940	d__Archaea;p__Candidatus Baldrarchaeota;c__Candidatus Baldrarchaeia;o__Candidatus Baldrarchaeales;f__Candidatus Baldrarchaeaceae;g__Candidatus Baldrarchaeum;s__Candidatus Baldrarchaeum yapensis	d__Archaea;x__Promethearchaeati;p__Candidatus Baldrarchaeota;c__Candidatus Baldrarchaeia;o__Candidatus Baldrarchaeales;f__Candidatus Baldrarchaeaceae;g__Candidatus Baldrarchaeum;s__Candidatus Baldrarchaeum yapensis	0	2614640	none	none	na	2614640	0	CBFDUD000000000.1	2910	121	124066	1	none	none	none	none	none	none	706	CBFDUD010000004.1	679	952	0	92.047	AB095134.1.1060	Archaea;Methanobacteriota;Methanococci;Methanococcales;Methanococcaceae;Incertae Sedis;uncultured archaeon	0	17	44	0
GB_GCA_048938005.1	Archaea	Asgardarchaeota	Lokiarchaeia	Sigyniarchaeales	SOKP01	Loki-b32	Loki-b32 sp048938005	0	95.28	7.23	General	87.85	4.67	149	k__Archaea (UID2)	107	0.0	3259194	87.6010853394508	130	1107573	29.79272890134617	3720495	GB_GCA_048938005.1	t	d__Archaea;p__Asgardarchaeota;c__Lokiarchaeia;o__Sigyniarchaeales;f__SOKP01;g__Loki-b32;s__Loki-b32 sp048938005	not type material	none	f	18	16	216924	216924	42847	1	1939	JBHLMQ010000026.1	none	0	none	none	1940	2787	0	92.629	JYIM01000373.485.3826	Archaea;Asgardarchaeota;Incertae Sedis;Incertae Sedis;Incertae Sedis;Incertae Sedis;Lokiarchaeum sp. GC14_75	28596	36836	f	f	t	51029	55642	Scaffold	ASM4893800v1	na	PRJNA1162170	SAMN43852846	130	51029	none	2025-03-25	GCA_048938005.1	derived from metagenome	full	DZ2M.350	none	none	0	0	Promethearchaeota archaeon	none	na	3	101	16	55642	30007	16365	2025-03-25	29	2053489	2	DZ2M.350	East china normal University	2053489	d__Archaea;p__Promethearchaeota;c__;o__;f__;g__;s__	d__Archaea;x__Promethearchaeati;p__Promethearchaeota;x__unclassified Promethearchaeota;s__Promethearchaeota archaeon	2900	3720495	11	41	na	3717595	0	JBHLMQ000000000.1	3540	101	79542	1	none	none	none	none	none	none	413	JBHLMQ010000013.1	412	739	0	99.029	JQ258632.1.938	Archaea;Asgardarchaeota;Lokiarchaeia;Incertae Sedis;Incertae Sedis;Incertae Sedis;uncultured archaeon	2900	17	40	1
GB_GCA_964600195.1	Archaea	Asgardarchaeota	Lokiarchaeia	Sigyniarchaeales	SOKP01	FT1-020	FT1-020 sp964600195	0	68.62	1.47	General	65.68	0.93	149	k__Archaea (UID2)	107	50.0	2117648	83.09477871650985	564	775384	30.56829260696462	2548473	GB_GCA_964600195.1	t	d__Archaea;p__Asgardarchaeota;c__Lokiarchaeia;o__Sigyniarchaeales;f__SOKP01;g__FT1-020;s__FT1-020 sp964600195	not type material	none	f	148	120	33185	33185	none	0	none	none	none	0	none	none	none	none	none	none	none	none	4497	5858	f	f	t	5472	6835	Scaffold	binchicken_co81_355	na	PRJEB82487	SAMEA117384517	564	5472	none	2025-01-09	GCA_964600195.1	derived from metagenome	full	binchicken_co81_355	none	none	0	none	uncultured archaeon	none	na	none	435	120	6835	4143	3160	2025-01-09	129	115547	none	binchicken_co81_355	Centre for Microbiome Research	115547	d__Archaea;p__;c__;o__;f__;g__;s__	d__Archaea;x__environmental samples;s__uncultured archaeon	11910	2548473	none	none	na	2536563	0	CAZRIR000000000.1	2727	435	none	0	none	none	none	none	none	none	none	none	none	none	none	none	none	none	11910	14	28	0
GB_GCA_011364965.1	Archaea	Asgardarchaeota	Heimdallarchaeia	Hodarchaeales	Hodarchaeaceae	Hodarchaeum	Hodarchaeum sp011364965	27	87.47	3.05	General	87.38	1.94	149	k__Archaea (UID2)	107	0.0	2583768	86.88024178010197	21	1035597	34.86497023204328	2973942	GB_GCA_011364965.1	t	d__Archaea;p__Asgardarchaeota;c__Heimdallarchaeia;o__Hodarchaeales;f__Hodarchaeaceae;g__Hodarchaeum;s__Hodarchaeum sp011364965	not type material	none	f	3	3	631821	646264	none	0	none	none	none	0	none	none	none	none	none	none	none	none	141444	185871	f	f	t	265961	525507	Scaffold	ASM1136496v1	na	PRJNA495098	SAMN10218970	21	265961	China: Shenzhen	2020-03-16	GCA_011364965.1	derived from metagenome	full	SZ_4_bin2.246	intertidal mangrove sediment	22.5288 N 114.0300 E	0	0	Candidatus Heimdallarchaeota archaeon	none	na	0	16	3	525507	211209	120241	2020-03-16	5	2026747	0	SZ_4_bin2.246	Shenzhen University	2026747	d__Archaea;p__Candidatus Heimdallarchaeota;c__;o__;f__;g__;s__	d__Archaea;x__Promethearchaeati;p__Candidatus Heimdallarchaeota;x__unclassified Candidatus Heimdallarchaeota;s__Candidatus Heimdallarchaeota archaeon	3607	2973942	11	29	na	2970335	0	RDOB00000000.1	2715	16	none	0	none	none	none	none	none	none	none	none	none	none	none	none	none	none	3607	16	43	0
GB_GCA_048938295.1	Archaea	Asgardarchaeota	Hermodarchaeia	Hermodarchaeales	Hermodarchaeaceae	Hermodarchaeum	Hermodarchaeum sp048938295	0	91.6	4.32	General	92.52	1.87	149	k__Archaea (UID2)	107	0.0	2247451	89.20633408550103	80	1153133	45.79586455042425	2519385	GB_GCA_048938295.1	t	d__Archaea;p__Asgardarchaeota;c__Hermodarchaeia;o__Hermodarchaeales;f__Hermodarchaeaceae;g__Hermodarchaeum;s__Hermodarchaeum sp048938295	not type material	none	f	14	12	159920	189368	46863	1	849	JBHLMI010000021.1	35426	1	110	JBHLMI010000027.1	421	248	7.98e-64	77.91	KX764886.1.3038	Archaea;Incertae Sedis;Incertae Sedis;Incertae Sedis;Incertae Sedis;Incertae Sedis;uncultured archaeon	31474	38172	f	f	t	58843	61422	Scaffold	ASM4893829v1	na	PRJNA1162170	SAMN43852838	80	58843	none	2025-03-25	GCA_048938295.1	derived from metagenome	full	DZ2M.271	none	none	0	0	Promethearchaeota archaeon	none	na	3	66	12	61422	43724	22287	2025-03-25	14	2053489	1	DZ2M.271	East china normal University	2053489	d__Archaea;p__Promethearchaeota;c__;o__;f__;g__;s__	d__Archaea;x__Promethearchaeati;p__Promethearchaeota;x__unclassified Promethearchaeota;s__Promethearchaeota archaeon	1400	2519385	11	41	na	2517985	0	JBHLMI000000000.1	2522	66	6268	1	none	none	none	none	none	none	589	JBHLMI010000055.1	428	601	4.08e-170	92.056	JQ989578.1.1448	Archaea;Asgardarchaeota;Lokiarchaeia;Odinarchaeales;Incertae Sedis;LCB-4;uncultured archaeon	1400	19	39	0
GB_GCA_030603385.1	Archaea	Asgardarchaeota	Lokiarchaeia	Sigyniarchaeales	SOKP01	Loki-b32	Loki-b32 sp030603385	0	94.17	6.99	General	82.71	3.27	149	k__Archaea (UID2)	107	0.0	3391529	87.14954183604772	58	1196721	30.751229565065447	3891620	GB_GCA_030603385.1	t	d__Archaea;p__Asgardarchaeota;c__Lokiarchaeia;o__Sigyniarchaeales;f__SOKP01;g__Loki-b32;s__Loki-b32 sp030603385	not type material	none	f	14	14	313784	313784	none	0	none	none	none	0	none	none	none	none	none	none	none	none	67096	67096	f	f	t	81401	81401	Contig	ASM3060338v1	na	PRJNA950938	SAMN34049239	58	81401	none	2023-08-03	GCA_030603385.1	derived from metagenome	full	CSMAG_1226	cold seep	none	0	none	Promethearchaeota archaeon	none	na	none	none	none	none	none	none	2023-08-03	0	2053489	none	CSMAG_1226	Third Institute of Oceanography, Ministry of Natural Resources	2053489	d__Archaea;p__Promethearchaeota;c__;o__;f__;g__;s__	d__Archaea;x__Promethearchaeati;p__Promethearchaeota;x__unclassified Promethearchaeota;s__Promethearchaeota archaeon	0	3891620	none	none	na	3891620	0	JAUVXW000000000.1	3761	58	none	0	none	none	none	none	none	none	none	none	none	none	none	none	none	none	0	17	31	1
GB_GCA_022574115.1	Archaea	Asgardarchaeota	Heimdallarchaeia	Heimdallarchaeales	Kariarchaeaceae	LC-2	LC-2 sp022574115	0	63.78	0.76	General	71.3	0.47	149	k__Archaea (UID2)	107	0.0	3025513	84.13724309120933	723	1366296	37.99651041785438	3595926	GB_GCA_022574115.1	t	d__Archaea;p__Asgardarchaeota;c__Heimdallarchaeia;o__Heimdallarchaeales;f__Kariarchaeaceae;g__LC-2;s__LC-2 sp022574115	not type material	none	f	211	210	25588	25588	none	0	none	none	none	0	none	none	none	none	none	none	none	none	4973	5029	f	f	t	5768	5805	Scaffold	ASM2257411v1	na	PRJNA635214	SAMN16244002	723	5768	Pacific Ocean: Mariana Trench	2022-03-15	GCA_022574115.1	derived from metagenome	full	B11T1B5	Mariana trench surficial sediment	10.924 N 141.799 E	0	0	Candidatus Heimdallarchaeota archaeon	none	na	1	715	210	5805	3846	2809	2022-03-15	8	2026747	1	B11T1B5	Institute of Deep Sea Science and Engineering, Chines Academy of Sciences	2026747	d__Archaea;p__Candidatus Heimdallarchaeota;c__;o__;f__;g__;s__	d__Archaea;x__Promethearchaeati;p__Candidatus Heimdallarchaeota;x__unclassified Candidatus Heimdallarchaeota;s__Candidatus Heimdallarchaeota archaeon	80	3595926	11	29	na	3595846	0	JACZSS000000000.1	4010	715	5480	1	none	none	none	none	none	none	1180	JACZSS010000235.1	650	213	4.58e-53	73.385	GQ375010.1.1452	Archaea;Nanohaloarchaeota;Nanosalinia;Nanosalinales;Nanosalinaceae;Candidatus Haloredivivus;uncultured haloarchaeon	80	16	28	0
GB_GCA_027016475.1	Archaea	Asgardarchaeota	Heimdallarchaeia	Heimdallarchaeales	Kariarchaeaceae	WAKA01	WAKA01 sp027016475	0	82.42	2.5	General	82.17	4.67	149	k__Archaea (UID2)	107	0.0	3054029	90.14998287934068	591	1395411	41.20628879669667	3387720	GB_GCA_027016475.1	t	d__Archaea;p__Asgardarchaeota;c__Heimdallarchaeia;o__Heimdallarchaeales;f__Kariarchaeaceae;g__WAKA01;s__WAKA01 sp027016475	not type material	none	f	134	110	32100	35960	none	0	none	none	none	0	none	none	none	none	none	none	none	none	5729	7364	f	f	t	8257	10137	Scaffold	ASM2701647v1	na	PRJNA821212	SAMN27359602	591	8257	Pacific Ocean: Brothers volcano	2022-12-19	GCA_027016475.1	derived from metagenome	full	S146_metabat2_scaf2bin.271	marine hydrothermal vent	none	0	none	Candidatus Heimdallarchaeota archaeon	none	na	none	460	110	10137	6199	3695	2022-12-19	131	2026747	none	S146_metabat2_scaf2bin.271	Portland State University	2026747	d__Archaea;p__Candidatus Heimdallarchaeota;c__;o__;f__;g__;s__	d__Archaea;x__Promethearchaeati;p__Candidatus Heimdallarchaeota;x__unclassified Candidatus Heimdallarchaeota;s__Candidatus Heimdallarchaeota archaeon	1317	3387720	none	none	na	3386403	0	JALUTL000000000.1	3706	460	20598	1	none	none	none	none	none	none	1461	JALUTL010000395.1	809	383	4.1e-104	76.02	KP090980.1.1447	Archaea;Halobacteriota;Methanosarcinia;Methanosarcinales;Syntrophoarchaeaceae;Candidatus Syntrophoarchaeum;uncultured archaeon	1317	19	50	0
GB_GCA_019057635.1	Archaea	Asgardarchaeota	Heimdallarchaeia	Hodarchaeales	Hodarchaeaceae	Hodarchaeum	Hodarchaeum sp019057635	0	91.63	3.24	General	90.42	2.8	149	k__Archaea (UID2)	107	0.0	2774263	87.0620322506948	214	1152694	36.17388913855045	3186536	GB_GCA_019057635.1	t	d__Archaea;p__Asgardarchaeota;c__Heimdallarchaeia;o__Hodarchaeales;f__Hodarchaeaceae;g__Hodarchaeum;s__Hodarchaeum sp019057635	not type material	none	f	34	34	128582	128582	none	0	none	none	none	0	none	none	none	none	none	none	none	none	14890	14890	f	f	t	25188	25188	Contig	ASM1905763v1	na	PRJNA678817	SAMN19820867	214	25188	Pacific Ocean: Santa Monica Mounds	2021-06-29	GCA_019057635.1	derived from metagenome	full	MAG_8	0 -15 cm from methane seep sediment push core	33.7888 N 118.6683 W	0	none	Candidatus Heimdallarchaeota archaeon	none	na	none	none	none	none	none	none	2021-06-29	0	2026747	none	MAG_8	The University of Queensland	2026747	d__Archaea;p__Candidatus Heimdallarchaeota;c__;o__;f__;g__;s__	d__Archaea;x__Promethearchaeati;p__Candidatus Heimdallarchaeota;x__unclassified Candidatus Heimdallarchaeota;s__Candidatus Heimdallarchaeota archaeon	0	3186536	none	none	na	3186536	0	DXJL00000000.1	3163	214	none	0	none	none	none	none	none	none	none	none	none	none	none	none	none	none	0	18	41	0
GB_GCA_048884945.1	Archaea	Asgardarchaeota	Thorarchaeia	Thorarchaeales	Thorarchaeaceae	SMTZ1-45	SMTZ1-45 sp048884945	0	81.35	4.23	General	82.78	2.41	149	k__Archaea (UID2)	107	25.0	2444109	90.55579288546278	308	1137593	42.15291716952684	2699009	GB_GCA_048884945.1	t	d__Archaea;p__Asgardarchaeota;c__Thorarchaeia;o__Thorarchaeales;f__Thorarchaeaceae;g__SMTZ1-45;s__SMTZ1-45 sp048884945	not type material	none	f	81	75	42406	67277	none	0	none	none	none	0	none	none	none	none	none	none	none	none	8762	9639	f	f	t	10857	11653	Scaffold	ASM4888494v1	na	PRJNA1162170	SAMN43852943	308	10857	none	2025-03-24	GCA_048884945.1	derived from metagenome	full	LCG1B.521	none	none	0	0	Candidatus Thorarchaeota archaeon	none	na	0	280	75	11653	7259	5175	2025-03-24	28	2053491	0	LCG1B.521	East china normal University	2053491	d__Archaea;p__Candidatus Thorarchaeota;c__;o__;f__;g__;s__	d__Archaea;x__Promethearchaeati;p__Candidatus Thorarchaeota;x__unclassified Candidatus Thorarchaeota;s__Candidatus Thorarchaeota archaeon	280	2699009	11	31	na	2698729	0	JBHLQJ000000000.1	2889	280	none	0	none	none	none	none	none	none	none	none	none	none	none	none	none	none	280	13	32	0
GB_GCA_030602205.1	Archaea	Asgardarchaeota	Lokiarchaeia	Sigyniarchaeales	SOKP01	6H3-1	6H3-1 sp019058135	0	88.9	3.07	General	84.27	1.87	149	k__Archaea (UID2)	107	0.0	2718186	86.35132482078085	206	920178	29.23221198657357	3147822	GB_GCA_019058135.1	f	d__Archaea;p__Asgardarchaeota;c__Lokiarchaeia;o__Sigyniarchaeales;f__SOKP01;g__6H3-1;s__6H3-1 sp019058135	not type material	none	f	50	50	76598	76598	17763	1	3162	JAUWAF010000062.1	none	0	none	none	1854	1587	0	82.524	JYIM01000373.485.3826	Archaea;Asgardarchaeota;Incertae Sedis;Incertae Sedis;Incertae Sedis;Incertae Sedis;Lokiarchaeum sp. GC14_75	15280	15280	f	f	t	20479	20479	Contig	ASM3060220v1	na	PRJNA950938	SAMN34049300	206	20479	none	2023-08-03	GCA_030602205.1	derived from metagenome	full	CSMAG_1287	cold seep	none	0	none	Promethearchaeota archaeon	none	na	none	none	none	none	none	none	2023-08-03	0	2053489	none	CSMAG_1287	Third Institute of Oceanography, Ministry of Natural Resources	2053489	d__Archaea;p__Promethearchaeota;c__;o__;f__;g__;s__	d__Archaea;x__Promethearchaeati;p__Promethearchaeota;x__unclassified Promethearchaeota;s__Promethearchaeota archaeon	0	3147822	none	none	na	3147822	0	JAUWAF000000000.1	3204	206	64492	1	none	none	none	none	none	none	1495	JAUWAF010000003.1	1427	2617	0	99.79	JQ817593.1.1427	Archaea;Asgardarchaeota;Lokiarchaeia;Incertae Sedis;Incertae Sedis;Incertae Sedis;uncultured archaeon	0	17	36	0
GB_GCA_005222975.1	Archaea	Asgardarchaeota	Lokiarchaeia	Sigyniarchaeales	SOKP01	SOKP01	SOKP01 sp005222975	0	92.32	5.98	General	77.57	1.4	149	k__Archaea (UID2)	107	0.0	3066892	87.15284339415302	99	1108913	31.512332689491647	3518981	GB_GCA_005222975.1	t	d__Archaea;p__Asgardarchaeota;c__Lokiarchaeia;o__Sigyniarchaeales;f__SOKP01;g__SOKP01;s__SOKP01 sp005222975	not type material	none	f	21	21	155530	155530	none	0	none	none	none	0	none	none	none	none	none	none	none	none	35545	35545	f	f	t	51249	51249	Contig	ASM522297v1	na	PRJNA383916	SAMN07236658	99	51249	China: the north of the South China Sea	2019-05-07	GCA_005222975.1	derived from metagenome	full	Loki_b31	marine sediment	22.17 N 118.4 E	0	0	Promethearchaeota archaeon Loki_b31	none	na	0	none	none	none	none	none	2019-05-07	0	2012490	0	Loki_b31	Institute of Deep-Sea Science and Engineering, Chinese Academy of Sciences	2012490	d__Archaea;p__Promethearchaeota;c__;o__;f__;g__;s__	d__Archaea;x__Promethearchaeati;p__Promethearchaeota;x__unclassified Promethearchaeota;s__Promethearchaeota archaeon Loki_b31	0	3518981	11	23	na	3518981	0	NJBI00000000.1	3424	99	35675	1	none	none	none	none	none	none	565	NJBI01000037.1	564	1024	0	99.468	AJ578146.1.1396	Archaea;Asgardarchaeota;Lokiarchaeia;Incertae Sedis;Incertae Sedis;Incertae Sedis;uncultured archaeon	0	17	36	0
GB_GCA_030671945.1	Archaea	Asgardarchaeota	Heimdallarchaeia	JABLTI01	JABLTI01	JABLTI01	JABLTI01 sp030671945	0	69.44	2.95	General	78.5	2.34	149	k__Archaea (UID2)	107	33.33	2203014	89.60932939862882	340	835138	33.96989584964602	2458465	GB_GCA_030671945.1	t	d__Archaea;p__Asgardarchaeota;c__Heimdallarchaeia;o__JABLTI01;f__JABLTI01;g__JABLTI01;s__JABLTI01 sp030671945	not type material	none	f	101	101	30221	30221	none	0	none	none	none	0	none	none	none	none	none	none	none	none	7230	7230	f	f	t	8084	8084	Contig	ASM3067194v1	na	PRJNA950938	SAMN34049351	340	8084	none	2023-08-07	GCA_030671945.1	derived from metagenome	full	CSMAG_1338	cold seep	none	0	none	Candidatus Heimdallarchaeota archaeon	none	na	none	none	none	none	none	none	2023-08-07	0	2026747	none	CSMAG_1338	Third Institute of Oceanography, Ministry of Natural Resources	2026747	d__Archaea;p__Candidatus Heimdallarchaeota;c__;o__;f__;g__;s__	d__Archaea;x__Promethearchaeati;p__Candidatus Heimdallarchaeota;x__unclassified Candidatus Heimdallarchaeota;s__Candidatus Heimdallarchaeota archaeon	0	2458465	none	none	na	2458465	0	DAOVHJ000000000.1	2534	340	none	0	none	none	none	none	none	none	none	none	none	none	none	none	none	none	0	18	29	0
GB_GCA_048939445.1	Archaea	Asgardarchaeota	Lokiarchaeia	Sigyniarchaeales	SOKP01	Loki-b32	Loki-b32 sp048939445	0	88.17	5.07	General	85.29	0.0	149	k__Archaea (UID2)	107	0.0	2896006	86.18319068199749	516	997665	29.75900534559331	3360291	GB_GCA_048939445.1	t	d__Archaea;p__Asgardarchaeota;c__Lokiarchaeia;o__Sigyniarchaeales;f__SOKP01;g__Loki-b32;s__Loki-b32 sp048939445	not type material	none	f	120	100	44100	49669	none	0	none	none	none	0	none	none	none	none	none	none	none	none	6497	7689	f	f	t	8168	9487	Scaffold	ASM4893944v1	na	PRJNA1162170	SAMN43852921	516	8168	none	2025-03-25	GCA_048939445.1	derived from metagenome	full	H2M.194	none	none	0	0	Promethearchaeota archaeon	none	na	2	437	100	9487	5680	3566	2025-03-25	79	2053489	1	H2M.194	East china normal University	2053489	d__Archaea;p__Promethearchaeota;c__;o__;f__;g__;s__	d__Archaea;x__Promethearchaeati;p__Promethearchaeota;x__unclassified Promethearchaeota;s__Promethearchaeota archaeon	7810	3360291	11	36	na	3352481	0	JBHLPN000000000.1	3436	437	none	0	none	none	none	none	none	none	none	none	none	none	none	none	none	none	7810	17	36	1
GB_GCA_048939005.1	Archaea	Asgardarchaeota	Lokiarchaeia	Sigyniarchaeales	SOKP01	Loki-b32	Loki-b32 sp048939445	0	87.2	1.08	General	81.31	0.0	149	k__Archaea (UID2)	107	0.0	2549160	88.09521011928912	442	867269	29.976613741690723	2893642	GB_GCA_048939445.1	f	d__Archaea;p__Asgardarchaeota;c__Lokiarchaeia;o__Sigyniarchaeales;f__SOKP01;g__Loki-b32;s__Loki-b32 sp048939445	not type material	none	f	127	123	31025	31025	12046	1	1197	JBHLPV010000038.1	none	0	none	none	1198	1694	0	92.237	JYIM01000373.485.3826	Archaea;Asgardarchaeota;Incertae Sedis;Incertae Sedis;Incertae Sedis;Incertae Sedis;Lokiarchaeum sp. GC14_75	6545	6889	f	f	t	7627	7839	Scaffold	ASM4893900v1	na	PRJNA1162170	SAMN43852929	442	7627	none	2025-03-25	GCA_048939005.1	derived from metagenome	full	H3B.170	none	none	0	0	Promethearchaeota archaeon	none	na	2	420	123	7839	5295	3870	2025-03-25	22	2053489	1	H3B.170	East china normal University	2053489	d__Archaea;p__Promethearchaeota;c__;o__;f__;g__;s__	d__Archaea;x__Promethearchaeati;p__Promethearchaeota;x__unclassified Promethearchaeota;s__Promethearchaeota archaeon	490	2893642	11	33	na	2893152	0	JBHLPV000000000.1	2998	420	none	0	none	none	none	none	none	none	none	none	none	none	none	none	none	none	490	16	33	1
GB_GCA_964558645.1	Archaea	Asgardarchaeota	Thorarchaeia	Thorarchaeales	Thorarchaeaceae	TEKIR-12S	TEKIR-12S sp964558645	0	92.84	6.28	General	94.86	7.48	149	k__Archaea (UID2)	107	0.0	3212844	88.39170458734779	49	1803727	49.63926278390718	3634780	GB_GCA_964558645.1	t	d__Archaea;p__Asgardarchaeota;c__Thorarchaeia;o__Thorarchaeales;f__Thorarchaeaceae;g__TEKIR-12S;s__TEKIR-12S sp964558645	not type material	none	f	7	6	482011	511578	62138	1	3059	CAZLEV010000015.1	none	0	none	none	1131	296	1.04e-77	72.325	CP006867.388300.391334	Archaea;Thermoproteota;Thermoproteia;Desulfurococcales;Ignicoccaceae;Ignicoccus;Ignicoccus islandicus DSM 13165	74156	98237	f	f	t	166830	188262	Scaffold	binchicken_co379_69	na	PRJEB82487	SAMEA117390716	49	166830	none	2025-01-12	GCA_964558645.1	derived from metagenome	full	binchicken_co379_69	none	none	0	none	uncultured archaeon	none	na	none	37	6	188262	119699	47377	2025-01-12	12	115547	none	binchicken_co379_69	Centre for Microbiome Research	115547	d__Archaea;p__;c__;o__;f__;g__;s__	d__Archaea;x__environmental samples;s__uncultured archaeon	1110	3634780	none	none	na	3633670	0	CAZLEV000000000.1	3408	37	132622	2	none	none	none	none	none	none	876	CAZLEV010000010.1	577	364	8.8e-99	78.51	AB644695.1.902	Archaea;Asgardarchaeota;Lokiarchaeia;Incertae Sedis;Incertae Sedis;Incertae Sedis;uncultured archaeon	1110	18	47	1
GB_GCA_025839675.1	Archaea	Asgardarchaeota	Lokiarchaeia	Sigyniarchaeales	Promethearchaeaceae	Lokiarchaeum	Lokiarchaeum ossiferum	0	91.26	9.14	General	90.89	7.94	149	k__Archaea (UID2)	107	0.0	5311697	88.0102987202155	1	2027304	33.59070192382732	6035313	GB_GCA_025839675.1	t	d__Archaea;p__Asgardarchaeota;c__Lokiarchaeia;o__Sigyniarchaeales;f__Promethearchaeaceae;g__Lokiarchaeum;s__Lokiarchaeum ossiferum	type strain of species	LPSN	f	1	1	6035313	6035313	6035313	3	3165	CP104013.1-#1	none	0	none	none	567	311	3.83e-82	76.896	CP022705.1502470.1505319	Archaea;Methanobacteriota;Methanobacteria;Methanobacteriales;Methanobacteriaceae;Methanobacterium;Methanobacterium sp. BRmetb2	6035313	6035313	f	f	t	6035313	6035313	Complete Genome	ASM2583967v1	na	PRJNA847409	SAMN28933922	none	none	Slovenia: Piran	2022-10-25	GCA_025839675.1	none	full	Loki-B35	Estuarine environment	none	1	0	Candidatus Lokiarchaeum ossiferum	none	na	9	1	1	6035313	6035313	6035313	2022-10-25	0	2951803	3	Loki-B35	University of Vienna	2951803	d__Archaea;p__Promethearchaeota;c__Promethearchaeia;o__Promethearchaeales;f__Promethearchaeaceae;g__Candidatus Lokiarchaeum;s__Candidatus Lokiarchaeum ossiferum	d__Archaea;x__Promethearchaeati;p__Promethearchaeota;c__Promethearchaeia;o__Promethearchaeales;f__Promethearchaeaceae;g__Candidatus Lokiarchaeum;s__Candidatus Lokiarchaeum ossiferum	0	6035313	11	34	assembly from type material	6035313	0	na	5127	1	6035313	3	none	none	none	none	none	none	1493	CP104013.1	1463	2625	0	99.043	AY835408.1.1463	Archaea;Asgardarchaeota;Lokiarchaeia;Incertae Sedis;Incertae Sedis;Incertae Sedis;uncultured archaeon	0	19	43	1
GB_GCA_038854135.1	Archaea	Asgardarchaeota	Jordiarchaeia	Jordiarchaeales	Freyrarchaeaceae	DTBI01	DTBI01 sp019057715	1	90.62	3.83	General	95.95	2.34	149	k__Archaea (UID2)	107	0.0	1898196	82.14482307364747	222	1092165	47.57727961804527	2310792	GB_GCA_038858525.1	f	d__Archaea;p__Asgardarchaeota;c__Jordiarchaeia;o__Jordiarchaeales;f__Freyrarchaeaceae;g__DTBI01;s__DTBI01 sp019057715	not type material	none	f	39	13	76045	175729	91007	1	3051	JAWCIX010000006.1	none	0	none	none	2922	2473	0	82.375	KX764886.1.3038	Archaea;Incertae Sedis;Incertae Sedis;Incertae Sedis;Incertae Sedis;Incertae Sedis;uncultured archaeon	10340	34489	f	f	t	16633	52605	Scaffold	ASM3885413v1	na	PRJNA544494	SAMN36039595	222	16633	none	2024-04-30	GCA_038854135.1	derived from metagenome	full	JZ-2_201601_bins_11	none	none	0	0	Candidatus Jordarchaeales archaeon	none	na	2	67	13	52605	27249	15761	2024-04-30	155	3058035	1	JZ-2_201601_bins_11	The University of Texas at Austin	3058035	d__Archaea;p__;c__Candidatus Jordarchaeia;o__Candidatus Jordarchaeales;f__;g__;s__	d__Archaea;x__Promethearchaeati;x__Promethearchaeati incertae sedis;c__Candidatus Jordarchaeia;o__Candidatus Jordarchaeales;x__unclassified Candidatus Jordarchaeales;s__Candidatus Jordarchaeales archaeon	15231	2310792	11	38	na	2295561	0	JAWCIX000000000.1	2380	67	5594	1	none	none	none	none	none	none	1493	JAWCIX010000067.1	1370	1592	0	87.956	JF935161.1.1360	Archaea;Thermoproteota;Bathyarchaeia;Incertae Sedis;Incertae Sedis;Incertae Sedis;uncultured crenarchaeote	15231	17	36	0
GB_GCA_001940655.1	Archaea	Asgardarchaeota	Lokiarchaeia	Sigyniarchaeales	CR-4	CR-4	CR-4 sp001940655	1328	66.59	2.34	General	80.45	2.34	149	k__Archaea (UID2)	107	0.0	3384044	78.07824796904598	1904	1908753	45.059630883415245	4334170	GB_GCA_001940655.1	t	d__Archaea;p__Asgardarchaeota;c__Lokiarchaeia;o__Sigyniarchaeales;f__CR-4;g__CR-4;s__CR-4 sp001940655	not type material	none	f	335	57	17636	93525	28954	2	2897	MBAA01000149.1	16136	1	101	MBAA01000065.1	1838	712	0	74.157	KX764886.1.3038	Archaea;Incertae Sedis;Incertae Sedis;Incertae Sedis;Incertae Sedis;Incertae Sedis;uncultured archaeon	2225	18134	f	f	t	4098	23898	Scaffold	ASM194065v1	na	PRJNA288027	SAMN04958229	1904	4098	USA: Rifle; Colorado	2017-01-10	GCA_001940655.1	derived from metagenome	full	CR_4	Rifle background sediment; well D04 at 13ft depth	39.5369 N 107.7828 W	0	0	Promethearchaeota archaeon CR_4	4413	na	0	239	57	23898	13678	8732	2017-01-10	1665	1849166	0	CR_4	Banfield Lab, University of California, Berkeley	1849166	d__Archaea;p__Promethearchaeota;c__;o__;f__;g__;s__	d__Archaea;x__Promethearchaeati;p__Promethearchaeota;x__unclassified Promethearchaeota;s__Promethearchaeota archaeon CR_4	96782	4334170	11	18	na	4237388	0	MBAA00000000.1	4413	239	none	0	none	none	none	none	none	none	none	none	none	none	none	none	none	none	96782	16	29	0
GB_GCA_038131005.1	Archaea	Asgardarchaeota	Heimdallarchaeia	Heimdallarchaeales	Kariarchaeaceae	Kariarchaeum	Kariarchaeum pelagium	0	93.44	0.89	General	89.17	0.93	149	k__Archaea (UID2)	107	0.0	1457119	90.62051637659482	93	485596	30.260481579340944	1607935	GB_GCA_002728275.1	f	d__Archaea;p__Asgardarchaeota;c__Heimdallarchaeia;o__Heimdallarchaeales;f__Kariarchaeaceae;g__Kariarchaeum;s__Kariarchaeum pelagium	not type material	none	f	8	4	216249	320179	77310	1	2562	JAYPOQ010000006.1	none	0	none	none	2369	4370	0	99.958	BCSF01007275.2.2427	Archaea;Asgardarchaeota;Incertae Sedis;Incertae Sedis;Incertae Sedis;Incertae Sedis;uncultured marine virus	17255	30338	f	f	t	51767	129183	Scaffold	139573_S174.scaffolds.fasta	na	PRJNA1024631	SAMN37861263	93	51767	none	2024-04-15	GCA_038131005.1	derived from metagenome	full	139573_S174_concoct_bins.tsv.056	none	none	0	none	Candidatus Heimdallarchaeota archaeon	none	na	none	53	4	129183	43327	20702	2024-04-15	40	2026747	none	139573_S174_concoct_bins.tsv.056	Australian Centre for Ecogenomics	2026747	d__Archaea;p__Candidatus Heimdallarchaeota;c__;o__;f__;g__;s__	d__Archaea;x__Promethearchaeati;p__Candidatus Heimdallarchaeota;x__unclassified Candidatus Heimdallarchaeota;s__Candidatus Heimdallarchaeota archaeon	3215	1607935	none	none	na	1604720	0	JAYPOQ000000000.1	1535	53	15101	1	none	none	none	none	none	none	1469	JAYPOQ010000021.1	356	222	9.51e-56	78.652	JN509596.1.1473	Bacteria;Dependentiae;Babeliae;Babeliales;Incertae Sedis;Incertae Sedis;uncultured organism	3215	20	41	0
GB_GCA_048939365.1	Archaea	Asgardarchaeota	Hermodarchaeia	Hermodarchaeales	Hermodarchaeaceae	YT-063	YT-063 sp016550485	0	82.76	2.16	General	89.43	0.0	149	k__Archaea (UID2)	107	0.0	2233358	88.80253490000482	433	1216679	48.38765355798764	2514971	GB_GCA_016550485.1	f	d__Archaea;p__Asgardarchaeota;c__Hermodarchaeia;o__Hermodarchaeales;f__Hermodarchaeaceae;g__YT-063;s__YT-063 sp016550485	not type material	none	f	109	104	32087	32087	26489	1	1455	JBHLPP010000004.1	8086	1	98	JBHLPP010000076.1	1431	730	0	76.31	KP308663.317302.320369	Archaea;Thermoproteota;Bathyarchaeia;Incertae Sedis;Incertae Sedis;Incertae Sedis;uncultured archaeon	5807	6319	f	f	t	6681	7081	Scaffold	ASM4893936v1	na	PRJNA1162170	SAMN43852923	433	6681	none	2025-03-25	GCA_048939365.1	derived from metagenome	full	H2S.122	none	none	0	0	Promethearchaeota archaeon	none	na	4	398	104	7081	4576	3397	2025-03-25	35	2053489	2	H2S.122	East china normal University	2053489	d__Archaea;p__Promethearchaeota;c__;o__;f__;g__;s__	d__Archaea;x__Promethearchaeati;p__Promethearchaeota;x__unclassified Promethearchaeota;s__Promethearchaeota archaeon	530	2514971	11	46	na	2514441	0	JBHLPP000000000.1	2751	398	2939	2	none	none	none	none	none	none	1675	JBHLPP010000348.1	748	1081	0	92.781	GQ410959.1.933	Archaea;Asgardarchaeota;Lokiarchaeia;Odinarchaeales;Incertae Sedis;LCB-4;uncultured archaeon	530	19	45	0
GB_GCA_964631415.1	Archaea	Asgardarchaeota	Thorarchaeia	Thorarchaeales	Thorarchaeaceae	OWC5	OWC5 sp964631415	0	85.0	2.14	General	92.45	4.21	149	k__Archaea (UID2)	107	0.0	1897556	87.93816009602239	99	1136908	52.72494550850995	2157830	GB_GCA_964631415.1	t	d__Archaea;p__Asgardarchaeota;c__Thorarchaeia;o__Thorarchaeales;f__Thorarchaeaceae;g__OWC5;s__OWC5 sp964631415	not type material	none	f	17	15	178404	183041	60232	1	3059	CAZVZC010000007.1	none	0	none	none	1521	219	2.31e-54	70.151	CP002363.59328.62407	Archaea;Thermoproteota;Thermoproteia;Desulfurococcales;Desulfurococcaceae;Desulfurococcus;Desulfurococcus mucosus DSM 2162	21780	26639	f	f	t	35411	39757	Scaffold	binchicken_co33_456	na	PRJEB82487	SAMEA117390556	99	35411	none	2025-01-08	GCA_964631415.1	derived from metagenome	full	binchicken_co33_456	none	none	0	none	uncultured archaeon	none	na	none	81	15	39757	26777	11646	2025-01-08	18	115547	none	binchicken_co33_456	Centre for Microbiome Research	115547	d__Archaea;p__;c__;o__;f__;g__;s__	d__Archaea;x__environmental samples;s__uncultured archaeon	1530	2157830	none	none	na	2156300	0	CAZVZC000000000.1	2114	81	11646	1	none	none	none	none	none	none	1523	CAZVZC010000049.1	490	366	4.31e-99	80.612	AB243805.1.1342	Archaea;Thermoproteota;Bathyarchaeia;Incertae Sedis;Incertae Sedis;Incertae Sedis;uncultured crenarchaeote	1530	17	38	0
GB_GCA_964413775.1	Archaea	Asgardarchaeota	Thorarchaeia	Thorarchaeales	Thorarchaeaceae	MP5-2226	MP5-2226 sp964413775	0	80.75	4.01	General	87.78	1.4	149	k__Archaea (UID2)	107	0.0	3209620	88.47917171484941	685	1721567	47.46200499386175	3627543	GB_GCA_964413775.1	t	d__Archaea;p__Asgardarchaeota;c__Thorarchaeia;o__Thorarchaeales;f__Thorarchaeaceae;g__MP5-2226;s__MP5-2226 sp964413775	not type material	none	f	201	197	43776	43776	none	0	none	none	none	0	none	none	none	none	none	none	none	none	5295	5454	f	f	t	5915	6098	Scaffold	SRP323688_co1_182	na	PRJEB82487	SAMEA117297715	685	5915	none	2025-01-12	GCA_964413775.1	derived from metagenome	full	SRP323688_co1_182	none	none	0	none	uncultured archaeon	none	na	none	665	197	6098	4022	3070	2025-01-12	20	115547	none	SRP323688_co1_182	Centre for Microbiome Research	115547	d__Archaea;p__;c__;o__;f__;g__;s__	d__Archaea;x__environmental samples;s__uncultured archaeon	290	3627543	none	none	na	3627253	0	CAYPUO000000000.1	4023	665	14097	1	none	none	none	none	none	none	1552	CAYPUO010000015.1	596	431	1.54e-118	80.034	JQ989386.1.1449	Archaea;Asgardarchaeota;Lokiarchaeia;Odinarchaeales;Incertae Sedis;LCB-4;uncultured archaeon	290	17	36	0
GB_GCA_048940045.1	Archaea	Asgardarchaeota	Thorarchaeia	Thorarchaeales	Thorarchaeaceae	SMTZ1-45	SMTZ1-45 sp048940045	0	90.29	7.2	General	91.12	4.21	149	k__Archaea (UID2)	107	14.29	2848261	90.30556501436575	311	1394014	44.25123784769728	3154026	GB_GCA_048940045.1	t	d__Archaea;p__Asgardarchaeota;c__Thorarchaeia;o__Thorarchaeales;f__Thorarchaeaceae;g__SMTZ1-45;s__SMTZ1-45 sp048940045	not type material	none	f	52	48	121259	121259	none	0	none	none	none	0	none	none	none	none	none	none	none	none	10129	11553	f	f	t	16394	17015	Scaffold	ASM4894004v1	na	PRJNA1162170	SAMN43852905	311	16394	none	2025-03-25	GCA_048940045.1	derived from metagenome	full	DZ3S.281	none	none	0	0	Promethearchaeota archaeon	none	na	1	273	48	17015	9062	4599	2025-03-25	38	2053489	0	DZ3S.281	East china normal University	2053489	d__Archaea;p__Promethearchaeota;c__;o__;f__;g__;s__	d__Archaea;x__Promethearchaeati;p__Promethearchaeota;x__unclassified Promethearchaeota;s__Promethearchaeota archaeon	3800	3154026	11	43	na	3150226	0	JBHLOX000000000.1	3258	273	none	0	none	none	none	none	none	none	none	none	none	none	none	none	none	none	3800	18	43	1
GB_GCA_964645535.1	Archaea	Asgardarchaeota	Heimdallarchaeia	Heimdallarchaeales	Kariarchaeaceae	WAKA01	WAKA01 sp964645535	0	89.4	1.02	General	92.06	2.34	149	k__Archaea (UID2)	107	0.0	3295642	91.07248952801308	224	1492938	41.27910256112492	3618702	GB_GCA_964645535.1	t	d__Archaea;p__Asgardarchaeota;c__Heimdallarchaeia;o__Heimdallarchaeales;f__Kariarchaeaceae;g__WAKA01;s__WAKA01 sp964645535	not type material	none	f	32	25	163016	163016	23857	1	1572	CAZYCQ010000050.1	none	0	none	none	1592	848	0	76.947	BCSF01007275.2.2427	Archaea;Asgardarchaeota;Incertae Sedis;Incertae Sedis;Incertae Sedis;Incertae Sedis;uncultured marine virus	16145	20560	f	f	t	31510	43191	Scaffold	SRP162660_co1_241	na	PRJEB82487	SAMEA117289346	224	31510	none	2025-01-12	GCA_964645535.1	derived from metagenome	full	SRP162660_co1_241	none	none	0	none	uncultured archaeon	none	na	none	176	25	43191	23029	8988	2025-01-12	48	115547	none	SRP162660_co1_241	Centre for Microbiome Research	115547	d__Archaea;p__;c__;o__;f__;g__;s__	d__Archaea;x__environmental samples;s__uncultured archaeon	2010	3618702	none	none	na	3616692	0	CAZYCQ000000000.1	3424	176	none	0	none	none	none	none	none	none	none	none	none	none	none	none	none	none	2010	17	42	0
GB_GCA_048937825.1	Archaea	Asgardarchaeota	Lokiarchaeia	Sigyniarchaeales	SOKP01	SOKP01	SOKP01 sp048941015	0	84.92	3.56	General	73.32	2.95	149	k__Archaea (UID2)	107	0.0	2817174	88.27798986792962	261	939237	29.45560398074046	3191253	GB_GCA_048941015.1	f	d__Archaea;p__Asgardarchaeota;c__Lokiarchaeia;o__Sigyniarchaeales;f__SOKP01;g__SOKP01;s__SOKP01 sp048941015	not type material	none	f	56	53	77512	77512	26538	1	2062	JBHLMU010000029.1	none	0	none	none	2067	2671	0	90.082	JYIM01000373.485.3826	Archaea;Asgardarchaeota;Incertae Sedis;Incertae Sedis;Incertae Sedis;Incertae Sedis;Lokiarchaeum sp. GC14_75	12217	13579	f	f	t	17507	19756	Scaffold	ASM4893782v1	na	PRJNA1162170	SAMN43852850	261	17507	none	2025-03-25	GCA_048937825.1	derived from metagenome	full	DZ2M.366	none	none	0	0	Promethearchaeota archaeon	none	na	2	235	53	19756	10631	6719	2025-03-25	26	2053489	0	DZ2M.366	East china normal University	2053489	d__Archaea;p__Promethearchaeota;c__;o__;f__;g__;s__	d__Archaea;x__Promethearchaeati;p__Promethearchaeota;x__unclassified Promethearchaeota;s__Promethearchaeota archaeon	2600	3191253	11	32	na	3188653	0	JBHLMU000000000.1	3123	235	none	0	none	none	none	none	none	none	none	none	none	none	none	none	none	none	2600	15	32	1
GB_GCA_964458565.1	Archaea	Asgardarchaeota	Thorarchaeia	Thorarchaeales	Thorarchaeaceae	CAYWJO01	CAYWJO01 sp964458565	0	93.33	5.22	General	92.99	3.27	149	k__Archaea (UID2)	107	0.0	3374352	90.51596766873004	112	1523754	40.88323109086773	3727908	GB_GCA_964458565.1	t	d__Archaea;p__Asgardarchaeota;c__Thorarchaeia;o__Thorarchaeales;f__Thorarchaeaceae;g__CAYWJO01;s__CAYWJO01 sp964458565	not type material	none	f	19	16	255159	255159	none	0	none	none	none	0	none	none	none	none	none	none	none	none	33277	40085	f	f	t	53618	68868	Scaffold	SRP214966_co7_247	na	PRJEB82487	SAMEA117292369	112	53618	none	2025-01-12	GCA_964458565.1	derived from metagenome	full	SRP214966_co7_247	none	none	0	none	uncultured archaeon	none	na	none	93	16	68868	35349	19536	2025-01-12	19	115547	none	SRP214966_co7_247	Centre for Microbiome Research	115547	d__Archaea;p__;c__;o__;f__;g__;s__	d__Archaea;x__environmental samples;s__uncultured archaeon	820	3727908	none	none	na	3727088	0	CAYWJO000000000.1	3534	93	12356	1	none	none	none	none	none	none	535	CAYWJO010000069.1	88	124	9.72e-27	92.045	FJ640805.1.935	Archaea;Asgardarchaeota;Lokiarchaeia;Incertae Sedis;Incertae Sedis;Incertae Sedis;uncultured archaeon	820	17	39	0
GB_GCA_016840485.1	Archaea	Asgardarchaeota	Baldrarchaeia	Baldrarchaeales	DXJG01	DXJG01	DXJG01 sp016840485	0	91.06	8.04	General	91.67	7.01	149	k__Archaea (UID2)	107	0.0	2743011	85.51135460291155	333	1176153	36.66570649927333	3207774	GB_GCA_016840485.1	t	d__Archaea;p__Asgardarchaeota;c__Baldrarchaeia;o__Baldrarchaeales;f__DXJG01;g__DXJG01;s__DXJG01 sp016840485	not type material	none	f	56	56	87536	87536	none	0	none	none	none	0	none	none	none	none	none	none	none	none	9632	9632	f	f	t	16442	16442	Contig	ASM1684048v1	na	PRJNA680430	SAMN16492199	333	16442	Pacific Ocean: Yap Trench	2021-02-09	GCA_016840485.1	derived from metagenome	full	Yap30.bin4.67	seawater	9.900000 N 138.510000 E	0	none	Candidatus Baldrarchaeota archaeon	none	na	none	none	none	none	none	none	2021-02-09	0	2799005	none	Yap30.bin4.67	Shenzhen Univeristy	2799005	d__Archaea;p__Candidatus Baldrarchaeota;c__;o__;f__;g__;s__	d__Archaea;x__Promethearchaeati;p__Candidatus Baldrarchaeota;x__unclassified Candidatus Baldrarchaeota;s__Candidatus Baldrarchaeota archaeon	0	3207774	none	none	na	3207774	0	JAEOSG000000000.1	3653	333	none	0	none	none	none	none	none	none	none	none	none	none	none	none	none	none	0	18	50	0
GB_GCA_004376705.1	Archaea	Asgardarchaeota	Lokiarchaeia	Sigyniarchaeales	SOKP01	Loki-b32	Loki-b32 sp005223125	0	90.2	3.81	General	84.11	2.34	149	k__Archaea (UID2)	107	0.0	2349591	87.93017503021956	310	789113	29.53145641459371	2672110	GB_GCA_005223125.1	f	d__Archaea;p__Asgardarchaeota;c__Lokiarchaeia;o__Sigyniarchaeales;f__SOKP01;g__Loki-b32;s__Loki-b32 sp005223125	not type material	none	f	66	66	42174	42174	none	0	none	none	none	0	none	none	none	none	none	none	none	none	8619	8619	f	f	t	13057	13057	Contig	ASM437670v1	na	PRJNA485648	SAMN11124392	310	13057	Atlantic Ocean	2019-03-25	GCA_004376705.1	derived from metagenome	full	E29_bin63	deep sea sediments associated with petroleum seepage	27.43 N 86.01 W	0	0	Promethearchaeota archaeon	none	na	0	none	none	none	none	none	2019-03-25	0	2053489	0	E29_bin63	University of Calgary	2053489	d__Archaea;p__Promethearchaeota;c__;o__;f__;g__;s__	d__Archaea;x__Promethearchaeati;p__Promethearchaeota;x__unclassified Promethearchaeota;s__Promethearchaeota archaeon	0	2672110	11	17	na	2672110	0	SOJD00000000.1	2754	310	none	0	none	none	none	none	none	none	none	none	none	none	none	none	none	none	0	13	25	0
GB_GCA_037305845.1	Archaea	Asgardarchaeota	Jordiarchaeia	Jordiarchaeales	Jordiarchaeaceae	Jordiarchaeum	Jordiarchaeum deiterrae	0	100.0	5.6	General	98.13	4.21	149	k__Archaea (UID2)	107	0.0	2933781	82.0361757886295	1	1456668	40.732240107107984	3576204	GB_GCA_037305845.1	t	d__Archaea;p__Asgardarchaeota;c__Jordiarchaeia;o__Jordiarchaeales;f__Jordiarchaeaceae;g__Jordiarchaeum;s__Jordiarchaeum deiterrae	type strain of species	Seqcode	f	1	1	3576204	3576204	3576204	1	3064	CP147778.1	none	0	none	none	2935	2089	0	79.932	KX764886.1.3038	Archaea;Incertae Sedis;Incertae Sedis;Incertae Sedis;Incertae Sedis;Incertae Sedis;uncultured archaeon	3576204	3576204	f	f	t	3576204	3576204	Complete Genome	ASM3730584v1	na	PRJNA1050611	SAMN40176693	none	none	none	2024-03-19	GCA_037305845.1	derived from metagenome	full	SRVP19_Freyarchaeia-1	none	none	1	0	Candidatus Freyarchaeum deiterrae	none	na	2	1	1	3576204	3576204	3576204	2024-03-19	0	3402145	1	SRVP19_Freyarchaeia-1	Banfield Lab at UC Berkeley	3126528	d__Archaea;p__;c__;o__;f__;g__Candidatus Freyarchaeum;s__Candidatus Freyarchaeum deiterrae	d__Archaea;x__Archaea incertae sedis;g__Candidatus Freyarchaeum;s__Candidatus Freyarchaeum deiterrae	0	3576204	11	39	na	3576204	0	na	3307	1	3576204	1	none	none	none	none	none	none	1266	CP147778.1	1204	1842	0	94.269	KP091068.1.1520	Archaea;Thermoproteota;Bathyarchaeia;Incertae Sedis;Incertae Sedis;Incertae Sedis;uncultured archaeon	0	16	38	0
GB_GCA_030673745.1	Archaea	Asgardarchaeota	Heimdallarchaeia	Heimdallarchaeales	Heimdallarchaeaceae	UBA460	UBA460 sp023270155	0	83.7	2.92	General	88.32	1.4	149	k__Archaea (UID2)	107	0.0	2346684	91.51434320745004	144	858455	33.47742836195735	2564280	GB_GCA_023270155.1	f	d__Archaea;p__Asgardarchaeota;c__Heimdallarchaeia;o__Heimdallarchaeales;f__Heimdallarchaeaceae;g__UBA460;s__UBA460 sp023270155	not type material	none	f	35	35	83591	83591	none	0	none	none	none	0	none	none	none	none	none	none	none	none	17807	17807	f	f	t	22653	22653	Contig	ASM3067374v1	na	PRJNA950938	SAMN34049377	144	22653	none	2023-08-07	GCA_030673745.1	derived from metagenome	full	CSMAG_1364	cold seep	none	0	none	archaeon	none	na	none	none	none	none	none	none	2023-08-07	0	1906665	none	CSMAG_1364	Third Institute of Oceanography, Ministry of Natural Resources	1906665	d__Archaea;p__;c__;o__;f__;g__;s__	d__Archaea;x__unclassified Archaea;s__archaeon	0	2564280	none	none	na	2564280	0	DAOVIJ000000000.1	2522	144	40725	1	none	none	none	none	none	none	877	DAOVIJ010000010.1	795	1419	0	98.868	AB797455.1.1410	Archaea;Asgardarchaeota;Heimdallarchaeia;Incertae Sedis;Incertae Sedis;AB_125;uncultured archaeon	0	17	37	0
GB_GCA_049671145.1	Archaea	Asgardarchaeota	Lokiarchaeia	Sigyniarchaeales	SOKP01	SOKP01	SOKP01 sp049671145	0	100.0	4.59	General	88.94	1.94	149	k__Archaea (UID2)	107	0.0	3373749	88.52776866660544	353	1145363	30.054527086422024	3810950	GB_GCA_049671145.1	t	d__Archaea;p__Asgardarchaeota;c__Lokiarchaeia;o__Sigyniarchaeales;f__SOKP01;g__SOKP01;s__SOKP01 sp049671145	not type material	none	f	54	54	85941	85941	none	0	none	none	none	0	none	none	none	none	none	none	none	none	10795	10795	f	f	t	20656	20656	Contig	ASM4967114v1	na	PRJNA1071982	SAMN40011552	353	20656	none	2025-04-16	GCA_049671145.1	derived from metagenome	full	MFD12951_ilm_asm_bin5	none	none	0	0	Promethearchaeia archaeon	none	na	0	none	none	none	none	none	2025-04-16	0	3067280	0	MFD12951_ilm_asm_bin5	The Microflora Danica Consortium	3067280	d__Archaea;p__Promethearchaeota;c__Promethearchaeia;o__;f__;g__;s__	d__Archaea;x__Promethearchaeati;p__Promethearchaeota;c__Promethearchaeia;x__unclassified Promethearchaeia;s__Promethearchaeia archaeon	0	3810950	11	40	na	3810950	0	JBATUM000000000.1	3787	353	none	0	none	none	none	none	none	none	none	none	none	none	none	none	none	none	0	16	40	1
GB_GCA_030588715.1	Archaea	Asgardarchaeota	Thorarchaeia	Thorarchaeales	Thorarchaeaceae	SMTZ1-45	SMTZ1-45 sp004376265	0	88.77	6.19	General	87.38	4.21	149	k__Archaea (UID2)	107	0.0	2615041	90.2797662222256	282	1253965	43.29097213039992	2896597	GB_GCA_004376265.1	f	d__Archaea;p__Asgardarchaeota;c__Thorarchaeia;o__Thorarchaeales;f__Thorarchaeaceae;g__SMTZ1-45;s__SMTZ1-45 sp004376265	not type material	none	f	59	59	174657	174657	9385	1	863	JAUUXC010000097.1	174657	1	115	JAUUXC010000001.1	53	71.3	1.88e-10	90.566	CP022706.2115979.2118829	Archaea;Methanobacteriota;Methanobacteria;Methanobacteriales;Methanobacteriaceae;Methanobrevibacter;Methanobacterium sp. BAmetb5	10271	10271	f	f	t	12887	12887	Contig	ASM3058871v1	na	PRJNA950938	SAMN34042618	282	12887	none	2023-08-03	GCA_030588715.1	derived from metagenome	full	CSMAG_55	cold seep	none	0	none	Candidatus Thorarchaeota archaeon	none	na	none	none	none	none	none	none	2023-08-03	0	2053491	none	CSMAG_55	Third Institute of Oceanography, Ministry of Natural Resources	2053491	d__Archaea;p__Candidatus Thorarchaeota;c__;o__;f__;g__;s__	d__Archaea;x__Promethearchaeati;p__Candidatus Thorarchaeota;x__unclassified Candidatus Thorarchaeota;s__Candidatus Thorarchaeota archaeon	0	2896597	none	none	na	2896597	0	JAUUXC000000000.1	2999	282	none	0	none	none	none	none	none	none	none	none	none	none	none	none	none	none	0	18	35	0
GB_GCA_964623665.1	Archaea	Asgardarchaeota	Lokiarchaeia	Sigyniarchaeales	Promethearchaeaceae	CAZUTM01	CAZUTM01 sp964623665	0	85.24	5.52	General	91.59	5.14	149	k__Archaea (UID2)	107	0.0	4343811	88.09651531078188	461	1877342	38.17169538477054	4930741	GB_GCA_964623665.1	t	d__Archaea;p__Asgardarchaeota;c__Lokiarchaeia;o__Sigyniarchaeales;f__Promethearchaeaceae;g__CAZUTM01;s__CAZUTM01 sp964623665	not type material	none	f	94	61	55059	88128	none	0	none	none	none	0	none	none	none	none	none	none	none	none	10668	16657	f	f	t	15641	24461	Scaffold	SRP278314_co2_361	na	PRJEB82487	SAMEA117206202	461	15641	none	2025-01-14	GCA_964623665.1	derived from metagenome	full	SRP278314_co2_361	none	none	0	none	uncultured archaeon	none	na	none	296	61	24461	12947	8423	2025-01-14	165	115547	none	SRP278314_co2_361	Centre for Microbiome Research	115547	d__Archaea;p__;c__;o__;f__;g__;s__	d__Archaea;x__environmental samples;s__uncultured archaeon	12589	4930741	none	none	na	4918152	0	CAZUTM000000000.1	4147	296	none	0	none	none	none	none	none	none	none	none	none	none	none	none	none	none	12589	18	44	1
GB_GCA_016840135.1	Archaea	Asgardarchaeota	Hermodarchaeia	Hermodarchaeales	Hermodarchaeaceae	YT-063	YT-063 sp016840135	0	81.48	1.89	General	82.24	0.0	149	k__Archaea (UID2)	107	0.0	1630967	89.76735968543912	217	855465	47.08423551997323	1816882	GB_GCA_016840135.1	t	d__Archaea;p__Asgardarchaeota;c__Hermodarchaeia;o__Hermodarchaeales;f__Hermodarchaeaceae;g__YT-063;s__YT-063 sp016840135	not type material	none	f	42	42	62036	62036	none	0	none	none	31732	1	110	JAEOSX010000007.1	none	none	none	none	none	none	8372	8372	f	f	t	11878	11878	Contig	ASM1684013v1	na	PRJNA680430	SAMN16492216	217	11878	China: Rongcheng Nation Swan Nature Reserve	2021-02-09	GCA_016840135.1	derived from metagenome	full	YT_063	coastal marine sediment	37.350000 N 122.580000 E	0	none	Candidatus Hermodarchaeota archaeon	none	na	none	none	none	none	none	none	2021-02-09	0	2799008	none	YT_063	Shenzhen Univeristy	2799008	d__Archaea;p__Candidatus Hermodarchaeota;c__;o__;f__;g__;s__	d__Archaea;x__Promethearchaeati;p__Candidatus Hermodarchaeota;x__unclassified Candidatus Hermodarchaeota;s__Candidatus Hermodarchaeota archaeon	0	1816882	none	none	na	1816882	0	JAEOSX000000000.1	1973	217	5951	2	none	none	none	none	none	none	472	JAEOSX010000174.1	467	640	0	91.435	HM244230.1.931	Archaea;Asgardarchaeota;Lokiarchaeia;Odinarchaeales;Incertae Sedis;LCB-4;uncultured archaeon	0	17	31	0
GB_GCA_048938765.1	Archaea	Asgardarchaeota	Thorarchaeia	Thorarchaeales	Thorarchaeaceae	SMTZ1-83	SMTZ1-83 sp048939765	0	84.12	3.48	General	85.98	3.27	149	k__Archaea (UID2)	107	0.0	2690928	90.7224308193456	197	1393824	47.01699538304968	2966111	GB_GCA_048939765.1	f	d__Archaea;p__Asgardarchaeota;c__Thorarchaeia;o__Thorarchaeales;f__Thorarchaeaceae;g__SMTZ1-83;s__SMTZ1-83 sp048939765	not type material	none	f	38	35	108060	108060	none	0	none	none	none	0	none	none	none	none	none	none	none	none	15048	16387	f	f	t	24956	26882	Scaffold	ASM4893876v1	na	PRJNA1162170	SAMN43852826	197	24956	none	2025-03-25	GCA_048938765.1	derived from metagenome	full	DZ1S.271	none	none	0	0	Promethearchaeota archaeon	none	na	1	181	35	26882	12299	7145	2025-03-25	16	2053489	0	DZ1S.271	East china normal University	2053489	d__Archaea;p__Promethearchaeota;c__;o__;f__;g__;s__	d__Archaea;x__Promethearchaeati;p__Promethearchaeota;x__unclassified Promethearchaeota;s__Promethearchaeota archaeon	1600	2966111	11	31	na	2964511	0	JBHLLW000000000.1	2920	181	none	0	none	none	none	none	none	none	none	none	none	none	none	none	none	none	1600	16	32	0
GB_GCA_018238585.1	Archaea	Asgardarchaeota	Heimdallarchaeia	Heimdallarchaeales	Heimdallarchaeaceae	UBA460	UBA460 sp018238545	0	91.23	3.68	General	93.46	3.74	149	k__Archaea (UID2)	107	0.0	2933578	90.6148549428649	277	1100610	33.99657875081778	3237414	GB_GCA_018238545.1	f	d__Archaea;p__Asgardarchaeota;c__Heimdallarchaeia;o__Heimdallarchaeales;f__Heimdallarchaeaceae;g__UBA460;s__UBA460 sp018238545	not type material	none	f	59	59	92962	92962	49421	1	2542	JABCTA010000004.1	none	0	none	none	2548	3784	0	93.564	MEHH01000225.593.3133	Archaea;Asgardarchaeota;Incertae Sedis;Incertae Sedis;Incertae Sedis;Incertae Sedis;Candidatus Heimdallarchaeota archaeon AB_125	11687	11687	f	f	t	15681	15681	Contig	ASM1823858v1	na	PRJNA628571	SAMN14734437	277	15681	China: Haima cold seep	2021-05-03	GCA_018238585.1	derived from metagenome	full	HM4_B3	cold seep	none	0	none	Candidatus Heimdallarchaeota archaeon	none	na	none	none	none	none	none	none	2021-05-03	0	2026747	none	HM4_B3	Institute of Deep-sea Science and Engineering, Chinese Academy of Sciences	2026747	d__Archaea;p__Candidatus Heimdallarchaeota;c__;o__;f__;g__;s__	d__Archaea;x__Promethearchaeati;p__Candidatus Heimdallarchaeota;x__unclassified Candidatus Heimdallarchaeota;s__Candidatus Heimdallarchaeota archaeon	0	3237414	none	none	na	3237414	0	JABCTA000000000.1	3381	277	49421	1	none	none	none	none	none	none	1508	JABCTA010000004.1	1429	2566	0	99.09	JQ816545.1.1430	Archaea;Asgardarchaeota;Heimdallarchaeia;Incertae Sedis;Incertae Sedis;AB_125;uncultured archaeon	0	17	40	0
GB_GCA_048886785.1	Archaea	Asgardarchaeota	Lokiarchaeia	Sigyniarchaeales	SOKP01	SOKP01	SOKP01 sp048885535	0	87.1	1.98	General	87.54	2.34	149	k__Archaea (UID2)	107	0.0	2717788	88.96566240233227	277	919850	30.131621316095234	3054873	GB_GCA_048885535.1	f	d__Archaea;p__Asgardarchaeota;c__Lokiarchaeia;o__Sigyniarchaeales;f__SOKP01;g__SOKP01;s__SOKP01 sp048885535	not type material	none	f	71	68	73423	73423	none	0	none	none	none	0	none	none	none	none	none	none	none	none	11020	11933	f	f	t	13660	14402	Scaffold	ASM4888678v1	na	PRJNA1162170	SAMN43852787	277	13660	none	2025-03-24	GCA_048886785.1	derived from metagenome	full	DZ1B.30	none	none	0	0	Candidatus Hodarchaeota archaeon	none	na	4	256	68	14402	9119	6332	2025-03-24	21	2800102	2	DZ1B.30	East china normal University	2800102	d__Archaea;p__Candidatus Hodarchaeota;c__;o__;f__;g__;s__	d__Archaea;x__Promethearchaeati;p__Candidatus Hodarchaeota;x__unclassified Candidatus Hodarchaeota;s__Candidatus Hodarchaeota archaeon	2100	3054873	11	39	na	3052773	0	JBHLKJ000000000.1	3086	256	none	0	none	none	none	none	none	none	none	none	none	none	none	none	none	none	2100	14	38	1
GB_GCA_029856505.1	Archaea	Asgardarchaeota	Baldrarchaeia	Baldrarchaeales	Baldrarchaeaceae	Baldrarchaeum	Baldrarchaeum yapensis	0	92.07	2.39	General	93.93	3.74	149	k__Archaea (UID2)	107	0.0	1865043	87.41308691378924	133	960290	45.008031038663816	2133597	GB_GCA_016840465.1	f	d__Archaea;p__Asgardarchaeota;c__Baldrarchaeia;o__Baldrarchaeales;f__Baldrarchaeaceae;g__Baldrarchaeum;s__Baldrarchaeum yapensis	not type material	none	f	21	21	101351	101351	23510	1	3142	JAHKLK010000030.1	none	0	none	none	2254	1982	0	82.831	CP000505.363018.366076	Archaea;Thermoproteota;Thermoproteia;Thermoproteales;Thermofilaceae;Thermofilum;Thermofilum pendens Hrk 5	16042	16042	f	f	t	29867	29867	Contig	ASM2985650v1	na	PRJNA417281	SAMN18753872	133	29867	Mexico: Guaymas Basin; Gulf of California	2023-04-24	GCA_029856505.1	derived from metagenome	full	B40_G15	deep-sea hydrothermal vent sediments	29.52416667 N 113.57000000 W	0	none	Candidatus Baldrarchaeota archaeon	none	na	none	none	none	none	none	none	2023-04-24	0	2799005	none	B40_G15	Uppsala University	2799005	d__Archaea;p__Candidatus Baldrarchaeota;c__;o__;f__;g__;s__	d__Archaea;x__Promethearchaeati;p__Candidatus Baldrarchaeota;x__unclassified Candidatus Baldrarchaeota;s__Candidatus Baldrarchaeota archaeon	0	2133597	none	none	na	2133597	0	JAHKLK000000000.1	2402	133	23510	1	none	none	none	none	none	none	786	JAHKLK010000030.1	757	1011	0	90.885	KP091066.1.1469	Archaea;Thermoproteota;Bathyarchaeia;Incertae Sedis;Incertae Sedis;Incertae Sedis;uncultured archaeon	0	17	45	0
GB_GCA_013375475.1	Archaea	Asgardarchaeota	Lokiarchaeia	Sigyniarchaeales	SOKP01	SOKP01	SOKP01 sp013375475	0	100.0	6.41	General	85.98	4.21	149	k__Archaea (UID2)	107	0.0	3430855	87.51801580033519	309	1275638	32.54430955870047	3920170	GB_GCA_013375475.1	t	d__Archaea;p__Asgardarchaeota;c__Lokiarchaeia;o__Sigyniarchaeales;f__SOKP01;g__SOKP01;s__SOKP01 sp013375475	not type material	none	f	33	33	170788	170788	16925	1	2817	JABXKD010000077.1	none	0	none	none	2817	4981	0	98.58	GU323224.74107.76992	Bacteria;Cyanobacteriota;Cyanobacteriia;Chloroplast;Incertae Sedis;Incertae Sedis;Thalassiosira oceanica CCMP1005	12685	13611	f	f	t	39172	39172	Scaffold	ASM1337547v1	na	PRJNA505997	SAMN14451654	309	39172	North Sea: German Bight (Helgoland Mud Area)	2020-06-28	GCA_013375475.1	derived from metagenome	full	Hel_238_bin105	marine sediment at depth 238-263 cm	54.08972 N 7.9678 E	0	0	Promethearchaeota archaeon	none	na	6	288	33	39172	21383	9290	2020-06-28	21	2053489	3	Hel_238_bin105	University of Bremen	2053489	d__Archaea;p__Promethearchaeota;c__;o__;f__;g__;s__	d__Archaea;x__Promethearchaeati;p__Promethearchaeota;x__unclassified Promethearchaeota;s__Promethearchaeota archaeon	474	3920170	11	46	na	3919696	0	JABXKD000000000.1	3924	288	16925	3	none	none	none	none	none	none	1479	JABXKD010000077.1	1479	2627	0	98.715	X82155.1.1486	Bacteria;Cyanobacteriota;Cyanobacteriia;Chloroplast;Incertae Sedis;Incertae Sedis;Skeletonema pseudocostatum	474	17	45	0
GB_GCA_964590575.1	Archaea	Asgardarchaeota	Thorarchaeia	Thorarchaeales	Thorarchaeaceae	SMTZ1-45	SMTZ1-45 sp964590575	0	91.45	2.48	General	91.12	4.67	149	k__Archaea (UID2)	107	33.33	3088460	90.74239315631604	230	1479492	43.48407010745723	3403547	GB_GCA_964590575.1	t	d__Archaea;p__Asgardarchaeota;c__Thorarchaeia;o__Thorarchaeales;f__Thorarchaeaceae;g__SMTZ1-45;s__SMTZ1-45 sp964590575	not type material	none	f	40	37	86216	88952	84298	1	3050	CAZPWM010000002.1	none	0	none	none	1178	353	6.04e-95	72.75	KX764886.1.3038	Archaea;Incertae Sedis;Incertae Sedis;Incertae Sedis;Incertae Sedis;Incertae Sedis;uncultured archaeon	14792	17544	f	f	t	24166	27332	Scaffold	SRP214966_co4_397	na	PRJEB82487	SAMEA117292288	230	24166	none	2025-01-12	GCA_964590575.1	derived from metagenome	full	SRP214966_co4_397	none	none	0	none	uncultured archaeon	none	na	none	194	37	27332	14459	7929	2025-01-12	36	115547	none	SRP214966_co4_397	Centre for Microbiome Research	115547	d__Archaea;p__;c__;o__;f__;g__;s__	d__Archaea;x__environmental samples;s__uncultured archaeon	1170	3403547	none	none	na	3402377	0	CAZPWM000000000.1	3336	194	16151	2	none	none	none	none	none	none	876	CAZPWM010000073.1	424	368	6.8e-100	82.547	AB644695.1.902	Archaea;Asgardarchaeota;Lokiarchaeia;Incertae Sedis;Incertae Sedis;Incertae Sedis;uncultured archaeon	1170	18	42	1
GB_GCA_019057355.1	Archaea	Asgardarchaeota	Lokiarchaeia	Sigyniarchaeales	SOKP01	FT1-020	FT1-020 sp019057355	0	90.01	3.06	General	82.87	1.4	149	k__Archaea (UID2)	107	0.0	2644965	86.59504119784954	521	991764	32.46993606287571	3054407	GB_GCA_019057355.1	t	d__Archaea;p__Asgardarchaeota;c__Lokiarchaeia;o__Sigyniarchaeales;f__SOKP01;g__FT1-020;s__FT1-020 sp019057355	not type material	none	f	148	148	36077	36077	none	0	none	none	none	0	none	none	none	none	none	none	none	none	5862	5862	f	f	t	6447	6447	Contig	ASM1905735v1	na	PRJNA678817	SAMN19820868	521	6447	Madagascar	2021-06-29	GCA_019057355.1	derived from metagenome	full	EB_bin_12	fossilized bones from two species of extinct elephant birds	18.05 S 47.03 E	0	none	Promethearchaeota archaeon	none	na	none	none	none	none	none	none	2021-06-29	0	2053489	none	EB_bin_12	The University of Queensland	2053489	d__Archaea;p__Promethearchaeota;c__;o__;f__;g__;s__	d__Archaea;x__Promethearchaeati;p__Promethearchaeota;x__unclassified Promethearchaeota;s__Promethearchaeota archaeon	0	3054407	none	none	na	3054407	0	DXJM00000000.1	2942	521	2711	1	none	none	none	none	none	none	760	DXJM01000083.1	759	1264	0	96.706	EF125480.1.947	Archaea;Asgardarchaeota;Lokiarchaeia;Incertae Sedis;Incertae Sedis;Incertae Sedis;uncultured archaeon	0	14	27	0
GB_GCA_029856585.1	Archaea	Asgardarchaeota	Njordarchaeia	Njordarchaeales	Panguiarchaeaceae	Panguiarchaeum	Panguiarchaeum sp029856685	0	62.23	0.57	General	63.8	0.93	149	k__Archaea (UID2)	107	0.0	1187334	87.40493614314771	287	544416	40.07688292873606	1358429	GB_GCA_029856685.1	f	d__Archaea;p__Asgardarchaeota;c__Njordarchaeia;o__Njordarchaeales;f__Panguiarchaeaceae;g__Panguiarchaeum;s__Panguiarchaeum sp029856685	not type material	none	f	96	96	13515	13515	none	0	none	none	none	0	none	none	none	none	none	none	none	none	4733	4733	f	f	t	5033	5033	Contig	ASM2985658v1	na	PRJNA417281	SAMN18753886	287	5033	Mexico: Guaymas Basin; Gulf of California	2023-04-24	GCA_029856585.1	derived from metagenome	full	B90_G9	subseafloor sediment	27.0183 N 111.3802 W	0	none	Candidatus Njordarchaeota archaeon	none	na	none	none	none	none	none	none	2023-04-24	0	3036966	none	B90_G9	Uppsala University	3036966	d__Archaea;p__Candidatus Njordarchaeota;c__;o__;f__;g__;s__	d__Archaea;x__Promethearchaeati;p__Candidatus Njordarchaeota;x__unclassified Candidatus Njordarchaeota;s__Candidatus Njordarchaeota archaeon	0	1358429	none	none	na	1358429	0	JAHKLI000000000.1	1506	287	none	0	none	none	none	none	none	none	none	none	none	none	none	none	none	none	0	17	34	0
GB_GCA_030587505.2	Archaea	Asgardarchaeota	Lokiarchaeia	Sigyniarchaeales	Sigyniarchaeaceae	Sigyniarchaeum	Sigyniarchaeum tengchongense	0	91.27	8.15	General	92.52	5.61	149	k__Archaea (UID2)	107	0.0	4972120	89.09047840718956	343	2995989	53.68215033279113	5580978	GB_GCA_030587475.2	f	d__Archaea;p__Asgardarchaeota;c__Lokiarchaeia;o__Sigyniarchaeales;f__Sigyniarchaeaceae;g__Sigyniarchaeum;s__Sigyniarchaeum tengchongense	not type material	none	f	56	56	127971	127971	none	0	none	none	none	0	none	none	none	none	none	none	none	none	16271	16271	f	f	t	31650	31650	Contig	ASM3058750v2	na	PRJNA923143	SAMN32689772	343	31650	China: Tengchong County; Yunnan	2024-07-27	GCA_030587505.2	derived from metagenome	full	SQRJ_179	hot spring sediment	24.95 N 98.44 E	0	0	Candidatus Sigynarchaeota archaeon	none	na	1	none	none	none	none	none	2024-07-27	0	3036967	0	SQRJ_179	an eLibrary of Microbial Systematics and Genomics	3036967	d__Archaea;p__Candidatus Sigynarchaeota;c__;o__;f__;g__;s__	d__Archaea;x__Promethearchaeati;p__Candidatus Sigynarchaeota;x__unclassified Candidatus Sigynarchaeota;s__Candidatus Sigynarchaeota archaeon	0	5580978	11	65	na	5580978	0	JAUQYY000000000.2	5143	343	none	0	none	none	none	none	none	none	none	none	none	none	none	none	none	none	0	20	63	1
GB_GCA_029856525.1	Archaea	Asgardarchaeota	Odinarchaeia	Odinarchaeales	Odinarchaeaceae	Odinarchaeum	Odinarchaeum sp029856525	0	93.41	0.1	General	94.39	1.87	149	k__Archaea (UID2)	107	0.0	1180328	89.37457454759122	127	508300	38.488535595648514	1320653	GB_GCA_029856525.1	t	d__Archaea;p__Asgardarchaeota;c__Odinarchaeia;o__Odinarchaeales;f__Odinarchaeaceae;g__Odinarchaeum;s__Odinarchaeum sp029856525	not type material	none	f	27	27	44963	44963	44963	1	3039	JAHQXC010000001.1	none	0	none	none	3038	5611	0	100	KX764886.1.3038	Archaea;Incertae Sedis;Incertae Sedis;Incertae Sedis;Incertae Sedis;Incertae Sedis;uncultured archaeon	10398	10398	f	f	t	15425	15425	Contig	ASM2985652v1	na	PRJNA417281	SAMN08011059	127	15425	New Zealand: Ngatamariki; Taupo Volcanic Zone	2023-04-24	GCA_029856525.1	derived from metagenome	full	RPA3	hot spring sediment	38.53 S 176.17 E	0	none	Candidatus Odinarchaeia archaeon	none	na	none	none	none	none	none	none	2023-04-24	0	3067283	none	RPA3	Uppsala University	3067283	d__Archaea;p__Candidatus Odinarchaeota;c__Candidatus Odinarchaeia;o__;f__;g__;s__	d__Archaea;x__Promethearchaeati;p__Candidatus Odinarchaeota;c__Candidatus Odinarchaeia;x__unclassified Candidatus Odinarchaeia;s__Candidatus Odinarchaeia archaeon	0	1320653	none	none	na	1320653	0	JAHQXC000000000.1	1440	127	44963	1	none	none	none	none	none	none	1531	JAHQXC010000001.1	1530	2826	0	100	KX764885.1.1530	Archaea;Asgardarchaeota;Lokiarchaeia;Odinarchaeales;Incertae Sedis;LCB-4;uncultured archaeon	0	18	41	0
RS_GCF_008000775.2	Archaea	Asgardarchaeota	Lokiarchaeia	Sigyniarchaeales	Promethearchaeaceae	Promethearchaeum	Promethearchaeum syntrophicum	0	92.65	6.22	General	91.74	5.14	149	k__Archaea (UID2)	107	0.0	3845766	88.9360190592744	1	1344055	31.082208615062136	4324194	RS_GCF_008000775.2	t	d__Archaea;p__Asgardarchaeota;c__Lokiarchaeia;o__Sigyniarchaeales;f__Promethearchaeaceae;g__Promethearchaeum;s__Promethearchaeum syntrophicum	type strain of species	LPSN	t	1	1	4324194	4324194	4324194	1	3108	NZ_CP042905.2	none	0	none	none	986	381	2.82e-103	74.442	JFJP01049285.2028.4944	Archaea;Halobacteriota;Methanomicrobia;Methanomicrobiales;Methanoregulaceae;Methanoregula;microbial mat metagenome	4324194	4324194	f	f	t	4324194	4324194	Complete Genome	ASM800077v2	na	PRJNA224116	SAMN12405820	none	none	Japan: Omine Ridge; Nankai Trough	2024-07-26	GCA_008000775.2	none	full	na	marine sediment	none	1	0	Promethearchaeum syntrophicum	none	reference genome	3	1	1	4324194	4324194	4324194	2024-07-26	0	2594042	1	MK-D1	National Institute of Advanced Industrial Science and Technology	2594042	d__Archaea;p__Promethearchaeota;c__Promethearchaeia;o__Promethearchaeales;f__Promethearchaeaceae;g__Promethearchaeum;s__Promethearchaeum syntrophicum	d__Archaea;x__Promethearchaeati;p__Promethearchaeota;c__Promethearchaeia;o__Promethearchaeales;f__Promethearchaeaceae;g__Promethearchaeum;s__Promethearchaeum syntrophicum	0	4324194	11	46	assembly from type material	4324194	0	na	3881	1	4324194	1	none	none	none	none	none	none	1493	NZ_CP042905.2	1426	2555	0	98.948	JQ989444.1.1425	Archaea;Asgardarchaeota;Lokiarchaeia;Odinarchaeales;Incertae Sedis;LCB-4;uncultured archaeon	0	19	46	1
GB_GCA_048887145.1	Archaea	Asgardarchaeota	Lokiarchaeia	Sigyniarchaeales	SOKP01	SOKP01	SOKP01 sp048887145	0	82.53	4.17	General	77.21	1.87	149	k__Archaea (UID2)	107	0.0	2622085	88.57838662840781	264	875133	29.57443616035492	2960186	GB_GCA_048887145.1	t	d__Archaea;p__Asgardarchaeota;c__Lokiarchaeia;o__Sigyniarchaeales;f__SOKP01;g__SOKP01;s__SOKP01 sp048887145	not type material	none	f	51	50	65517	65517	none	0	none	none	none	0	none	none	none	none	none	none	none	none	11208	11700	f	f	t	17123	17245	Scaffold	ASM4888714v1	na	PRJNA1162170	SAMN43852778	264	17123	none	2025-03-24	GCA_048887145.1	derived from metagenome	full	DZ1B.205	none	none	0	0	Candidatus Hodarchaeota archaeon	none	na	0	253	50	17245	8983	5239	2025-03-24	11	2800102	0	DZ1B.205	East china normal University	2800102	d__Archaea;p__Candidatus Hodarchaeota;c__;o__;f__;g__;s__	d__Archaea;x__Promethearchaeati;p__Candidatus Hodarchaeota;x__unclassified Candidatus Hodarchaeota;s__Candidatus Hodarchaeota archaeon	1100	2960186	11	33	na	2959086	0	JBHLKA000000000.1	2961	253	none	0	none	none	none	none	none	none	none	none	none	none	none	none	none	none	1100	14	33	1
GB_GCA_029856685.1	Archaea	Asgardarchaeota	Njordarchaeia	Njordarchaeales	Panguiarchaeaceae	Panguiarchaeum	Panguiarchaeum sp029856685	0	78.73	1.86	General	82.02	1.4	149	k__Archaea (UID2)	107	0.0	1694816	87.88597540170066	252	775465	40.21232860374212	1928426	GB_GCA_029856685.1	t	d__Archaea;p__Asgardarchaeota;c__Njordarchaeia;o__Njordarchaeales;f__Panguiarchaeaceae;g__Panguiarchaeum;s__Panguiarchaeum sp029856685	not type material	none	f	41	41	68758	68758	none	0	none	none	none	0	none	none	none	none	none	none	none	none	7652	7652	f	f	t	11241	11241	Contig	ASM2985668v1	na	PRJNA417281	SAMN18753877	252	11241	Mexico: Guaymas Basin; Gulf of California	2023-04-24	GCA_029856685.1	derived from metagenome	full	B13_G17	deep-sea hydrothermal vent sediments	29.52416667 N 113.57000000 W	0	none	Candidatus Njordarchaeota archaeon	none	na	none	none	none	none	none	none	2023-04-24	0	3036966	none	B13_G17	Uppsala University	3036966	d__Archaea;p__Candidatus Njordarchaeota;c__;o__;f__;g__;s__	d__Archaea;x__Promethearchaeati;p__Candidatus Njordarchaeota;x__unclassified Candidatus Njordarchaeota;s__Candidatus Njordarchaeota archaeon	0	1928426	none	none	na	1928426	0	JAHKKZ000000000.1	1971	252	none	0	none	none	none	none	none	none	none	none	none	none	none	none	none	none	0	19	44	0
GB_GCA_964518475.1	Archaea	Asgardarchaeota	Njordarchaeia	Njordarchaeales	Njordarchaeaceae	Njordarchaeum	Njordarchaeum sp964518475	0	91.34	5.78	General	91.12	2.34	149	k__Archaea (UID2)	107	0.0	2037065	87.44348227726984	126	893968	38.38141414384272	2329579	GB_GCA_964518475.1	t	d__Archaea;p__Asgardarchaeota;c__Njordarchaeia;o__Njordarchaeales;f__Njordarchaeaceae;g__Njordarchaeum;s__Njordarchaeum sp964518475	not type material	none	f	11	10	402640	402640	none	0	none	none	none	0	none	none	none	none	none	none	none	none	18485	19252	f	f	t	59564	62278	Scaffold	binchicken_co184_323	na	PRJEB82487	SAMEA117364127	126	59564	none	2025-01-09	GCA_964518475.1	derived from metagenome	full	binchicken_co184_323	none	none	0	none	uncultured Nitrososphaerota archaeon	none	na	none	121	10	62278	22098	6619	2025-01-09	5	651141	none	binchicken_co184_323	Centre for Microbiome Research	651141	d__Archaea;p__Nitrososphaerota;c__;o__;f__;g__;s__	d__Archaea;x__Thermoproteati;p__Nitrososphaerota;x__environmental samples;s__uncultured Nitrososphaerota archaeon	410	2329579	none	none	na	2329169	0	CAZFGR000000000.1	2390	121	none	0	none	none	none	none	none	none	none	none	none	none	none	none	none	none	410	19	45	0
GB_GCA_030606095.1	Archaea	Asgardarchaeota	Lokiarchaeia	Sigyniarchaeales	SOKP01	SOKP01	SOKP01 sp030606095	0	88.84	5.14	General	78.68	2.49	149	k__Archaea (UID2)	107	0.0	2498719	86.71464792114777	436	897044	31.130693219116708	2881542	GB_GCA_030606095.1	t	d__Archaea;p__Asgardarchaeota;c__Lokiarchaeia;o__Sigyniarchaeales;f__SOKP01;g__SOKP01;s__SOKP01 sp030606095	not type material	none	f	123	123	41094	41094	41094	1	3313	JAUWHC010000001.1	none	0	none	none	3067	3903	0	89.892	JYIM01000373.485.3826	Archaea;Asgardarchaeota;Incertae Sedis;Incertae Sedis;Incertae Sedis;Incertae Sedis;Lokiarchaeum sp. GC14_75	6609	6609	f	f	t	7300	7300	Contig	ASM3060609v1	na	PRJNA950938	SAMN34050451	436	7300	none	2023-08-03	GCA_030606095.1	derived from metagenome	full	CSMAG_2258	cold seep	none	0	none	Promethearchaeota archaeon	none	na	none	none	none	none	none	none	2023-08-03	0	2053489	none	CSMAG_2258	Third Institute of Oceanography, Ministry of Natural Resources	2053489	d__Archaea;p__Promethearchaeota;c__;o__;f__;g__;s__	d__Archaea;x__Promethearchaeati;p__Promethearchaeota;x__unclassified Promethearchaeota;s__Promethearchaeota archaeon	0	2881542	none	none	na	2881542	0	JAUWHC000000000.1	3134	436	13166	1	none	none	none	none	none	none	1491	JAUWHC010000030.1	1460	2662	0	99.589	HQ588670.1.1459	Archaea;Asgardarchaeota;Lokiarchaeia;Incertae Sedis;Incertae Sedis;Incertae Sedis;uncultured archaeon	0	14	33	0
GB_GCA_003345595.1	Archaea	Asgardarchaeota	Thorarchaeia	Thorarchaeales	Thorarchaeaceae	OWC5	OWC5 sp003345595	0	83.12	2.9	General	87.31	3.27	149	k__Archaea (UID2)	107	0.0	2441310	89.35006357286065	129	1426175	52.196905315598805	2732298	GB_GCA_003345595.1	t	d__Archaea;p__Asgardarchaeota;c__Thorarchaeia;o__Thorarchaeales;f__Thorarchaeaceae;g__OWC5;s__OWC5 sp003345595	not type material	none	f	28	28	93779	93779	16565	1	2665	PRDI01000046.1	none	0	none	none	1521	252	1.98e-64	70.546	CP002363.59328.62407	Archaea;Thermoproteota;Thermoproteia;Desulfurococcales;Desulfurococcaceae;Desulfurococcus;Desulfurococcus mucosus DSM 2162	21180	21180	f	f	t	30531	30531	Contig	ASM334559v1	na	PRJNA406094	SAMN08287973	129	30531	USA: Ohio; Lake Erie; Old Woman Creek	2018-07-30	GCA_003345595.1	derived from metagenome	full	OWC3	freshwater wetland soil	41.3778 N 82.5108 W	0	0	Candidatus Thorarchaeota archaeon	none	na	2	none	none	none	none	none	2018-07-30	0	2053491	1	OWC3	DOE Joint Genome Institute	2053491	d__Archaea;p__Candidatus Thorarchaeota;c__;o__;f__;g__;s__	d__Archaea;x__Promethearchaeati;p__Candidatus Thorarchaeota;x__unclassified Candidatus Thorarchaeota;s__Candidatus Thorarchaeota archaeon	0	2732298	11	24	na	2732298	0	PRDI00000000.1	2633	129	14173	1	none	none	none	none	none	none	1531	PRDI01000062.1	638	414	1.53e-113	78.997	KP308703.888.2385	Archaea;Thermoproteota;Bathyarchaeia;Incertae Sedis;Incertae Sedis;Incertae Sedis;uncultured archaeon	0	15	26	0
GB_GCA_027071915.1	Archaea	Asgardarchaeota	Heimdallarchaeia	Heimdallarchaeales	Kariarchaeaceae	WAKA01	WAKA01 sp015523565	0	89.94	5.15	General	91.12	5.14	149	k__Archaea (UID2)	107	12.5	3549950	90.7299519124482	714	1490291	38.09133233565458	3912655	GB_GCA_015523565.1	f	d__Archaea;p__Asgardarchaeota;c__Heimdallarchaeia;o__Heimdallarchaeales;f__Kariarchaeaceae;g__WAKA01;s__WAKA01 sp015523565	not type material	none	f	142	142	44521	44521	21079	1	2567	JALSYK010000043.1	none	0	none	none	2407	1537	0	78.77	BCSF01007275.2.2427	Archaea;Asgardarchaeota;Incertae Sedis;Incertae Sedis;Incertae Sedis;Incertae Sedis;uncultured marine virus	5479	5597	f	f	t	7652	7676	Scaffold	ASM2707191v1	na	PRJNA821212	SAMN27358399	714	7652	Pacific Ocean: Brothers volcano	2022-12-19	GCA_027071915.1	derived from metagenome	full	S012_metabat1_scaf2bin.003	marine hydrothermal vent	none	0	none	Candidatus Heimdallarchaeota archaeon	none	na	none	699	142	7676	4144	2421	2022-12-19	15	2026747	none	S012_metabat1_scaf2bin.003	Portland State University	2026747	d__Archaea;p__Candidatus Heimdallarchaeota;c__;o__;f__;g__;s__	d__Archaea;x__Promethearchaeati;p__Candidatus Heimdallarchaeota;x__unclassified Candidatus Heimdallarchaeota;s__Candidatus Heimdallarchaeota archaeon	240	3912655	none	none	na	3912415	0	JALSYK000000000.1	4074	699	none	0	none	none	none	none	none	none	none	none	none	none	none	none	none	none	240	18	52	0
GB_GCA_048939015.1	Archaea	Asgardarchaeota	Lokiarchaeia	Sigyniarchaeales	SOKP01	Loki-b32	Loki-b32 sp048939015	0	94.89	6.54	General	88.32	0.93	149	k__Archaea (UID2)	107	0.0	4297999	88.4504983727821	139	1450426	29.85150255083349	4859214	GB_GCA_048939015.1	t	d__Archaea;p__Asgardarchaeota;c__Lokiarchaeia;o__Sigyniarchaeales;f__SOKP01;g__Loki-b32;s__Loki-b32 sp048939015	not type material	none	f	29	27	166654	166654	42947	1	2126	JBHLPW010000046.1	none	0	none	none	2126	3016	0	92.286	JYIM01000373.485.3826	Archaea;Asgardarchaeota;Incertae Sedis;Incertae Sedis;Incertae Sedis;Incertae Sedis;Lokiarchaeum sp. GC14_75	34955	38873	f	f	t	56285	63187	Scaffold	ASM4893901v1	na	PRJNA1162170	SAMN43852930	139	56285	none	2025-03-25	GCA_048939015.1	derived from metagenome	full	H3B.172	none	none	0	0	Promethearchaeota archaeon	none	na	2	125	27	63187	34320	18099	2025-03-25	14	2053489	0	H3B.172	East china normal University	2053489	d__Archaea;p__Promethearchaeota;c__;o__;f__;g__;s__	d__Archaea;x__Promethearchaeati;p__Promethearchaeota;x__unclassified Promethearchaeota;s__Promethearchaeota archaeon	410	4859214	11	36	na	4858804	0	JBHLPW000000000.1	4464	125	none	0	none	none	none	none	none	none	none	none	none	none	none	none	none	none	410	17	36	1
GB_GCA_048938245.1	Archaea	Asgardarchaeota	Lokiarchaeia	Sigyniarchaeales	SOKP01	SOKP01	SOKP01 sp048885535	0	85.69	4.26	General	83.33	3.74	149	k__Archaea (UID2)	107	0.0	2900902	88.40819941370066	501	1051721	32.058516827108456	3281259	GB_GCA_048885535.1	f	d__Archaea;p__Asgardarchaeota;c__Lokiarchaeia;o__Sigyniarchaeales;f__SOKP01;g__SOKP01;s__SOKP01 sp048885535	not type material	none	f	122	118	33426	35874	none	0	none	none	none	0	none	none	none	none	none	none	none	none	6548	7056	f	f	t	8572	8824	Scaffold	ASM4893824v1	na	PRJNA1162170	SAMN43852839	501	8572	none	2025-03-25	GCA_048938245.1	derived from metagenome	full	DZ2M.275	none	none	0	0	Promethearchaeota archaeon	none	na	3	465	118	8824	5239	3443	2025-03-25	36	2053489	2	DZ2M.275	East china normal University	2053489	d__Archaea;p__Promethearchaeota;c__;o__;f__;g__;s__	d__Archaea;x__Promethearchaeati;p__Promethearchaeota;x__unclassified Promethearchaeota;s__Promethearchaeota archaeon	630	3281259	11	35	na	3280629	0	JBHLMJ000000000.1	3412	465	none	0	none	none	none	none	none	none	none	none	none	none	none	none	none	none	630	15	34	1
GB_GCA_030588655.1	Archaea	Asgardarchaeota	Lokiarchaeia	Sigyniarchaeales	SOKP01	SOKP01	SOKP01 sp004375715	0	69.59	1.42	General	67.4	0.07	149	k__Archaea (UID2)	107	100.0	1889247	86.94103738528068	212	689201	31.716260450313182	2173021	GB_GCA_004375715.1	f	d__Archaea;p__Asgardarchaeota;c__Lokiarchaeia;o__Sigyniarchaeales;f__SOKP01;g__SOKP01;s__SOKP01 sp004375715	not type material	none	f	47	47	44854	44854	none	0	none	none	none	0	none	none	none	none	none	none	none	none	10250	10250	f	f	t	15011	15011	Contig	ASM3058865v1	na	PRJNA950938	SAMN34042621	212	15011	none	2023-08-03	GCA_030588655.1	derived from metagenome	full	CSMAG_58	cold seep	none	0	none	Promethearchaeota archaeon	none	na	none	none	none	none	none	none	2023-08-03	0	2053489	none	CSMAG_58	Third Institute of Oceanography, Ministry of Natural Resources	2053489	d__Archaea;p__Promethearchaeota;c__;o__;f__;g__;s__	d__Archaea;x__Promethearchaeati;p__Promethearchaeota;x__unclassified Promethearchaeota;s__Promethearchaeota archaeon	0	2173021	none	none	na	2173021	0	JAUUXF000000000.1	2264	212	44136	1	none	none	none	none	none	none	1492	JAUUXF010000002.1	1462	2630	0	99.179	AY835411.1.1460	Archaea;Asgardarchaeota;Lokiarchaeia;Incertae Sedis;Incertae Sedis;Incertae Sedis;uncultured archaeon	0	14	26	0
GB_GCA_030641055.1	Archaea	Asgardarchaeota	Lokiarchaeia	Sigyniarchaeales	SOKP01	Loki-b32	Loki-b32 sp019057865	0	90.88	2.42	General	79.6	0.0	149	k__Archaea (UID2)	107	0.0	1875930	87.54585712038984	271	617447	28.81500207439156	2142797	GB_GCA_019057865.1	f	d__Archaea;p__Asgardarchaeota;c__Lokiarchaeia;o__Sigyniarchaeales;f__SOKP01;g__Loki-b32;s__Loki-b32 sp019057865	not type material	none	f	73	73	36709	36709	8101	1	937	DAOWIE010000037.1	none	0	none	none	938	1232	0	90.405	JYIM01000373.485.3826	Archaea;Asgardarchaeota;Incertae Sedis;Incertae Sedis;Incertae Sedis;Incertae Sedis;Lokiarchaeum sp. GC14_75	7907	7907	f	f	t	9317	9317	Contig	ASM3064105v1	na	PRJNA950938	SAMN34050048	271	9317	none	2023-08-03	GCA_030641055.1	derived from metagenome	full	CSMAG_2035	cold seep	none	0	none	Promethearchaeota archaeon	none	na	none	none	none	none	none	none	2023-08-03	0	2053489	none	CSMAG_2035	Third Institute of Oceanography, Ministry of Natural Resources	2053489	d__Archaea;p__Promethearchaeota;c__;o__;f__;g__;s__	d__Archaea;x__Promethearchaeati;p__Promethearchaeota;x__unclassified Promethearchaeota;s__Promethearchaeota archaeon	0	2142797	none	none	na	2142797	0	DAOWIE000000000.1	2308	271	none	0	none	none	none	none	none	none	none	none	none	none	none	none	none	none	0	14	36	0
GB_GCA_016839585.1	Archaea	Asgardarchaeota	Lokiarchaeia	Sigyniarchaeales	SOKP01	Loki-b32	Loki-b32 sp016839585	0	99.24	2.2	General	81.46	0.93	149	k__Archaea (UID2)	107	0.0	3018660	87.40833614447888	91	1007311	29.16770305037042	3453515	GB_GCA_016839585.1	t	d__Archaea;p__Asgardarchaeota;c__Lokiarchaeia;o__Sigyniarchaeales;f__SOKP01;g__Loki-b32;s__Loki-b32 sp016839585	not type material	none	f	19	19	193947	193947	25867	1	1415	JAEOTZ010000085.1	none	0	none	none	1416	1949	0	91.525	JYIM01000373.485.3826	Archaea;Asgardarchaeota;Incertae Sedis;Incertae Sedis;Incertae Sedis;Incertae Sedis;Lokiarchaeum sp. GC14_75	37950	37950	f	f	t	65529	65529	Contig	ASM1683958v1	na	PRJNA680430	SAMN16492244	91	65529	China: Rongcheng Nation Swan Nature Reserve	2021-02-09	GCA_016839585.1	derived from metagenome	full	YT5_1216	coastal marine sediment	37.350000 N 122.580000 E	0	none	Promethearchaeota archaeon	none	na	none	none	none	none	none	none	2021-02-09	0	2053489	none	YT5_1216	Shenzhen Univeristy	2053489	d__Archaea;p__Promethearchaeota;c__;o__;f__;g__;s__	d__Archaea;x__Promethearchaeati;p__Promethearchaeota;x__unclassified Promethearchaeota;s__Promethearchaeota archaeon	0	3453515	none	none	na	3453515	0	JAEOTZ000000000.1	3367	91	none	0	none	none	none	none	none	none	none	none	none	none	none	none	none	none	0	18	37	0
GB_GCA_964632315.1	Archaea	Asgardarchaeota	Lokiarchaeia	Sigyniarchaeales	SOKP01	SOKP01	SOKP01 sp964632315	0	99.49	8.57	General	87.85	6.07	149	k__Archaea (UID2)	107	0.0	3928960	88.31870406436519	148	1462151	32.886990647293985	4448616	GB_GCA_964632315.1	t	d__Archaea;p__Asgardarchaeota;c__Lokiarchaeia;o__Sigyniarchaeales;f__SOKP01;g__SOKP01;s__SOKP01 sp964632315	not type material	none	f	23	20	176059	176059	none	0	none	none	none	0	none	none	none	none	none	none	none	none	30040	37383	f	f	t	59709	66108	Scaffold	binchicken_co94_320	na	PRJEB82487	SAMEA117384832	148	59709	none	2025-01-13	GCA_964632315.1	derived from metagenome	full	binchicken_co94_320	none	none	0	none	uncultured archaeon	none	na	none	119	20	66108	44905	18831	2025-01-13	29	115547	none	binchicken_co94_320	Centre for Microbiome Research	115547	d__Archaea;p__;c__;o__;f__;g__;s__	d__Archaea;x__environmental samples;s__uncultured archaeon	2630	4448616	none	none	na	4445986	0	CAZWEM000000000.1	4280	119	none	0	none	none	none	none	none	none	none	none	none	none	none	none	none	none	2630	17	37	1
GB_GCA_016839605.1	Archaea	Asgardarchaeota	Thorarchaeia	Thorarchaeales	Thorarchaeaceae	SMTZ1-83	SMTZ1-83 sp016839605	0	80.18	4.56	General	84.9	1.4	149	k__Archaea (UID2)	107	0.0	2802442	91.06078177096008	259	1428720	46.42392603729394	3077551	GB_GCA_016839605.1	t	d__Archaea;p__Asgardarchaeota;c__Thorarchaeia;o__Thorarchaeales;f__Thorarchaeaceae;g__SMTZ1-83;s__SMTZ1-83 sp016839605	not type material	none	f	43	43	117540	117540	17105	2	1044	JAEOTX010000167.1	none	0	none	none	101	126	4.83e-27	89.109	CP024808.290855.293839	Archaea;Thermoproteota;Nitrososphaeria;Nitrosopumilales;Nitrosopumilaceae;Candidatus Nitrosotenuis;Candidatus Nitrosotenuis aquarius	11882	11882	f	f	t	19963	19963	Contig	ASM1683960v1	na	PRJNA680430	SAMN16492242	259	19963	China: Rongcheng Nation Swan Nature Reserve	2021-02-09	GCA_016839605.1	derived from metagenome	full	YT5_051	coastal marine sediment	37.350000 N 122.580000 E	0	none	Candidatus Thorarchaeota archaeon	none	na	none	none	none	none	none	none	2021-02-09	0	2053491	none	YT5_051	Shenzhen Univeristy	2053491	d__Archaea;p__Candidatus Thorarchaeota;c__;o__;f__;g__;s__	d__Archaea;x__Promethearchaeati;p__Candidatus Thorarchaeota;x__unclassified Candidatus Thorarchaeota;s__Candidatus Thorarchaeota archaeon	0	3077551	none	none	na	3077551	0	JAEOTX000000000.1	3171	259	18315	2	none	none	none	none	none	none	944	JAEOTX010000152.1	620	455	5.47e-126	80.161	AB644695.1.902	Archaea;Asgardarchaeota;Lokiarchaeia;Incertae Sedis;Incertae Sedis;Incertae Sedis;uncultured archaeon	0	13	28	0
GB_GCA_964636085.1	Archaea	Asgardarchaeota	Njordarchaeia	Njordarchaeales	Panguiarchaeaceae	Panguiarchaeum	Panguiarchaeum sp964636085	0	83.35	1.99	General	83.96	1.4	149	k__Archaea (UID2)	107	0.0	2118867	87.93497134775131	155	946752	39.326187135348256	2409584	GB_GCA_964636085.1	t	d__Archaea;p__Asgardarchaeota;c__Njordarchaeia;o__Njordarchaeales;f__Panguiarchaeaceae;g__Panguiarchaeum;s__Panguiarchaeum sp964636085	not type material	none	f	27	14	104777	179330	none	0	none	none	none	0	none	none	none	none	none	none	none	none	15531	23623	f	f	t	28218	51282	Scaffold	SRP141552_co1_149	na	PRJEB82487	SAMEA117288929	155	28218	none	2025-01-09	GCA_964636085.1	derived from metagenome	full	SRP141552_co1_149	none	none	0	none	uncultured Nitrososphaerota archaeon	none	na	none	102	14	51282	25460	9426	2025-01-09	53	651141	none	SRP141552_co1_149	Centre for Microbiome Research	651141	d__Archaea;p__Nitrososphaerota;c__;o__;f__;g__;s__	d__Archaea;x__Thermoproteati;p__Nitrososphaerota;x__environmental samples;s__uncultured Nitrososphaerota archaeon	2150	2409584	none	none	na	2407434	0	CAZWPQ000000000.1	2231	102	none	0	none	none	none	none	none	none	none	none	none	none	none	none	none	none	2150	19	43	0
GB_GCA_048883545.1	Archaea	Asgardarchaeota	Thorarchaeia	Thorarchaeales	Thorarchaeaceae	MP5-2226	MP5-2226 sp048884965	0	67.56	2.26	General	72.07	3.27	149	k__Archaea (UID2)	107	40.0	2425742	90.79446117337936	557	1179283	44.14450768600162	2671685	GB_GCA_048884965.1	f	d__Archaea;p__Asgardarchaeota;c__Thorarchaeia;o__Thorarchaeales;f__Thorarchaeaceae;g__MP5-2226;s__MP5-2226 sp048884965	not type material	none	f	167	163	22448	22448	3121	1	1162	JBHLQO010000396.1	3055	1	113	JBHLQO010000411.1	164	115	1.16e-23	79.878	AMPO01000017.17.2951	Archaea;Methanobacteriota;Methanobacteria;Methanobacteriales;Methanobacteriaceae;Methanobacterium;Methanobacterium formicicum DSM 3637	4796	4956	f	f	t	5082	5143	Scaffold	ASM4888354v1	na	PRJNA1162170	SAMN43852948	557	5082	none	2025-03-24	GCA_048883545.1	derived from metagenome	full	LCG2S.24	none	none	0	0	Candidatus Thorarchaeota archaeon	none	na	3	539	163	5143	3545	2908	2025-03-24	18	2053491	1	LCG2S.24	East china normal University	2053491	d__Archaea;p__Candidatus Thorarchaeota;c__;o__;f__;g__;s__	d__Archaea;x__Promethearchaeati;p__Candidatus Thorarchaeota;x__unclassified Candidatus Thorarchaeota;s__Candidatus Thorarchaeota archaeon	270	2671685	11	48	na	2671415	0	JBHLQO000000000.1	2991	539	none	0	none	none	none	none	none	none	none	none	none	none	none	none	none	none	270	18	48	0
GB_GCA_964491005.1	Archaea	Asgardarchaeota	Lokiarchaeia	Sigyniarchaeales	SOKP01	JAFGOA01	JAFGOA01 sp964491005	0	89.01	2.01	General	81.74	3.12	149	k__Archaea (UID2)	107	16.67	2601904	84.09102073847697	717	813775	26.30042092308329	3094152	GB_GCA_964491005.1	t	d__Archaea;p__Asgardarchaeota;c__Lokiarchaeia;o__Sigyniarchaeales;f__SOKP01;g__JAFGOA01;s__JAFGOA01 sp964491005	not type material	none	f	192	192	21750	21750	12971	1	3288	CAZBEU010000097.1	none	0	none	none	3065	3587	0	88.059	JYIM01000373.485.3826	Archaea;Asgardarchaeota;Incertae Sedis;Incertae Sedis;Incertae Sedis;Incertae Sedis;Lokiarchaeum sp. GC14_75	4315	4315	f	f	t	5315	5315	Contig	SRP185410_co1_420	na	PRJEB82487	SAMEA117290217	717	5315	none	2025-01-11	GCA_964491005.1	derived from metagenome	full	SRP185410_co1_420	none	none	0	none	uncultured archaeon	none	na	none	none	none	none	none	none	2025-01-11	0	115547	none	SRP185410_co1_420	Centre for Microbiome Research	115547	d__Archaea;p__;c__;o__;f__;g__;s__	d__Archaea;x__environmental samples;s__uncultured archaeon	0	3094152	none	none	na	3094152	0	CAZBEU000000000.1	3282	717	none	0	none	none	none	none	none	none	none	none	none	none	none	none	none	none	0	17	47	0
GB_GCA_038820475.1	Archaea	Asgardarchaeota	Jordiarchaeia	Jordiarchaeales	Freyrarchaeaceae	DTBI01	DTBI01 sp038889235	0	92.94	2.25	General	98.13	2.34	149	k__Archaea (UID2)	107	0.0	1754557	86.9198431381874	33	973425	48.22296927759548	2018592	GB_GCA_038889235.1	f	d__Archaea;p__Asgardarchaeota;c__Jordiarchaeia;o__Jordiarchaeales;f__Freyrarchaeaceae;g__DTBI01;s__DTBI01 sp038889235	not type material	none	f	3	3	545876	545876	545876	1	3064	JAWBET010000001.1	none	0	none	none	2923	2510	0	82.586	KX764886.1.3038	Archaea;Incertae Sedis;Incertae Sedis;Incertae Sedis;Incertae Sedis;Incertae Sedis;uncultured archaeon	61169	61169	f	f	t	230388	230388	Contig	ASM3882047v1	na	PRJNA544494	SAMN36038811	33	230388	none	2024-04-30	GCA_038820475.1	derived from metagenome	full	GMQP_201901_bins_15	none	none	0	0	Candidatus Jordarchaeales archaeon	none	na	2	none	none	none	none	none	2024-04-30	0	3058035	1	GMQP_201901_bins_15	The University of Texas at Austin	3058035	d__Archaea;p__;c__Candidatus Jordarchaeia;o__Candidatus Jordarchaeales;f__;g__;s__	d__Archaea;x__Promethearchaeati;x__Promethearchaeati incertae sedis;c__Candidatus Jordarchaeia;o__Candidatus Jordarchaeales;x__unclassified Candidatus Jordarchaeales;s__Candidatus Jordarchaeales archaeon	0	2018592	11	45	na	2018592	0	JAWBET000000000.1	2029	33	16699	1	none	none	none	none	none	none	1494	JAWBET010000014.1	1369	1605	0	88.093	JF935161.1.1360	Archaea;Thermoproteota;Bathyarchaeia;Incertae Sedis;Incertae Sedis;Incertae Sedis;uncultured crenarchaeote	0	18	43	0
GB_GCA_048886165.1	Archaea	Asgardarchaeota	Lokiarchaeia	Sigyniarchaeales	SOKP01	SOKP01	SOKP01 sp048887165	0	99.09	8.14	General	87.07	6.07	149	k__Archaea (UID2)	107	0.0	3533222	88.71388268709092	342	1183940	29.73306441628199	3982716	GB_GCA_048887165.1	f	d__Archaea;p__Asgardarchaeota;c__Lokiarchaeia;o__Sigyniarchaeales;f__SOKP01;g__SOKP01;s__SOKP01 sp048887165	not type material	none	f	72	69	57215	57215	none	0	none	none	none	0	none	none	none	none	none	none	none	none	11642	12292	f	f	t	18364	18869	Scaffold	ASM4888616v1	na	PRJNA1162170	SAMN43852801	342	18364	none	2025-03-24	GCA_048886165.1	derived from metagenome	full	DZ1M.246	none	none	0	0	Candidatus Heimdallarchaeota archaeon	none	na	3	324	69	18869	10077	5492	2025-03-24	18	2026747	2	DZ1M.246	East china normal University	2026747	d__Archaea;p__Candidatus Heimdallarchaeota;c__;o__;f__;g__;s__	d__Archaea;x__Promethearchaeati;p__Candidatus Heimdallarchaeota;x__unclassified Candidatus Heimdallarchaeota;s__Candidatus Heimdallarchaeota archaeon	819	3982716	11	43	na	3981897	0	JBHLKX000000000.1	3974	324	4974	1	none	none	none	none	none	none	408	JBHLKX010000237.1	408	658	0	95.833	KT907937.1.913	Archaea;Asgardarchaeota;Lokiarchaeia;Incertae Sedis;Incertae Sedis;Incertae Sedis;uncultured archaeon	819	19	45	1
GB_GCA_029856365.1	Archaea	Asgardarchaeota	Heimdallarchaeia	Hodarchaeales	Hodarchaeaceae	Hodarchaeum	Hodarchaeum sp029856365	0	83.59	4.18	General	81.78	4.67	149	k__Archaea (UID2)	107	0.0	3662010	86.29767715660535	204	1500365	35.35708924526973	4243463	GB_GCA_029856365.1	t	d__Archaea;p__Asgardarchaeota;c__Heimdallarchaeia;o__Hodarchaeales;f__Hodarchaeaceae;g__Hodarchaeum;s__Hodarchaeum sp029856365	not type material	none	f	37	37	154567	154567	none	0	none	none	none	0	none	none	none	none	none	none	none	none	20801	20801	f	f	t	28703	28703	Contig	ASM2985636v1	na	PRJNA417281	SAMN08011053	204	28703	USA:White Oak River estuary; North Carolina	2023-04-24	GCA_029856365.1	derived from metagenome	full	WORE3	marine sediment	34.640199 N 77.109447 W	0	none	Candidatus Hodarchaeota archaeon	none	na	none	none	none	none	none	none	2023-04-24	0	2800102	none	WORE3	Uppsala University	2800102	d__Archaea;p__Candidatus Hodarchaeota;c__;o__;f__;g__;s__	d__Archaea;x__Promethearchaeati;p__Candidatus Hodarchaeota;x__unclassified Candidatus Hodarchaeota;s__Candidatus Hodarchaeota archaeon	0	4243463	none	none	na	4243463	0	JAHQWW000000000.1	3927	204	none	0	none	none	none	none	none	none	none	none	none	none	none	none	none	none	0	17	42	0
GB_GCA_024276825.1	Archaea	Asgardarchaeota	Thorarchaeia	Thorarchaeales	Thorarchaeaceae	JAJRWI01	JAJRWI01 sp024276825	0	98.3	1.82	General	95.79	3.27	149	k__Archaea (UID2)	107	0.0	2656846	90.51632386348923	82	1279065	43.576579817744	2935212	GB_GCA_024276825.1	t	d__Archaea;p__Asgardarchaeota;c__Thorarchaeia;o__Thorarchaeales;f__Thorarchaeaceae;g__JAJRWI01;s__JAJRWI01 sp024276825	not type material	none	f	14	14	220534	220534	65262	1	2567	JAJRWI010000050.1	91322	1	109	JAJRWI010000003.1	2185	483	6.2e-134	71.67	CP001939.54530.57594	Archaea;Thermoproteota;Thermoproteia;Desulfurococcales;Desulfurococcaceae;Thermosphaera;Thermosphaera aggregans DSM 11486	35795	35795	f	f	t	70460	70460	Contig	ASM2427682v1	na	PRJNA771178	SAMN22253151	82	70460	Indian Ocean: Longqi hydrothermal vent field; ultraslow-spreading Southwestern Indian Ridge	2022-07-15	GCA_024276825.1	derived from metagenome	full	Dive96_bin2.169	active black smoker DFF12	37.78 S 49.64 E	0	none	archaeon	none	na	none	none	none	none	none	none	2022-07-15	0	1906665	none	Dive96_bin2.169	Second Organization of Oceanography, State Oceanic Administration	1906665	d__Archaea;p__;c__;o__;f__;g__;s__	d__Archaea;x__unclassified Archaea;s__archaeon	0	2935212	none	none	na	2935212	0	JAJRWI000000000.1	2808	82	65262	2	none	none	none	none	none	none	847	JAJRWI010000050.1	547	388	5.04e-106	79.89	AB644695.1.902	Archaea;Asgardarchaeota;Lokiarchaeia;Incertae Sedis;Incertae Sedis;Incertae Sedis;uncultured archaeon	0	19	47	1
GB_GCA_051746095.1	Archaea	Asgardarchaeota	Lokiarchaeia	Sigyniarchaeales	SOKP01	TEKIR-8	TEKIR-8 sp046497275	0	93.82	4.03	General	87.85	1.87	149	k__Archaea (UID2)	107	20.0	3218691	86.79712924440686	201	1125912	30.36201032712634	3708292	GB_GCA_046497275.1	f	d__Archaea;p__Asgardarchaeota;c__Lokiarchaeia;o__Sigyniarchaeales;f__SOKP01;g__TEKIR-8;s__TEKIR-8 sp046497275	not type material	none	f	35	35	137008	137008	6202	1	1187	JBNJEO010000146.1	none	0	none	none	939	1018	0	87.114	JYIM01000373.485.3826	Archaea;Asgardarchaeota;Incertae Sedis;Incertae Sedis;Incertae Sedis;Incertae Sedis;Lokiarchaeum sp. GC14_75	18449	18449	f	f	t	31602	31602	Contig	ASM5174609v1	na	PRJNA1202585	SAMN45962321	201	31602	none	2025-08-01	GCA_051746095.1	derived from metagenome	full	Y23_0dBSd1.bin.87	none	none	0	0	Promethearchaeati archaeon	none	na	4	none	none	none	none	none	2025-08-01	0	2591838	2	Y23_0dBSd1.bin.87	XINJIANG INSTITUTE OF ECOLOGY AND GEOGRAPHY	2591838	d__Archaea;p__;c__;o__;f__;g__;s__	d__Archaea;x__Promethearchaeati;x__unclassified Promethearchaeati;s__Promethearchaeati archaeon	0	3708292	11	41	na	3708292	0	JBNJEO000000000.1	3567	201	none	0	none	none	none	none	none	none	none	none	none	none	none	none	none	none	0	18	41	1
GB_GCA_048882505.1	Archaea	Asgardarchaeota	Heimdallarchaeia	Hodarchaeales	Hodarchaeaceae	Hodarchaeum	Hodarchaeum sp048882505	0	94.55	3.7	General	92.21	1.87	149	k__Archaea (UID2)	107	0.0	3723649	86.23869805273007	98	1774748	41.11610752404186	4317840	GB_GCA_048882505.1	t	d__Archaea;p__Asgardarchaeota;c__Heimdallarchaeia;o__Hodarchaeales;f__Hodarchaeaceae;g__Hodarchaeum;s__Hodarchaeum sp048882505	not type material	none	f	9	8	515649	515649	6326	2	2913	JBHLRO010000057.1	none	0	none	none	2920	2117	0	80.103	LJKK01000055.4920.7807	Archaea;Thermoplasmatota;Thermoplasmata;Methanomassiliicoccales;Methanomassiliicoccaceae;Methanomassiliicoccus;Methanomassiliicoccales archaeon RumEn M1	44045	52022	f	f	t	126046	140143	Scaffold	ASM4888250v1	na	PRJNA1162170	SAMN43852974	98	126046	none	2025-03-24	GCA_048882505.1	derived from metagenome	full	TM1M.79	none	none	0	0	Candidatus Thorarchaeota archaeon	none	na	4	83	8	140143	79425	30616	2025-03-24	15	2053491	2	TM1M.79	East china normal University	2053491	d__Archaea;p__Candidatus Thorarchaeota;c__;o__;f__;g__;s__	d__Archaea;x__Promethearchaeati;p__Candidatus Thorarchaeota;x__unclassified Candidatus Thorarchaeota;s__Candidatus Thorarchaeota archaeon	1410	4317840	11	43	na	4316430	0	JBHLRO000000000.1	3822	83	94553	1	none	none	none	none	none	none	1177	JBHLRO010000016.1	1130	1378	0	88.761	JQ989638.1.1405	Archaea;Asgardarchaeota;Lokiarchaeia;Odinarchaeales;Incertae Sedis;LCB-4;uncultured archaeon	1410	18	45	0
GB_GCA_964513765.1	Archaea	Asgardarchaeota	Lokiarchaeia	Sigyniarchaeales	Promethearchaeaceae	CAZEPC01	CAZEPC01 sp964513765	0	80.55	3.84	General	87.1	5.61	149	k__Archaea (UID2)	107	0.0	4738794	88.05502721481307	861	1961585	36.48959454497224	5381628	GB_GCA_964513765.1	t	d__Archaea;p__Asgardarchaeota;c__Lokiarchaeia;o__Sigyniarchaeales;f__Promethearchaeaceae;g__CAZEPC01;s__CAZEPC01 sp964513765	not type material	none	f	179	160	57579	59429	5910	1	996	CAZEPC010000317.1	none	0	none	none	536	135	7.64e-30	71.828	MDVT01000007.654100.657172	Archaea;Asgardarchaeota;Incertae Sedis;Incertae Sedis;Incertae Sedis;Incertae Sedis;Candidatus Odinarchaeota archaeon LCB_4	6243	6935	f	f	t	8760	9890	Scaffold	binchicken_co13_463	na	PRJEB82487	SAMEA117383092	861	8760	none	2025-01-15	GCA_964513765.1	derived from metagenome	full	binchicken_co13_463	none	none	0	none	uncultured archaeon	none	na	none	776	160	9890	5473	3117	2025-01-15	85	115547	none	binchicken_co13_463	Centre for Microbiome Research	115547	d__Archaea;p__;c__;o__;f__;g__;s__	d__Archaea;x__environmental samples;s__uncultured archaeon	5890	5381628	none	none	na	5375738	0	CAZEPC000000000.1	5009	776	5136	1	none	none	none	none	none	none	1039	CAZEPC010000363.1	1011	1550	0	94.362	AY835407.1.1461	Archaea;Asgardarchaeota;Lokiarchaeia;Incertae Sedis;Incertae Sedis;Incertae Sedis;uncultured archaeon	5890	18	39	0
GB_GCA_024280435.1	Archaea	Asgardarchaeota	Heimdallarchaeia	Heimdallarchaeales	Kariarchaeaceae	JAJRQD01	JAJRQD01 sp024280435	0	84.39	3.08	General	93.31	4.28	149	k__Archaea (UID2)	107	33.33	3512736	87.10414600277723	342	1323674	32.82270382860544	4032800	GB_GCA_024280435.1	t	d__Archaea;p__Asgardarchaeota;c__Heimdallarchaeia;o__Heimdallarchaeales;f__Kariarchaeaceae;g__JAJRQD01;s__JAJRQD01 sp024280435	not type material	none	f	72	72	79534	79534	24742	1	2556	JAJRQD010000042.1	none	0	none	none	2392	2121	0	83.069	BCSF01007275.2.2427	Archaea;Asgardarchaeota;Incertae Sedis;Incertae Sedis;Incertae Sedis;Incertae Sedis;uncultured marine virus	11791	11791	f	f	t	15624	15624	Contig	ASM2428043v1	na	PRJNA771178	SAMN22253143	342	15624	Indian Ocean: Longqi hydrothermal vent field; ultraslow-spreading Southwestern Indian Ridge	2022-07-15	GCA_024280435.1	derived from metagenome	full	Dive100_bin10.34	diffuse vent DFF1	37.78 S 49.65 E	0	none	archaeon	none	na	none	none	none	none	none	none	2022-07-15	0	1906665	none	Dive100_bin10.34	Second Organization of Oceanography, State Oceanic Administration	1906665	d__Archaea;p__;c__;o__;f__;g__;s__	d__Archaea;x__unclassified Archaea;s__archaeon	0	4032800	none	none	na	4032800	0	JAJRQD000000000.1	3998	342	none	0	none	none	none	none	none	none	none	none	none	none	none	none	none	none	0	19	42	0
GB_GCA_038894575.1	Archaea	Asgardarchaeota	Jordiarchaeia	Jordiarchaeales	Freyrarchaeaceae	DTBI01	DTBI01 sp038889235	0	57.9	0.58	General	59.59	0.0	149	k__Archaea (UID2)	107	0.0	519428	89.233005155445	95	261430	44.9143821201485	582103	GB_GCA_038889235.1	f	d__Archaea;p__Asgardarchaeota;c__Jordiarchaeia;o__Jordiarchaeales;f__Freyrarchaeaceae;g__DTBI01;s__DTBI01 sp038889235	not type material	none	f	27	27	19718	19718	12433	1	846	JAWAPE010000008.1	none	0	none	none	880	680	0	81.477	CP009961.1508878.1511819	Archaea;Thermoproteota;Thermoproteia;Thermoproteales;Thermofilaceae;Thermofilum;Thermofilum uzonense	6126	6396	f	f	t	6992	6992	Scaffold	ASM3889457v1	na	PRJNA544494	SAMN36038258	95	6992	none	2024-04-30	GCA_038894575.1	derived from metagenome	full	SZTDM-1c_201709_bins_65	none	none	0	0	Candidatus Jordarchaeales archaeon	none	na	1	91	27	6992	4697	3488	2024-04-30	4	3058035	0	SZTDM-1c_201709_bins_65	The University of Texas at Austin	3058035	d__Archaea;p__;c__Candidatus Jordarchaeia;o__Candidatus Jordarchaeales;f__;g__;s__	d__Archaea;x__Promethearchaeati;x__Promethearchaeati incertae sedis;c__Candidatus Jordarchaeia;o__Candidatus Jordarchaeales;x__unclassified Candidatus Jordarchaeales;s__Candidatus Jordarchaeales archaeon	40	582103	11	24	na	582063	0	JAWAPE000000000.1	685	91	none	0	none	none	none	none	none	none	none	none	none	none	none	none	none	none	40	15	24	0
GB_GCA_016840725.1	Archaea	Asgardarchaeota	Wukongarchaeia	Wukongarchaeales	Wukongarchaeaceae	Wukongarchaeum	Wukongarchaeum yapensis	0	85.2	3.68	General	85.05	6.54	149	k__Archaea (UID2)	107	15.38	1704154	83.49095890303578	284	771320	37.78898293293303	2041124	GB_GCA_016840425.1	f	d__Archaea;p__Asgardarchaeota;c__Wukongarchaeia;o__Wukongarchaeales;f__Wukongarchaeaceae;g__Wukongarchaeum;s__Wukongarchaeum yapensis	not type material	none	f	79	79	27073	27073	none	0	none	none	none	0	none	none	none	none	none	none	none	none	7187	7187	f	f	t	8740	8740	Contig	ASM1684072v1	na	PRJNA680430	SAMN16492187	284	8740	Pacific Ocean: Yap Trench	2021-02-09	GCA_016840725.1	derived from metagenome	full	Yap125.bin7.59	seawater	9.900000 N 138.510000 E	0	none	Candidatus Wukongarchaeota archaeon	none	na	none	none	none	none	none	none	2021-02-09	0	2799012	none	Yap125.bin7.59	Shenzhen Univeristy	2799012	d__Archaea;p__Candidatus Wukongarchaeota;c__;o__;f__;g__;s__	d__Archaea;x__Promethearchaeati;p__Candidatus Wukongarchaeota;x__unclassified Candidatus Wukongarchaeota;s__Candidatus Wukongarchaeota archaeon	0	2041124	none	none	na	2041124	0	JAEORU000000000.1	2246	284	none	0	none	none	none	none	none	none	none	none	none	none	none	none	none	none	0	16	41	0
GB_GCA_048885535.1	Archaea	Asgardarchaeota	Lokiarchaeia	Sigyniarchaeales	SOKP01	SOKP01	SOKP01 sp048885535	0	91.62	1.88	General	85.67	0.93	149	k__Archaea (UID2)	107	0.0	2744894	88.7282057979091	136	932260	30.158534005262684	3093598	GB_GCA_048885535.1	t	d__Archaea;p__Asgardarchaeota;c__Lokiarchaeia;o__Sigyniarchaeales;f__SOKP01;g__SOKP01;s__SOKP01 sp048885535	not type material	none	f	28	25	116697	116697	none	0	none	none	none	0	none	none	none	none	none	none	none	none	22729	27621	f	f	t	33824	41295	Scaffold	ASM4888553v1	na	PRJNA1162170	SAMN43852818	136	33824	none	2025-03-24	GCA_048885535.1	derived from metagenome	full	DZ1M.51	none	none	0	0	Candidatus Hermodarchaeota archaeon	none	na	3	112	25	41295	21540	14201	2025-03-24	24	2799008	2	DZ1M.51	East china normal University	2799008	d__Archaea;p__Candidatus Hermodarchaeota;c__;o__;f__;g__;s__	d__Archaea;x__Promethearchaeati;p__Candidatus Hermodarchaeota;x__unclassified Candidatus Hermodarchaeota;s__Candidatus Hermodarchaeota archaeon	2400	3093598	11	41	na	3091198	0	JBHLLO000000000.1	3011	112	35350	1	none	none	none	none	none	none	523	JBHLLO010000030.1	522	887	0	97.318	GQ994139.1.931	Archaea;Asgardarchaeota;Lokiarchaeia;Incertae Sedis;Incertae Sedis;Incertae Sedis;uncultured archaeon	2400	16	40	1
GB_GCA_014729055.1	Archaea	Asgardarchaeota	Lokiarchaeia	Sigyniarchaeales	Promethearchaeaceae	WJKO01	WJKO01 sp014729055	0	80.12	3.3	General	75.08	3.81	149	k__Archaea (UID2)	107	0.0	4872139	91.37053200624796	878	1833389	34.38278922346078	5332287	GB_GCA_014729055.1	t	d__Archaea;p__Asgardarchaeota;c__Lokiarchaeia;o__Sigyniarchaeales;f__Promethearchaeaceae;g__WJKO01;s__WJKO01 sp014729055	not type material	none	f	240	240	51669	51669	10141	1	1254	WJKO01000594.1	none	0	none	none	537	121	2.71e-25	71.322	CP012158.725642.729916	Archaea;Thermoproteota;Thermoproteia;Thermoproteales;Thermoproteaceae;Pyrobaculum;Pyrobaculum sp. WP30	6073	6073	f	f	t	6944	6944	Contig	ASM1472905v1	na	PRJNA561032	SAMN13151233	878	6944	Australia: Shark Bay; Hameline Pool	2020-09-24	GCA_014729055.1	derived from metagenome	full	Bin_342	microbial mat from hypersaline water environment	25.7834 S 113.2988 E	0	0	Promethearchaeota archaeon	none	na	3	none	none	none	none	none	2020-09-24	0	2053489	1	Bin_342	University of New South Wales	2053489	d__Archaea;p__Promethearchaeota;c__;o__;f__;g__;s__	d__Archaea;x__Promethearchaeati;p__Promethearchaeota;x__unclassified Promethearchaeota;s__Promethearchaeota archaeon	0	5332287	11	53	na	5332287	0	WJKO00000000.1	4892	878	12343	1	none	none	none	none	none	none	1492	WJKO01000295.1	1463	2012	0	91.524	HQ588679.1.1461	Archaea;Asgardarchaeota;Lokiarchaeia;Odinarchaeales;Incertae Sedis;LCB-4;uncultured archaeon	0	18	53	1
GB_GCA_021498095.1	Archaea	Asgardarchaeota	Lokiarchaeia	Sigyniarchaeales	Promethearchaeaceae	Harpocratesius	Harpocratesius repetitus	0	93.56	4.49	General	93.93	3.27	149	k__Archaea (UID2)	107	0.0	3730498	85.5327485936556	2	1352780	31.016571228770083	4361485	GB_GCA_021498095.1	t	d__Archaea;p__Asgardarchaeota;c__Lokiarchaeia;o__Sigyniarchaeales;f__Promethearchaeaceae;g__Harpocratesius;s__Harpocratesius repetitus	type strain of species	LPSN	f	1	1	4226757	4361485	4361485	2	3086	JAIZWK010000001.1-#1	none	0	none	none	2912	641	0	71.326	KX764886.1.3038	Archaea;Incertae Sedis;Incertae Sedis;Incertae Sedis;Incertae Sedis;Incertae Sedis;uncultured archaeon	2180737	4361485	f	f	t	4226757	4361485	Scaffold	ASM2149809v1	na	PRJNA721962	SAMN21379713	2	4226757	Mexico: Gulf of California; Pescadero basin Auka vent field	2022-01-18	GCA_021498095.1	derived from metagenome	full	FW102	rock	23.956988 N 108.862548 W	0	0	Candidatus Harpocratesius repetitus	none	na	7	1	1	4361485	4361485	4361485	2022-01-18	1	3049170	2	FW102	California Institute of Technology	3049170	d__Archaea;p__Promethearchaeota;c__Promethearchaeia;o__Promethearchaeales;f__Promethearchaeaceae;g__Candidatus Harpocratesius;s__Candidatus Harpocratesius repetitus	d__Archaea;x__Promethearchaeati;p__Promethearchaeota;c__Promethearchaeia;o__Promethearchaeales;f__Promethearchaeaceae;g__Candidatus Harpocratesius;s__Candidatus Harpocratesius repetitus	10	4361485	11	41	assembly from type material	4361475	0	JAIZWK000000000.1	3706	1	4361485	2	none	none	none	none	none	none	1495	JAIZWK010000001.1	1464	2593	0	98.634	KP090998.1.1464	Archaea;Asgardarchaeota;Lokiarchaeia;Incertae Sedis;Incertae Sedis;Incertae Sedis;uncultured archaeon	10	19	41	1
GB_GCA_005223125.1	Archaea	Asgardarchaeota	Lokiarchaeia	Sigyniarchaeales	SOKP01	Loki-b32	Loki-b32 sp005223125	0	95.5	4.61	General	89.25	3.27	149	k__Archaea (UID2)	107	0.0	3552763	86.02781646691449	72	1232788	29.851221882843955	4129784	GB_GCA_005223125.1	t	d__Archaea;p__Asgardarchaeota;c__Lokiarchaeia;o__Sigyniarchaeales;f__SOKP01;g__Loki-b32;s__Loki-b32 sp005223125	not type material	none	f	13	13	244494	244494	149096	3	3177	NJBH01000007.1	32968	1	104	NJBH01000039.1	2140	3020	0	92.15	JYIM01000373.485.3826	Archaea;Asgardarchaeota;Incertae Sedis;Incertae Sedis;Incertae Sedis;Incertae Sedis;Lokiarchaeum sp. GC14_75	57357	58165	f	f	t	97598	97598	Scaffold	ASM522312v1	na	PRJNA383916	SAMN07236659	72	97598	China: the north of the South China Sea	2019-05-07	GCA_005223125.1	derived from metagenome	full	Loki_b32	marine sediment	22.17 N 118.4 E	0	0	Promethearchaeota archaeon Loki_b32	none	na	4	71	13	97598	53413	25026	2019-05-07	1	2012491	1	Loki_b32	Institute of Deep-Sea Science and Engineering, Chinese Academy of Sciences	2012491	d__Archaea;p__Promethearchaeota;c__;o__;f__;g__;s__	d__Archaea;x__Promethearchaeati;p__Promethearchaeota;x__unclassified Promethearchaeota;s__Promethearchaeota archaeon Loki_b32	10	4129784	11	25	na	4129774	0	NJBH00000000.1	4072	71	114219	1	none	none	none	none	none	none	565	NJBH01000010.1	565	1031	0	99.646	GQ994357.1.934	Archaea;Asgardarchaeota;Lokiarchaeia;Incertae Sedis;Incertae Sedis;Incertae Sedis;uncultured archaeon	10	17	40	0
GB_GCA_016840315.1	Archaea	Asgardarchaeota	Sifarchaeia	Borrarchaeales	Borrarchaeaceae	Borrarchaeum	Borrarchaeum sp016840315	0	76.66	1.92	General	75.78	0.0	149	k__Archaea (UID2)	107	0.0	1444270	84.82024875171929	181	657415	38.60919622585218	1702742	GB_GCA_016840315.1	t	d__Archaea;p__Asgardarchaeota;c__Sifarchaeia;o__Borrarchaeales;f__Borrarchaeaceae;g__Borrarchaeum;s__Borrarchaeum sp016840315	not type material	none	f	37	37	44897	44897	none	0	none	none	none	0	none	none	none	none	none	none	none	none	9407	9407	f	f	t	13999	13999	Contig	ASM1684031v1	na	PRJNA680430	SAMN16492207	181	13999	Pacific Ocean: Yap Trench	2021-02-09	GCA_016840315.1	derived from metagenome	full	Yap75.bin3.45	seawater	9.900000 N 138.510000 E	0	none	Candidatus Borrarchaeota archaeon	none	na	none	none	none	none	none	none	2021-02-09	0	2799003	none	Yap75.bin3.45	Shenzhen Univeristy	2799003	d__Archaea;p__Candidatus Borrarchaeota;c__;o__;f__;g__;s__	d__Archaea;x__Promethearchaeati;p__Candidatus Borrarchaeota;x__unclassified Candidatus Borrarchaeota;s__Candidatus Borrarchaeota archaeon	0	1702742	none	none	na	1702742	0	JAEOSO000000000.1	1678	181	none	0	none	none	none	none	none	none	none	none	none	none	none	none	none	none	0	14	25	0
GB_GCA_048941475.1	Archaea	Asgardarchaeota	Lokiarchaeia	Sigyniarchaeales	SOKP01	SOKP01	SOKP01 sp048885575	0	84.66	3.26	General	81.78	2.41	149	k__Archaea (UID2)	107	50.0	2383916	88.27951820792188	444	850562	31.520064273268115	2700418	GB_GCA_048885575.1	f	d__Archaea;p__Asgardarchaeota;c__Lokiarchaeia;o__Sigyniarchaeales;f__SOKP01;g__SOKP01;s__SOKP01 sp048885575	not type material	none	f	123	119	33328	33328	none	0	none	none	none	0	none	none	none	none	none	none	none	none	6077	6414	f	f	t	6985	7267	Scaffold	ASM4894147v1	na	PRJNA1162170	SAMN43852870	444	6985	none	2025-03-25	GCA_048941475.1	derived from metagenome	full	DZ2S.340	none	none	0	0	Promethearchaeota archaeon	none	na	0	421	119	7267	4680	3586	2025-03-25	23	2053489	0	DZ2S.340	East china normal University	2053489	d__Archaea;p__Promethearchaeota;c__;o__;f__;g__;s__	d__Archaea;x__Promethearchaeati;p__Promethearchaeota;x__unclassified Promethearchaeota;s__Promethearchaeota archaeon	1940	2700418	11	25	na	2698478	0	JBHLNO000000000.1	2824	421	none	0	none	none	none	none	none	none	none	none	none	none	none	none	none	none	1940	13	25	0
GB_GCA_013388835.1	Archaea	Asgardarchaeota	Thorarchaeia	Thorarchaeales	Thorarchaeaceae	JACAEL01	JACAEL01 sp013388835	0	97.58	3.13	General	94.39	3.74	149	k__Archaea (UID2)	107	0.0	2664532	88.43346046977202	125	1632582	54.18395266435581	3013036	GB_GCA_013388835.1	t	d__Archaea;p__Asgardarchaeota;c__Thorarchaeia;o__Thorarchaeales;f__Thorarchaeaceae;g__JACAEL01;s__JACAEL01 sp013388835	not type material	none	f	16	16	235004	235004	none	0	none	none	none	0	none	none	none	none	none	none	none	none	24104	24104	f	f	t	46934	46934	Contig	ASM1338883v1	na	PRJNA564648	SAMN14673731	125	46934	Canada: Liard River	2020-07-04	GCA_013388835.1	derived from metagenome	full	L.E.AR.5	hot spring sediment	59.431 N 126.1 W	0	0	Candidatus Thorarchaeota archaeon	none	na	3	none	none	none	none	none	2020-07-04	0	2053491	1	L.E.AR.5	University of British Columbia	2053491	d__Archaea;p__Candidatus Thorarchaeota;c__;o__;f__;g__;s__	d__Archaea;x__Promethearchaeati;p__Candidatus Thorarchaeota;x__unclassified Candidatus Thorarchaeota;s__Candidatus Thorarchaeota archaeon	0	3013036	11	42	na	3013036	0	JACAEL000000000.1	2946	125	89838	1	none	none	none	none	none	none	1499	JACAEL010000012.1	951	477	1.88e-132	76.236	JQ989390.1.1424	Archaea;Asgardarchaeota;Lokiarchaeia;Incertae Sedis;Incertae Sedis;Incertae Sedis;uncultured archaeon	0	18	41	1
GB_GCA_003662765.1	Archaea	Asgardarchaeota	Thorarchaeia	Thorarchaeales	Thorarchaeaceae	B65-G9	B65-G9 sp003662765	0	87.3	5.98	General	85.05	5.64	149	k__Archaea (UID2)	107	38.46	2103487	90.56156265404924	205	1249025	53.77435458073849	2322715	GB_GCA_003662765.1	t	d__Archaea;p__Asgardarchaeota;c__Thorarchaeia;o__Thorarchaeales;f__Thorarchaeaceae;g__B65-G9;s__B65-G9 sp003662765	not type material	none	f	57	57	63079	63079	34050	1	3058	QMYR01000004.1	none	0	none	none	2287	470	5.76e-130	71.054	CP002590.1327489.1330509	Archaea;Thermoproteota;Thermoproteia;Thermoproteales;Thermoproteaceae;Thermoproteus;Thermoproteus uzoniensis 768-20	11330	11330	f	f	t	13275	13275	Contig	ASM366276v1	na	PRJNA362212	SAMN09215305	205	13275	Mexico: Guaymas Basin; Gulf of California	2018-10-15	GCA_003662765.1	derived from metagenome	full	B65_G9	deep-sea hydrothermal vent sediments from dive 4571_4 depth 0-3 cm	29.52416667 N 113.57000000 W	0	0	Candidatus Thorarchaeota archaeon	none	na	3	none	none	none	none	none	2018-10-15	0	2053491	1	B65_G9	The University of Texas at Austin	2053491	d__Archaea;p__Candidatus Thorarchaeota;c__;o__;f__;g__;s__	d__Archaea;x__Promethearchaeati;p__Candidatus Thorarchaeota;x__unclassified Candidatus Thorarchaeota;s__Candidatus Thorarchaeota archaeon	0	2322715	11	35	na	2322715	0	QMYR00000000.1	2463	205	32754	1	none	none	none	none	none	none	1113	QMYR01000005.1	571	381	1.12e-103	78.984	AB644695.1.902	Archaea;Asgardarchaeota;Lokiarchaeia;Incertae Sedis;Incertae Sedis;Incertae Sedis;uncultured archaeon	0	17	41	1
GB_GCA_024720955.1	Archaea	Asgardarchaeota	Njordarchaeia	Njordarchaeales	Panguiarchaeaceae	Panguiarchaeum	Panguiarchaeum symbiosum	0	79.49	2.79	General	83.81	1.87	149	k__Archaea (UID2)	107	33.33	1249383	87.45769332270255	66	573988	40.26835844078217	1428557	GB_GCA_024720975.1	f	d__Archaea;p__Asgardarchaeota;c__Njordarchaeia;o__Njordarchaeales;f__Panguiarchaeaceae;g__Panguiarchaeum;s__Panguiarchaeum symbiosum	not type material	none	f	10	5	106043	218782	218782	1	2979	JANJXY010000001.1	none	0	none	none	2950	1088	0	74.102	CP000504.1594574.1597615	Archaea;Thermoproteota;Thermoproteia;Thermoproteales;Thermoproteaceae;Pyrobaculum;Pyrobaculum islandicum DSM 4184	21597	42016	f	f	t	44079	106043	Scaffold	ASM2472095v1	na	PRJNA544494	SAMN28868077	66	44079	China: Tengchong county; Yunnan; ShuiReBaoZha-1 pool	2022-08-19	GCA_024720955.1	derived from metagenome	full	SRBZ-1.bin_73	hot spring sediment	24.95 N 98.44 E	0	0	Thermoproteota archaeon	none	na	2	34	5	106043	59196	19017	2022-08-19	32	2056631	1	SRBZ-1.bin_73	The University of Texas at Austin	2056631	d__Archaea;p__Thermoproteota;c__;o__;f__;g__;s__	d__Archaea;x__Thermoproteati;p__Thermoproteota;x__unclassified Thermoproteota;s__Thermoproteota archaeon	3150	1428557	11	46	na	1425407	0	JANJXY000000000.1	1347	34	218782	1	none	none	none	none	none	none	1515	JANJXY010000001.1	1399	992	0	79.914	DQ228522.1.1438	Archaea;Incertae Sedis;Incertae Sedis;Incertae Sedis;Incertae Sedis;Incertae Sedis;uncultured archaeon	3150	19	46	0
GB_GCA_019058445.1	Archaea	Asgardarchaeota	Lokiarchaeia	Sigyniarchaeales	SOKP01	LW40-45	LW40-45 sp019058445	0	92.57	4.27	General	85.05	1.87	149	k__Archaea (UID2)	107	20.0	4040177	87.60541733370715	15	1429298	30.99562833732607	4611789	GB_GCA_019058445.1	t	d__Archaea;p__Asgardarchaeota;c__Lokiarchaeia;o__Sigyniarchaeales;f__SOKP01;g__LW40-45;s__LW40-45 sp019058445	not type material	none	f	3	3	1132842	1276219	none	0	none	none	none	0	none	none	none	none	none	none	none	none	307419	461178	f	f	t	582309	700034	Scaffold	ASM1905844v1	na	PRJNA678545	SAMN19664023	15	582309	Australia: Lake Weyba; Sunshine Coast	2021-06-29	GCA_019058445.1	derived from metagenome	full	LW40_45	Saline water lake sediment	26.44 S 153.06 E	0	none	Promethearchaeota archaeon	none	na	none	10	3	700034	498135	192414	2021-06-29	5	2053489	none	LW40_45	The University of Queensland	2053489	d__Archaea;p__Promethearchaeota;c__;o__;f__;g__;s__	d__Archaea;x__Promethearchaeati;p__Promethearchaeota;x__unclassified Promethearchaeota;s__Promethearchaeota archaeon	500	4611789	none	none	na	4611289	0	JAHPZA000000000.1	4165	10	none	0	none	none	none	none	none	none	none	none	none	none	none	none	none	none	500	17	34	0
GB_GCA_019058015.1	Archaea	Asgardarchaeota	Lokiarchaeia	Sigyniarchaeales	SOKP01	6H3-1	6H3-1 sp019058015	0	94.44	3.4	General	91.74	4.21	149	k__Archaea (UID2)	107	28.57	3295841	85.80068185675802	283	1128950	29.389973540042423	3841276	GB_GCA_019058015.1	t	d__Archaea;p__Asgardarchaeota;c__Lokiarchaeia;o__Sigyniarchaeales;f__SOKP01;g__6H3-1;s__6H3-1 sp019058015	not type material	none	f	48	48	98255	98255	46220	1	3193	JAHLWH010000095.1	none	0	none	none	1848	1572	0	82.413	JYIM01000373.485.3826	Archaea;Asgardarchaeota;Incertae Sedis;Incertae Sedis;Incertae Sedis;Incertae Sedis;Lokiarchaeum sp. GC14_75	13573	13573	f	f	t	25082	25082	Contig	ASM1905801v1	na	PRJNA678552	SAMN19663741	283	25082	New Zealand: Hikurangi Subduction Margin	2021-06-29	GCA_019058015.1	derived from metagenome	full	6H3_1	sediment collected in IODP Expedition 375 from site U1519E; depth 42.77 mbsf	38.72 S 178.61 E	0	none	Promethearchaeota archaeon	none	na	none	none	none	none	none	none	2021-06-29	0	2053489	none	6H3_1	The University of Queensland	2053489	d__Archaea;p__Promethearchaeota;c__;o__;f__;g__;s__	d__Archaea;x__Promethearchaeati;p__Promethearchaeota;x__unclassified Promethearchaeota;s__Promethearchaeota archaeon	0	3841276	none	none	na	3841276	0	JAHLWH000000000.1	3892	283	41471	2	none	none	none	none	none	none	1022	JAHLWH010000117.1	1032	1681	0	96.221	HQ700686.1.1314	Archaea;Asgardarchaeota;Lokiarchaeia;Incertae Sedis;Incertae Sedis;Incertae Sedis;uncultured crenarchaeote	0	17	43	1
GB_GCA_024720895.1	Archaea	Asgardarchaeota	Njordarchaeia	Njordarchaeales	Panguiarchaeaceae	Panguiarchaeum	Panguiarchaeum symbiosum	0	79.97	1.58	General	83.81	0.93	149	k__Archaea (UID2)	107	0.0	1268446	88.96118924817756	71	576698	40.44642005509765	1425842	GB_GCA_024720975.1	f	d__Archaea;p__Asgardarchaeota;c__Njordarchaeia;o__Njordarchaeales;f__Panguiarchaeaceae;g__Panguiarchaeum;s__Panguiarchaeum symbiosum	not type material	none	f	6	6	265775	265775	265775	1	2979	JANJXZ010000001.1	none	0	none	none	2950	1088	0	74.102	CP000504.1594574.1597615	Archaea;Thermoproteota;Thermoproteia;Thermoproteales;Thermoproteaceae;Pyrobaculum;Pyrobaculum islandicum DSM 4184	20082	20369	f	f	t	50799	50799	Scaffold	ASM2472089v1	na	PRJNA544494	SAMN28868078	71	50799	China: Tengchong county; Yunnan; ShuiReBaoZha-1 pool	2022-08-19	GCA_024720895.1	derived from metagenome	full	SRBZ-1.bin_65	hot spring sediment	24.95 N 98.44 E	0	0	Thermoproteota archaeon	none	na	2	70	6	50799	19504	7906	2022-08-19	1	2056631	1	SRBZ-1.bin_65	The University of Texas at Austin	2056631	d__Archaea;p__Thermoproteota;c__;o__;f__;g__;s__	d__Archaea;x__Thermoproteati;p__Thermoproteota;x__unclassified Thermoproteota;s__Thermoproteota archaeon	10	1425842	11	48	na	1425832	0	JANJXZ000000000.1	1379	70	265775	1	none	none	none	none	none	none	1515	JANJXZ010000001.1	1399	992	0	79.914	DQ228522.1.1438	Archaea;Incertae Sedis;Incertae Sedis;Incertae Sedis;Incertae Sedis;Incertae Sedis;uncultured archaeon	10	19	48	0
GB_GCA_019058055.1	Archaea	Asgardarchaeota	Lokiarchaeia	Sigyniarchaeales	SOKP01	Loki-b32	Loki-b32 sp019057865	0	100.0	1.83	General	87.25	4.28	149	k__Archaea (UID2)	107	42.86	2489940	86.75298738845963	444	833959	29.056296380431817	2870149	GB_GCA_019057865.1	f	d__Archaea;p__Asgardarchaeota;c__Lokiarchaeia;o__Sigyniarchaeales;f__SOKP01;g__Loki-b32;s__Loki-b32 sp019057865	not type material	none	f	118	118	26645	26645	2713	1	877	JAHLWG010000125.1	none	0	none	none	878	1127	0	89.863	JYIM01000373.485.3826	Archaea;Asgardarchaeota;Incertae Sedis;Incertae Sedis;Incertae Sedis;Incertae Sedis;Lokiarchaeum sp. GC14_75	6464	6464	f	f	t	7790	7790	Contig	ASM1905805v1	na	PRJNA678552	SAMN19663740	444	7790	New Zealand: Hikurangi Subduction Margin	2021-06-29	GCA_019058055.1	derived from metagenome	full	3H5_20	sediment collected in IODP Expedition 375 from site U1519E; depth 20.83 mbsf	38.72 S 178.61 E	0	none	Promethearchaeota archaeon	none	na	none	none	none	none	none	none	2021-06-29	0	2053489	none	3H5_20	The University of Queensland	2053489	d__Archaea;p__Promethearchaeota;c__;o__;f__;g__;s__	d__Archaea;x__Promethearchaeati;p__Promethearchaeota;x__unclassified Promethearchaeota;s__Promethearchaeota archaeon	0	2870149	none	none	na	2870149	0	JAHLWG000000000.1	3195	444	none	0	none	none	none	none	none	none	none	none	none	none	none	none	none	none	0	13	35	0
GB_GCA_016840545.1	Archaea	Asgardarchaeota	Lokiarchaeia	Sigyniarchaeales	SOKP01	SOKP01	SOKP01 sp016840545	0	92.1	2.14	General	74.45	1.4	149	k__Archaea (UID2)	107	0.0	2557014	88.7213474467857	220	852926	29.594184463752303	2882073	GB_GCA_016840545.1	t	d__Archaea;p__Asgardarchaeota;c__Lokiarchaeia;o__Sigyniarchaeales;f__SOKP01;g__SOKP01;s__SOKP01 sp016840545	not type material	none	f	55	55	54789	54789	none	0	none	none	none	0	none	none	none	none	none	none	none	none	13100	13100	f	f	t	17704	17704	Contig	ASM1684054v1	na	PRJNA680430	SAMN16492196	220	17704	Pacific Ocean: Yap Trench	2021-02-09	GCA_016840545.1	derived from metagenome	full	Yap2000.bin6.138	seawater	9.900000 N 138.510000 E	0	none	Promethearchaeota archaeon	none	na	none	none	none	none	none	none	2021-02-09	0	2053489	none	Yap2000.bin6.138	Shenzhen Univeristy	2053489	d__Archaea;p__Promethearchaeota;c__;o__;f__;g__;s__	d__Archaea;x__Promethearchaeati;p__Promethearchaeota;x__unclassified Promethearchaeota;s__Promethearchaeota archaeon	0	2882073	none	none	na	2882073	0	JAEOSD000000000.1	2912	220	6200	2	none	none	none	none	none	none	719	JAEOSD010000163.1	719	1206	0	96.94	JYIM01000321.1.1179	Archaea;Asgardarchaeota;Lokiarchaeia;Incertae Sedis;Incertae Sedis;Incertae Sedis;Lokiarchaeum sp. GC14_75	0	18	37	0
GB_GCA_030587465.1	Archaea	Asgardarchaeota	Hermodarchaeia	Hermodarchaeales	Hermodarchaeaceae	Hermodarchaeum	Hermodarchaeum yapensis	0	88.72	6.32	General	92.99	5.61	149	k__Archaea (UID2)	107	10.0	2453072	88.59962524144765	243	1234893	44.601649284361415	2768716	GB_GCA_016840405.1	f	d__Archaea;p__Asgardarchaeota;c__Hermodarchaeia;o__Hermodarchaeales;f__Hermodarchaeaceae;g__Hermodarchaeum;s__Hermodarchaeum yapensis	not type material	none	f	53	53	57168	57168	none	0	none	none	19564	1	102	JAUQZA010000049.1	none	none	none	none	none	none	11393	11393	f	f	t	16728	16728	Contig	ASM3058746v1	na	PRJNA923143	SAMN32689774	243	16728	China: Tengchong County; Yunnan	2023-08-02	GCA_030587465.1	derived from metagenome	full	LGG_330	hot spring sediment	24.95 N 98.44 E	0	0	Candidatus Hermodarchaeota archaeon	none	na	3	none	none	none	none	none	2023-08-02	0	2799008	1	LGG_330	an eLibrary of Microbial Systematics and Genomics	2799008	d__Archaea;p__Candidatus Hermodarchaeota;c__;o__;f__;g__;s__	d__Archaea;x__Promethearchaeati;p__Candidatus Hermodarchaeota;x__unclassified Candidatus Hermodarchaeota;s__Candidatus Hermodarchaeota archaeon	0	2768716	11	46	na	2768716	0	JAUQZA000000000.1	2941	243	12162	1	none	none	none	none	none	none	546	JAUQZA010000225.1	540	893	0	96.481	JQ258219.1.1034	Archaea;Asgardarchaeota;Lokiarchaeia;Odinarchaeales;Incertae Sedis;LCB-4;uncultured archaeon	0	19	46	0
GB_GCA_964413395.1	Archaea	Asgardarchaeota	Lokiarchaeia	Sigyniarchaeales	Promethearchaeaceae	Lokiarchaeum	Lokiarchaeum sp964413395	0	85.54	3.73	General	89.25	4.52	149	k__Archaea (UID2)	107	0.0	4173268	84.25874029865211	1279	1432846	28.948664642264745	4952920	GB_GCA_964413395.1	t	d__Archaea;p__Asgardarchaeota;c__Lokiarchaeia;o__Sigyniarchaeales;f__Promethearchaeaceae;g__Lokiarchaeum;s__Lokiarchaeum sp964413395	not type material	none	f	293	269	34116	34116	10397	1	3163	CAYPTZ010000061.1	none	0	none	none	560	326	1.37e-86	77.679	LDZU01000522.2160.5072	Archaea;Halobacteriota;Methanosarcinia;Methanosarcinales;Methanosaetaceae;Methanothrix;terrestrial metagenome	3869	4321	f	f	t	5046	5497	Scaffold	binchicken_co116_149	na	PRJEB82487	SAMEA117382748	1279	5046	none	2025-01-14	GCA_964413395.1	derived from metagenome	full	binchicken_co116_149	none	none	0	none	uncultured archaeon	none	na	none	1146	269	5497	3091	2062	2025-01-14	133	115547	none	binchicken_co116_149	Centre for Microbiome Research	115547	d__Archaea;p__;c__;o__;f__;g__;s__	d__Archaea;x__environmental samples;s__uncultured archaeon	3310	4952920	none	none	na	4949610	0	CAYPTZ000000000.1	4968	1146	none	0	none	none	none	none	none	none	none	none	none	none	none	none	none	none	3310	19	43	1
GB_GCA_048941465.1	Archaea	Asgardarchaeota	Lokiarchaeia	Sigyniarchaeales	SOKP01	SOKP01	SOKP01 sp048885535	0	99.97	3.31	General	90.34	2.34	149	k__Archaea (UID2)	107	0.0	3035557	88.96330607286619	135	1035441	30.35553620664635	3412145	GB_GCA_048885535.1	f	d__Archaea;p__Asgardarchaeota;c__Lokiarchaeia;o__Sigyniarchaeales;f__SOKP01;g__SOKP01;s__SOKP01 sp048885535	not type material	none	f	27	26	133343	133343	none	0	none	none	none	0	none	none	none	none	none	none	none	none	25267	27517	f	f	t	42812	44806	Scaffold	ASM4894146v1	na	PRJNA1162170	SAMN43852869	135	42812	none	2025-03-25	GCA_048941465.1	derived from metagenome	full	DZ2S.321	none	none	0	0	Promethearchaeota archaeon	none	na	4	124	26	44806	21684	14470	2025-03-25	11	2053489	2	DZ2S.321	East china normal University	2053489	d__Archaea;p__Promethearchaeota;c__;o__;f__;g__;s__	d__Archaea;x__Promethearchaeati;p__Promethearchaeota;x__unclassified Promethearchaeota;s__Promethearchaeota archaeon	1100	3412145	11	39	na	3411045	0	JBHLNN000000000.1	3272	124	61366	1	none	none	none	none	none	none	492	JBHLNN010000012.1	491	830	0	97.149	GQ994139.1.931	Archaea;Asgardarchaeota;Lokiarchaeia;Incertae Sedis;Incertae Sedis;Incertae Sedis;uncultured archaeon	1100	15	38	1
GB_GCA_011364975.1	Archaea	Asgardarchaeota	Lokiarchaeia	Sigyniarchaeales	SOKP01	SOKP01	SOKP01 sp011364975	0	99.25	6.09	General	86.45	2.34	149	k__Archaea (UID2)	107	0.0	3306661	88.33875655862961	204	1146293	30.623998161961147	3743160	GB_GCA_011364975.1	t	d__Archaea;p__Asgardarchaeota;c__Lokiarchaeia;o__Sigyniarchaeales;f__SOKP01;g__SOKP01;s__SOKP01 sp011364975	not type material	none	f	36	36	112706	112706	32109	1	2993	RDOE01000038.1	none	0	none	none	2750	3563	0	90.182	JYIM01000373.485.3826	Archaea;Asgardarchaeota;Incertae Sedis;Incertae Sedis;Incertae Sedis;Incertae Sedis;Lokiarchaeum sp. GC14_75	18348	18715	f	f	t	33457	33457	Scaffold	ASM1136497v1	na	PRJNA495098	SAMN10218974	204	33457	China: Shenzhen	2020-03-16	GCA_011364975.1	derived from metagenome	full	SZ_4_bin8.338	intertidal mangrove sediment	22.5288 N 114.0300 E	0	0	Promethearchaeota archaeon	none	na	1	200	36	33457	15277	8100	2020-03-16	4	2053489	0	SZ_4_bin8.338	Shenzhen University	2053489	d__Archaea;p__Promethearchaeota;c__;o__;f__;g__;s__	d__Archaea;x__Promethearchaeati;p__Promethearchaeota;x__unclassified Promethearchaeota;s__Promethearchaeota archaeon	40	3743160	11	26	na	3743120	0	RDOE00000000.1	3602	200	5165	1	none	none	none	none	none	none	753	RDOE01000165.1	751	1066	0	92.41	JQ245940.1.936	Archaea;Asgardarchaeota;Lokiarchaeia;Incertae Sedis;Incertae Sedis;Incertae Sedis;uncultured archaeon	40	14	33	0
GB_GCA_016839745.1	Archaea	Asgardarchaeota	Lokiarchaeia	Sigyniarchaeales	SOKP01	SOKP01	SOKP01 sp016839745	0	89.16	5.76	General	79.91	0.0	149	k__Archaea (UID2)	107	0.0	3143311	89.09495511112951	192	1140954	32.33954432566922	3528046	GB_GCA_016839745.1	t	d__Archaea;p__Asgardarchaeota;c__Lokiarchaeia;o__Sigyniarchaeales;f__SOKP01;g__SOKP01;s__SOKP01 sp016839745	not type material	none	f	32	32	94285	94285	none	0	none	none	none	0	none	none	none	none	none	none	none	none	18375	18375	f	f	t	36280	36280	Contig	ASM1683974v1	na	PRJNA680430	SAMN16492237	192	36280	China: Rongcheng Nation Swan Nature Reserve	2021-02-09	GCA_016839745.1	derived from metagenome	full	YT5_023	coastal marine sediment	37.350000 N 122.580000 E	0	none	Promethearchaeota archaeon	none	na	none	none	none	none	none	none	2021-02-09	0	2053489	none	YT5_023	Shenzhen Univeristy	2053489	d__Archaea;p__Promethearchaeota;c__;o__;f__;g__;s__	d__Archaea;x__Promethearchaeati;p__Promethearchaeota;x__unclassified Promethearchaeota;s__Promethearchaeota archaeon	0	3528046	none	none	na	3528046	0	JAEOTS000000000.1	3429	192	none	0	none	none	none	none	none	none	none	none	none	none	none	none	none	none	0	14	29	0
GB_GCA_014730165.1	Archaea	Asgardarchaeota	Lokiarchaeia	Sigyniarchaeales	SOKP01	TEKIR-8	TEKIR-8 sp014730165	0	97.79	4.94	General	92.52	4.67	149	k__Archaea (UID2)	107	12.5	3985453	85.6451235105137	392	1439522	30.93451095423825	4653450	GB_GCA_014730165.1	t	d__Archaea;p__Asgardarchaeota;c__Lokiarchaeia;o__Sigyniarchaeales;f__SOKP01;g__TEKIR-8;s__TEKIR-8 sp014730165	not type material	none	f	86	86	79990	79990	46388	1	2179	WJIS01000243.1	none	0	none	none	1930	2501	0	90.155	JYIM01000373.485.3826	Archaea;Asgardarchaeota;Incertae Sedis;Incertae Sedis;Incertae Sedis;Incertae Sedis;Lokiarchaeum sp. GC14_75	11871	11871	f	f	t	16520	16520	Contig	ASM1473016v1	na	PRJNA561032	SAMN13151185	392	16520	Australia: Shark Bay; Hameline Pool	2020-09-24	GCA_014730165.1	derived from metagenome	full	Bin_204	microbial mat from hypersaline water environment	25.7834 S 113.2988 E	0	0	Promethearchaeota archaeon	none	na	2	none	none	none	none	none	2020-09-24	0	2053489	1	Bin_204	University of New South Wales	2053489	d__Archaea;p__Promethearchaeota;c__;o__;f__;g__;s__	d__Archaea;x__Promethearchaeati;p__Promethearchaeota;x__unclassified Promethearchaeota;s__Promethearchaeota archaeon	0	4653450	11	40	na	4653450	0	WJIS00000000.1	4438	392	none	0	none	none	none	none	none	none	none	none	none	none	none	none	none	none	0	15	39	1
GB_GCA_048884925.1	Archaea	Asgardarchaeota	Thorarchaeia	Thorarchaeales	Thorarchaeaceae	SMTZ1-83	SMTZ1-83 sp048884925	0	83.62	3.48	General	85.66	3.74	149	k__Archaea (UID2)	107	0.0	2668213	90.41256078556415	287	1359515	46.08052122104069	2951153	GB_GCA_048884925.1	t	d__Archaea;p__Asgardarchaeota;c__Thorarchaeia;o__Thorarchaeales;f__Thorarchaeaceae;g__SMTZ1-83;s__SMTZ1-83 sp048884925	not type material	none	f	72	70	46868	46868	none	0	none	none	none	0	none	none	none	none	none	none	none	none	10279	10770	f	f	t	12964	13468	Scaffold	ASM4888492v1	na	PRJNA1162170	SAMN43852944	287	12964	none	2025-03-24	GCA_048884925.1	derived from metagenome	full	LCG1B.545	none	none	0	0	Candidatus Thorarchaeota archaeon	none	na	4	274	70	13468	8420	5425	2025-03-24	13	2053491	2	LCG1B.545	East china normal University	2053491	d__Archaea;p__Candidatus Thorarchaeota;c__;o__;f__;g__;s__	d__Archaea;x__Promethearchaeati;p__Candidatus Thorarchaeota;x__unclassified Candidatus Thorarchaeota;s__Candidatus Thorarchaeota archaeon	850	2951153	11	35	na	2950303	0	JBHLQK000000000.1	3145	274	none	0	none	none	none	none	none	none	none	none	none	none	none	none	none	none	850	16	36	0
GB_GCA_030587585.2	Archaea	Asgardarchaeota	Njordarchaeia	Njordarchaeales	Panguiarchaeaceae	Panguiarchaeum	Panguiarchaeum sp030587585	0	75.98	3.02	General	75.95	1.25	149	k__Archaea (UID2)	107	33.33	1647408	89.32967282637517	432	675148	36.60947983097177	1844189	GB_GCA_030587585.2	t	d__Archaea;p__Asgardarchaeota;c__Njordarchaeia;o__Njordarchaeales;f__Panguiarchaeaceae;g__Panguiarchaeum;s__Panguiarchaeum sp030587585	not type material	none	f	111	111	63074	63074	none	0	none	none	none	0	none	none	none	none	none	none	none	none	4268	4268	f	f	t	5149	5149	Contig	ASM3058758v2	na	PRJNA923143	SAMN32689766	432	5149	Mexico: Guaymas Basin; Gulf of California	2024-07-24	GCA_030587585.2	derived from metagenome	full	GB_136	marine sediment	27.01 N 111.41 W	0	0	Candidatus Njordarchaeota archaeon	none	na	2	none	none	none	none	none	2024-07-24	0	3036966	0	GB_136	an eLibrary of Microbial Systematics and Genomics	3036966	d__Archaea;p__Candidatus Njordarchaeota;c__;o__;f__;g__;s__	d__Archaea;x__Promethearchaeati;p__Candidatus Njordarchaeota;x__unclassified Candidatus Njordarchaeota;s__Candidatus Njordarchaeota archaeon	0	1844189	11	45	na	1844189	0	JAUQYS000000000.2	2206	432	none	0	none	none	none	none	none	none	none	none	none	none	none	none	none	none	0	16	45	0
GB_GCA_019058425.1	Archaea	Asgardarchaeota	Lokiarchaeia	Sigyniarchaeales	SOKP01	Loki-b32	Loki-b32 sp019058425	0	97.58	7.44	General	89.41	5.14	149	k__Archaea (UID2)	107	0.0	4090593	88.08956268472707	195	1385325	29.838168603179767	4643675	GB_GCA_019058425.1	t	d__Archaea;p__Asgardarchaeota;c__Lokiarchaeia;o__Sigyniarchaeales;f__SOKP01;g__Loki-b32;s__Loki-b32 sp019058425	not type material	none	f	42	33	108572	125880	47860	1	2075	JAHPYZ010000032.1	none	0	none	none	2074	2904	0	91.948	JYIM01000373.485.3826	Archaea;Asgardarchaeota;Incertae Sedis;Incertae Sedis;Incertae Sedis;Incertae Sedis;Lokiarchaeum sp. GC14_75	23809	32473	f	f	t	35615	45002	Scaffold	ASM1905842v1	na	PRJNA678545	SAMN19664022	195	35615	Australia: Lake Weyba; Sunshine Coast	2021-06-29	GCA_019058425.1	derived from metagenome	full	LW30_13	Saline water lake sediment	26.44 S 153.06 E	0	none	Promethearchaeota archaeon	none	na	none	143	33	45002	28070	17586	2021-06-29	52	2053489	none	LW30_13	The University of Queensland	2053489	d__Archaea;p__Promethearchaeota;c__;o__;f__;g__;s__	d__Archaea;x__Promethearchaeati;p__Promethearchaeota;x__unclassified Promethearchaeota;s__Promethearchaeota archaeon	880	4643675	none	none	na	4642795	0	JAHPYZ000000000.1	4514	143	none	0	none	none	none	none	none	none	none	none	none	none	none	none	none	none	880	17	37	0
GB_GCA_016839705.1	Archaea	Asgardarchaeota	Lokiarchaeia	Sigyniarchaeales	SOKP01	Loki-b32	Loki-b32 sp016839705	0	92.99	6.8	General	82.4	0.93	149	k__Archaea (UID2)	107	0.0	2956697	88.08866733541863	97	1053260	31.3797016595556	3356501	GB_GCA_016839705.1	t	d__Archaea;p__Asgardarchaeota;c__Lokiarchaeia;o__Sigyniarchaeales;f__SOKP01;g__Loki-b32;s__Loki-b32 sp016839705	not type material	none	f	15	15	141658	141658	none	0	none	none	none	0	none	none	none	none	none	none	none	none	34603	34603	f	f	t	97143	97143	Contig	ASM1683970v1	na	PRJNA680430	SAMN16492236	97	97143	China: Rongcheng Nation Swan Nature Reserve	2021-02-09	GCA_016839705.1	derived from metagenome	full	YT5_013	coastal marine sediment	37.350000 N 122.580000 E	0	none	Promethearchaeota archaeon	none	na	none	none	none	none	none	none	2021-02-09	0	2053489	none	YT5_013	Shenzhen Univeristy	2053489	d__Archaea;p__Promethearchaeota;c__;o__;f__;g__;s__	d__Archaea;x__Promethearchaeati;p__Promethearchaeota;x__unclassified Promethearchaeota;s__Promethearchaeota archaeon	0	3356501	none	none	na	3356501	0	JAEOTR000000000.1	3189	97	none	0	none	none	none	none	none	none	none	none	none	none	none	none	none	none	0	16	40	0
GB_GCA_048885765.1	Archaea	Asgardarchaeota	Lokiarchaeia	Sigyniarchaeales	SOKP01	Loki-b32	Loki-b32 sp048885765	0	86.98	7.2	General	80.53	4.21	149	k__Archaea (UID2)	107	12.5	3796411	88.51815754806067	263	1293978	30.178062927228584	4288850	GB_GCA_048885765.1	t	d__Archaea;p__Asgardarchaeota;c__Lokiarchaeia;o__Sigyniarchaeales;f__SOKP01;g__Loki-b32;s__Loki-b32 sp048885765	not type material	none	f	53	52	73515	73515	none	0	none	none	none	0	none	none	none	none	none	none	none	none	16303	17224	f	f	t	24234	26304	Scaffold	ASM4888576v1	na	PRJNA1162170	SAMN43852812	263	24234	none	2025-03-24	GCA_048885765.1	derived from metagenome	full	DZ1M.434	none	none	0	0	Candidatus Hermodarchaeota archaeon	none	na	1	249	52	26304	13873	9034	2025-03-24	14	2799008	1	DZ1M.434	East china normal University	2799008	d__Archaea;p__Candidatus Hermodarchaeota;c__;o__;f__;g__;s__	d__Archaea;x__Promethearchaeati;p__Candidatus Hermodarchaeota;x__unclassified Candidatus Hermodarchaeota;s__Candidatus Hermodarchaeota archaeon	1040	4288850	11	35	na	4287810	0	JBHLLI000000000.1	4178	249	none	0	none	none	none	none	none	none	none	none	none	none	none	none	none	none	1040	17	35	1
GB_GCA_018383835.1	Archaea	Asgardarchaeota	Jordiarchaeia	Jordiarchaeales	Freyrarchaeaceae	DTBI01	DTBI01 sp018383835	182	73.78	2.27	General	75.84	1.87	149	k__Archaea (UID2)	107	100.0	1405308	83.96425161528543	353	834225	50.03739796533475	1673698	GB_GCA_018383835.1	t	d__Archaea;p__Asgardarchaeota;c__Jordiarchaeia;o__Jordiarchaeales;f__Freyrarchaeaceae;g__DTBI01;s__DTBI01 sp018383835	not type material	none	f	58	41	34076	56858	none	0	none	none	none	0	none	none	none	none	none	none	none	none	4723	8244	f	f	t	8669	12101	Scaffold	ASM1838383v1	na	PRJNA544494	SAMN18804109	353	8669	China: QuCai village; DangXiong county; Tibet Plateau	2021-05-17	GCA_018383835.1	derived from metagenome	full	QC4	hot spring sediment	30.66681 N 91.59114 E	0	0	Candidatus Jordarchaeia archaeon	none	na	2	203	41	12101	6481	3524	2021-05-17	150	3067279	1	QC4	The University of Texas at Austin	3067279	d__Archaea;p__;c__Candidatus Jordarchaeia;o__;f__;g__;s__	d__Archaea;x__Promethearchaeati;x__Promethearchaeati incertae sedis;c__Candidatus Jordarchaeia;x__unclassified Candidatus Jordarchaeia;s__Candidatus Jordarchaeia archaeon	6313	1673698	11	38	na	1667385	0	JAHAWR000000000.1	1905	203	none	0	none	none	none	none	none	none	none	none	none	none	none	none	none	none	6313	18	37	0
GB_GCA_022096915.1	Archaea	Asgardarchaeota	Heimdallarchaeia	Heimdallarchaeales	Heimdallarchaeaceae	UBA460	UBA460 sp023132955	0	89.28	4.67	General	92.52	4.21	149	k__Archaea (UID2)	107	14.29	3233136	90.28639662125822	673	1189003	33.203303678492304	3580978	GB_GCA_030668825.1	f	d__Archaea;p__Asgardarchaeota;c__Heimdallarchaeia;o__Heimdallarchaeales;f__Heimdallarchaeaceae;g__UBA460;s__UBA460 sp023132955	not type material	none	f	81	81	57830	57830	7635	1	893	JADCTQ010000572.1	none	0	none	none	891	1552	0	98.092	MEHH01000225.593.3133	Archaea;Asgardarchaeota;Incertae Sedis;Incertae Sedis;Incertae Sedis;Incertae Sedis;Candidatus Heimdallarchaeota archaeon AB_125	5320	5320	f	f	t	10485	10485	Contig	ASM2209691v1	na	PRJNA593668	SAMN15815166	673	10485	Pacific Ocean: South China Sea	2022-02-08	GCA_022096915.1	derived from metagenome	full	C4.bin.3	cold seep sediment	22.115325 N 119.285121 E	0	0	Candidatus Heimdallarchaeota archaeon	none	na	4	none	none	none	none	none	2022-02-08	0	2026747	2	C4.bin.3	Institute of Oceanology, Chinese Academy of Sciences	2026747	d__Archaea;p__Candidatus Heimdallarchaeota;c__;o__;f__;g__;s__	d__Archaea;x__Promethearchaeati;p__Candidatus Heimdallarchaeota;x__unclassified Candidatus Heimdallarchaeota;s__Candidatus Heimdallarchaeota archaeon	0	3580978	11	44	na	3580978	0	JADCTQ000000000.1	3825	673	57830	2	none	none	none	none	none	none	856	JADCTQ010000282.1	742	1354	0	99.596	JQ817511.1.1411	Archaea;Asgardarchaeota;Heimdallarchaeia;Incertae Sedis;Incertae Sedis;AB_125;uncultured archaeon	0	19	43	0
GB_GCA_038822405.1	Archaea	Asgardarchaeota	Jordiarchaeia	Jordiarchaeales	Freyrarchaeaceae	DTBI01	DTBI01 sp038889235	0	93.82	2.1	General	98.13	2.34	149	k__Archaea (UID2)	107	0.0	1778129	86.86291310626208	18	987664	48.250401205693336	2047052	GB_GCA_038889235.1	f	d__Archaea;p__Asgardarchaeota;c__Jordiarchaeia;o__Jordiarchaeales;f__Freyrarchaeaceae;g__DTBI01;s__DTBI01 sp038889235	not type material	none	f	4	4	547608	547608	547608	1	3064	JAWBDI010000001.1	none	0	none	none	2923	2510	0	82.586	KX764886.1.3038	Archaea;Incertae Sedis;Incertae Sedis;Incertae Sedis;Incertae Sedis;Incertae Sedis;uncultured archaeon	113719	120414	f	f	t	201719	201719	Scaffold	ASM3882240v1	na	PRJNA544494	SAMN36038774	18	201719	none	2024-04-30	GCA_038822405.1	derived from metagenome	full	GMQP_201803_bins_32	none	none	0	0	Candidatus Jordarchaeales archaeon	none	na	2	17	4	201719	114708	66023	2024-04-30	1	3058035	1	GMQP_201803_bins_32	The University of Texas at Austin	3058035	d__Archaea;p__;c__Candidatus Jordarchaeia;o__Candidatus Jordarchaeales;f__;g__;s__	d__Archaea;x__Promethearchaeati;x__Promethearchaeati incertae sedis;c__Candidatus Jordarchaeia;o__Candidatus Jordarchaeales;x__unclassified Candidatus Jordarchaeales;s__Candidatus Jordarchaeales archaeon	97	2047052	11	45	na	2046955	0	JAWBDI000000000.1	2049	17	15879	1	none	none	none	none	none	none	738	JAWBDI010000015.1	711	797	0	87.06	KP091066.1.1469	Archaea;Thermoproteota;Bathyarchaeia;Incertae Sedis;Incertae Sedis;Incertae Sedis;uncultured archaeon	97	18	43	0
GB_GCA_048940325.1	Archaea	Asgardarchaeota	Thorarchaeia	Thorarchaeales	Thorarchaeaceae	SMTZ1-45	SMTZ1-45 sp048940045	0	80.08	4.23	General	85.05	4.52	149	k__Archaea (UID2)	107	28.57	2321896	90.83108690405076	422	1132135	44.29515522778963	2556279	GB_GCA_048940045.1	f	d__Archaea;p__Asgardarchaeota;c__Thorarchaeia;o__Thorarchaeales;f__Thorarchaeaceae;g__SMTZ1-45;s__SMTZ1-45 sp048940045	not type material	none	f	109	107	36363	36363	none	0	none	none	none	0	none	none	none	none	none	none	none	none	6056	6234	f	f	t	6926	6969	Scaffold	ASM4894032v1	na	PRJNA1162170	SAMN43852899	422	6926	none	2025-03-25	GCA_048940325.1	derived from metagenome	full	DZ3M.69	none	none	0	0	Promethearchaeota archaeon	none	na	3	410	107	6969	4428	3316	2025-03-25	12	2053489	0	DZ3M.69	East china normal University	2053489	d__Archaea;p__Promethearchaeota;c__;o__;f__;g__;s__	d__Archaea;x__Promethearchaeati;p__Promethearchaeota;x__unclassified Promethearchaeota;s__Promethearchaeota archaeon	390	2556279	11	33	na	2555889	0	JBHLOR000000000.1	2858	410	none	0	none	none	none	none	none	none	none	none	none	none	none	none	none	none	390	17	32	0
GB_GCA_016839365.1	Archaea	Asgardarchaeota	Hermodarchaeia	Hermodarchaeales	Hermodarchaeaceae	Hermodarchaeum	Hermodarchaeum sp016839365	0	83.66	2.99	General	91.12	0.93	149	k__Archaea (UID2)	107	0.0	2000874	89.92591094482084	93	1020842	45.880023819957074	2225025	GB_GCA_016839365.1	t	d__Archaea;p__Asgardarchaeota;c__Hermodarchaeia;o__Hermodarchaeales;f__Hermodarchaeaceae;g__Hermodarchaeum;s__Hermodarchaeum sp016839365	not type material	none	f	16	16	153526	153526	none	0	none	none	82151	1	110	JAEOUH010000047.1	none	none	none	none	none	none	23925	23925	f	f	t	44087	44087	Contig	ASM1683936v1	na	PRJNA680430	SAMN16492252	93	44087	China: Futian Nature Reserve of Shenzhen	2021-02-09	GCA_016839365.1	derived from metagenome	full	FT1_005	coastal marine sediment	22.530000 N 114.000000 E	0	none	Candidatus Hermodarchaeota archaeon	none	na	none	none	none	none	none	none	2021-02-09	0	2799008	none	FT1_005	Shenzhen Univeristy	2799008	d__Archaea;p__Candidatus Hermodarchaeota;c__;o__;f__;g__;s__	d__Archaea;x__Promethearchaeati;p__Candidatus Hermodarchaeota;x__unclassified Candidatus Hermodarchaeota;s__Candidatus Hermodarchaeota archaeon	0	2225025	none	none	na	2225025	0	JAEOUH000000000.1	2302	93	none	0	none	none	none	none	none	none	none	none	none	none	none	none	none	none	0	18	40	0
GB_GCA_020348965.1	Archaea	Asgardarchaeota	Heimdallarchaeia	Hodarchaeales	Hodarchaeaceae	Hodarchaeum	Hodarchaeum sp020348965	0	70.69	1.98	General	74.57	1.4	149	k__Archaea (UID2)	107	0.0	2461209	77.98608917289484	483	1160487	37.342803698861424	3155959	GB_GCA_020348965.1	t	d__Archaea;p__Asgardarchaeota;c__Heimdallarchaeia;o__Hodarchaeales;f__Hodarchaeaceae;g__Hodarchaeum;s__Hodarchaeum sp020348965	not type material	none	f	99	1	54960	3155959	none	0	none	none	none	0	none	none	none	none	none	none	none	none	6434	3155959	f	f	t	9319	3155959	Chromosome	ASM2034896v1	na	PRJNA575161	SAMN17669605	483	9319	China:PRE	2021-10-07	GCA_020348965.1	derived from metagenome	full	bin272	environmental83	22.1315 N 113.8055 E	1	0	Candidatus Heimdallarchaeota archaeon	none	na	0	1	1	3155959	3155959	3155959	2021-10-07	483	2026747	0	bin272	Tongji University	2026747	d__Archaea;p__Candidatus Heimdallarchaeota;c__;o__;f__;g__;s__	d__Archaea;x__Promethearchaeati;p__Candidatus Heimdallarchaeota;x__unclassified Candidatus Heimdallarchaeota;s__Candidatus Heimdallarchaeota archaeon	48300	3155959	11	35	na	3107659	0	na	2883	1	none	0	none	none	none	none	none	none	none	none	none	none	none	none	none	none	48300	16	33	0
GB_GCA_964648855.1	Archaea	Asgardarchaeota	Thorarchaeia	Thorarchaeales	Thorarchaeaceae	TEKIR-14	TEKIR-14 sp964648855	0	94.56	4.75	General	93.93	7.94	149	k__Archaea (UID2)	107	37.5	2760896	88.71232154849157	73	1390614	44.698610454856656	3112190	GB_GCA_964648855.1	t	d__Archaea;p__Asgardarchaeota;c__Thorarchaeia;o__Thorarchaeales;f__Thorarchaeaceae;g__TEKIR-14;s__TEKIR-14 sp964648855	not type material	none	f	7	7	426550	426550	10317	1	951	CAZYLT010000039.1	235683	1	114	CAZYLT010000004.1	304	180	3.32e-43	77.961	MTMB01000003.340440.343536	Archaea;Thermoproteota;Nitrososphaeria;Caldarchaeales;Geothermarchaeaceae;Incertae Sedis;Candidatus Geothermarchaeota archaeon JdFR-14	42617	50196	f	f	t	120439	120439	Scaffold	binchicken_co17_198	na	PRJEB82487	SAMEA117364023	73	120439	none	2025-01-11	GCA_964648855.1	derived from metagenome	full	binchicken_co17_198	none	none	0	none	uncultured archaeon	none	na	none	62	7	120439	60681	22736	2025-01-11	11	115547	none	binchicken_co17_198	Centre for Microbiome Research	115547	d__Archaea;p__;c__;o__;f__;g__;s__	d__Archaea;x__environmental samples;s__uncultured archaeon	1100	3112190	none	none	na	3111090	0	CAZYLT000000000.1	3010	62	47428	1	none	none	none	none	none	none	1552	CAZYLT010000019.1	872	608	6.61e-172	79.587	LN626841.1.1318	Archaea;Asgardarchaeota;Lokiarchaeia;Incertae Sedis;Incertae Sedis;Incertae Sedis;uncultured archaeon	1100	19	45	1
GB_GCA_029838175.1	Archaea	Asgardarchaeota	Lokiarchaeia	Sigyniarchaeales	SOKP01	JALGVJ01	JALGVJ01 sp029838195	3	97.07	7.07	General	92.06	3.27	149	k__Archaea (UID2)	107	0.0	3869050	82.67863343750835	248	1547124	33.061087376848235	4679625	GB_GCA_029838195.1	f	d__Archaea;p__Asgardarchaeota;c__Lokiarchaeia;o__Sigyniarchaeales;f__SOKP01;g__JALGVJ01;s__JALGVJ01 sp029838195	not type material	none	f	29	29	164613	164613	39957	1	2492	JALGVK010000066.1	none	0	none	none	1872	2318	0	89.103	JYIM01000373.485.3826	Archaea;Asgardarchaeota;Incertae Sedis;Incertae Sedis;Incertae Sedis;Incertae Sedis;Lokiarchaeum sp. GC14_75	18869	19022	f	f	t	45767	45767	Scaffold	ASM2983817v1	na	PRJNA692327	SAMN26807349	248	45767	Mexico: Guaymas Basin	2023-04-19	GCA_029838175.1	derived from metagenome	full	Meg22_1214_Bin_191	marine sediment	27.388 N 111.24560 W	0	none	Promethearchaeota archaeon	none	na	none	246	29	45767	20932	7110	2023-04-19	2	2053489	none	Meg22_1214_Bin_191	University of Texas at Austin	2053489	d__Archaea;p__Promethearchaeota;c__;o__;f__;g__;s__	d__Archaea;x__Promethearchaeati;p__Promethearchaeota;x__unclassified Promethearchaeota;s__Promethearchaeota archaeon	30	4679625	none	none	na	4679595	0	JALGVK000000000.1	4386	246	7100	1	none	none	none	none	none	none	734	JALGVK010000117.1	380	686	0	99.211	JF935157.1.1211	Archaea;Asgardarchaeota;Lokiarchaeia;Incertae Sedis;Incertae Sedis;Incertae Sedis;uncultured crenarchaeote	30	18	44	1
GB_GCA_030668825.1	Archaea	Asgardarchaeota	Heimdallarchaeia	Heimdallarchaeales	Heimdallarchaeaceae	UBA460	UBA460 sp023132955	0	90.6	4.67	General	91.12	1.87	149	k__Archaea (UID2)	107	0.0	2499597	90.64928772624724	138	920276	33.37432550589551	2757437	GB_GCA_030668825.1	t	d__Archaea;p__Asgardarchaeota;c__Heimdallarchaeia;o__Heimdallarchaeales;f__Heimdallarchaeaceae;g__UBA460;s__UBA460 sp023132955	not type material	none	f	29	29	106633	106633	none	0	none	none	none	0	none	none	none	none	none	none	none	none	19981	19981	f	f	t	30300	30300	Contig	ASM3066882v1	na	PRJNA950938	SAMN34048793	138	30300	none	2023-08-07	GCA_030668825.1	derived from metagenome	full	CSMAG_1090	cold seep	none	0	none	Candidatus Heimdallarchaeota archaeon	none	na	none	none	none	none	none	none	2023-08-07	0	2026747	none	CSMAG_1090	Third Institute of Oceanography, Ministry of Natural Resources	2026747	d__Archaea;p__Candidatus Heimdallarchaeota;c__;o__;f__;g__;s__	d__Archaea;x__Promethearchaeati;p__Candidatus Heimdallarchaeota;x__unclassified Candidatus Heimdallarchaeota;s__Candidatus Heimdallarchaeota archaeon	0	2757437	none	none	na	2757437	0	DAOVET000000000.1	2698	138	12493	1	none	none	none	none	none	none	728	DAOVET010000078.1	711	1297	0	99.578	JQ817511.1.1411	Archaea;Asgardarchaeota;Heimdallarchaeia;Incertae Sedis;Incertae Sedis;AB_125;uncultured archaeon	0	18	41	0
GB_GCA_048941225.1	Archaea	Asgardarchaeota	Lokiarchaeia	Sigyniarchaeales	SOKP01	SOKP01	SOKP01 sp048940645	0	78.23	3.36	General	78.66	1.4	149	k__Archaea (UID2)	107	0.0	3105656	88.33024266487674	340	1046497	29.76757614718565	3515960	GB_GCA_048940645.1	f	d__Archaea;p__Asgardarchaeota;c__Lokiarchaeia;o__Sigyniarchaeales;f__SOKP01;g__SOKP01;s__SOKP01 sp048940645	not type material	none	f	73	73	98396	98396	none	0	none	none	none	0	none	none	none	none	none	none	none	none	10339	10464	f	f	t	14611	14742	Scaffold	ASM4894122v1	na	PRJNA1162170	SAMN43852877	340	14611	none	2025-03-25	GCA_048941225.1	derived from metagenome	full	DZ2S.391	none	none	0	0	Promethearchaeota archaeon	none	na	1	336	73	14742	7753	4879	2025-03-25	4	2053489	0	DZ2S.391	East china normal University	2053489	d__Archaea;p__Promethearchaeota;c__;o__;f__;g__;s__	d__Archaea;x__Promethearchaeati;p__Promethearchaeota;x__unclassified Promethearchaeota;s__Promethearchaeota archaeon	400	3515960	11	40	na	3515560	0	JBHLNV000000000.1	3547	336	none	0	none	none	none	none	none	none	none	none	none	none	none	none	none	none	400	19	41	1
GB_GCA_019057385.1	Archaea	Asgardarchaeota	Sifarchaeia	Borrarchaeales	Borrarchaeaceae	Borrarchaeum	Borrarchaeum weybense	0	100.0	7.08	General	94.08	3.74	149	k__Archaea (UID2)	107	0.0	3543163	84.78628760348931	23	1546350	37.016742813890055	4178934	GB_GCA_019057385.1	t	d__Archaea;p__Asgardarchaeota;c__Sifarchaeia;o__Borrarchaeales;f__Borrarchaeaceae;g__Borrarchaeum;s__Borrarchaeum weybense	not type material	none	f	4	2	662407	1298538	443129	1	1906	JAHQJS010000005.1	443129	1	113	JAHQJS010000005.1	661	531	1.62e-148	81.392	KX764886.1.3038	Archaea;Incertae Sedis;Incertae Sedis;Incertae Sedis;Incertae Sedis;Incertae Sedis;uncultured archaeon	181627	522366	f	f	t	447498	964535	Scaffold	ASM1905738v1	na	PRJNA678545	SAMN19461863	23	447498	Australia: Lake Weyba; Sunshine Coast	2021-06-29	GCA_019057385.1	derived from metagenome	full	lw60_2018_gm2_56	marine sediment	26.44 S 153.06 E	0	none	Candidatus Borrarchaeum weybense	none	na	none	8	2	964535	905039	204285	2021-06-29	15	2848170	none	lw60_2018_gm2_56	The University of Queensland	2848170	d__Archaea;p__Candidatus Borrarchaeota;c__Candidatus Borrarchaeia;o__Candidatus Borrarchaeales;f__Candidatus Borrarchaeaceae;g__Candidatus Borrarchaeum;s__Candidatus Borrarchaeum weybense	d__Archaea;x__Promethearchaeati;p__Candidatus Borrarchaeota;c__Candidatus Borrarchaeia;o__Candidatus Borrarchaeales;f__Candidatus Borrarchaeaceae;g__Candidatus Borrarchaeum;s__Candidatus Borrarchaeum weybense	1500	4178934	none	none	assembly from type material	4177434	0	JAHQJS000000000.1	4069	8	443129	3	none	none	none	none	none	none	649	JAHQJS010000005.1	208	285	5.16e-75	91.346	GQ848431.1.941	Archaea;Asgardarchaeota;Lokiarchaeia;Odinarchaeales;Incertae Sedis;LCB-4;uncultured archaeon	1500	19	52	0
GB_GCA_965370655.1	Archaea	Asgardarchaeota	Thorarchaeia	Thorarchaeales	Thorarchaeaceae	WTCK01	WTCK01 sp030612365	0	80.84	0.97	General	85.6	1.87	149	k__Archaea (UID2)	107	0.0	1602616	89.54287550111047	387	866487	48.41318042770739	1789775	GB_GCA_030612365.1	f	d__Archaea;p__Asgardarchaeota;c__Thorarchaeia;o__Thorarchaeales;f__Thorarchaeaceae;g__WTCK01;s__WTCK01 sp030612365	not type material	none	f	104	104	35295	35295	none	0	none	none	5241	1	111	CBDUVL010000093.1	none	none	none	none	none	none	4624	4624	f	f	t	5022	5022	Contig	SRR22302353_metabat2_25	na	PRJEB87526	SAMEA118545633	387	5022	none	2025-07-08	GCA_965370655.1	derived from metagenome	full	SRR22302353_metabat2_25	none	none	0	none	Candidatus Thorarchaeota archaeon	none	na	none	none	none	none	none	none	2025-07-08	0	2053491	none	SRR22302353_metabat2_25	EMG	2053491	d__Archaea;p__Candidatus Thorarchaeota;c__;o__;f__;g__;s__	d__Archaea;x__Promethearchaeati;p__Candidatus Thorarchaeota;x__unclassified Candidatus Thorarchaeota;s__Candidatus Thorarchaeota archaeon	0	1789775	none	none	na	1789775	0	CBDUVL000000000.1	2123	387	13452	1	none	none	none	none	none	none	1491	CBDUVL010000012.1	867	638	0	80.161	AB019721.1.1425	Archaea;Asgardarchaeota;Lokiarchaeia;Incertae Sedis;Incertae Sedis;Incertae Sedis;unidentified archaeon	0	18	33	0
GB_GCA_964493385.1	Archaea	Asgardarchaeota	Lokiarchaeia	Sigyniarchaeales	SOKP01	Loki-b32	Loki-b32 sp964493385	0	92.0	3.35	General	82.33	2.8	149	k__Archaea (UID2)	107	0.0	2428666	87.01858204340134	222	829484	29.7564835946956	2790974	GB_GCA_964493385.1	t	d__Archaea;p__Asgardarchaeota;c__Lokiarchaeia;o__Sigyniarchaeales;f__SOKP01;g__Loki-b32;s__Loki-b32 sp964493385	not type material	none	f	42	38	95978	95978	9942	1	962	CAZBNW010000095.1	none	0	none	none	964	1238	0	89.938	JYIM01000373.485.3826	Archaea;Asgardarchaeota;Incertae Sedis;Incertae Sedis;Incertae Sedis;Incertae Sedis;Lokiarchaeum sp. GC14_75	12556	14845	f	f	t	19692	22909	Scaffold	SRP239594_co1_47	na	PRJEB82487	SAMEA117125004	222	19692	none	2025-01-10	GCA_964493385.1	derived from metagenome	full	SRP239594_co1_47	none	none	0	none	uncultured archaeon	none	na	none	188	38	22909	11442	6902	2025-01-10	34	115547	none	SRP239594_co1_47	Centre for Microbiome Research	115547	d__Archaea;p__;c__;o__;f__;g__;s__	d__Archaea;x__environmental samples;s__uncultured archaeon	3400	2790974	none	none	na	2787574	0	CAZBNW000000000.1	2772	188	none	0	none	none	none	none	none	none	none	none	none	none	none	none	none	none	3400	14	25	1
GB_GCA_038897395.1	Archaea	Asgardarchaeota	Jordiarchaeia	Jordiarchaeales	Freyrarchaeaceae	DTBI01	DTBI01 sp038889235	0	93.52	2.5	General	98.13	2.34	149	k__Archaea (UID2)	107	0.0	1853051	86.54296298510363	38	1034402	48.30963313892448	2141192	GB_GCA_038889235.1	f	d__Archaea;p__Asgardarchaeota;c__Jordiarchaeia;o__Jordiarchaeales;f__Freyrarchaeaceae;g__DTBI01;s__DTBI01 sp038889235	not type material	none	f	4	4	542079	542079	542079	3	3064	JAWAWN010000001.1	none	0	none	none	2923	2510	0	82.586	KX764886.1.3038	Archaea;Incertae Sedis;Incertae Sedis;Incertae Sedis;Incertae Sedis;Incertae Sedis;uncultured archaeon	56347	56347	f	f	t	126033	126033	Contig	ASM3889739v1	na	PRJNA544494	SAMN36038449	38	126033	none	2024-04-30	GCA_038897395.1	derived from metagenome	full	ZMQR_201912_bins_3	none	none	0	0	Candidatus Jordarchaeales archaeon	none	na	5	none	none	none	none	none	2024-04-30	0	3058035	3	ZMQR_201912_bins_3	The University of Texas at Austin	3058035	d__Archaea;p__;c__Candidatus Jordarchaeia;o__Candidatus Jordarchaeales;f__;g__;s__	d__Archaea;x__Promethearchaeati;x__Promethearchaeati incertae sedis;c__Candidatus Jordarchaeia;o__Candidatus Jordarchaeales;x__unclassified Candidatus Jordarchaeales;s__Candidatus Jordarchaeales archaeon	0	2141192	11	45	na	2141192	0	JAWAWN000000000.1	2137	38	250366	3	none	none	none	none	none	none	1494	JAWAWN010000002.1	1369	1605	0	88.093	JF935161.1.1360	Archaea;Thermoproteota;Bathyarchaeia;Incertae Sedis;Incertae Sedis;Incertae Sedis;uncultured crenarchaeote	0	18	43	0
GB_GCA_030587605.2	Archaea	Asgardarchaeota	Njordarchaeia	Njordarchaeales	Njordarchaeaceae	Njordarchaeum	Njordarchaeum guaymasense	0	90.51	11.94	General	87.38	6.23	149	k__Archaea (UID2)	107	54.55	1899170	88.97581095902092	191	755068	35.37481511881822	2134479	GB_GCA_030587605.2	t	d__Archaea;p__Asgardarchaeota;c__Njordarchaeia;o__Njordarchaeales;f__Njordarchaeaceae;g__Njordarchaeum;s__Njordarchaeum guaymasense	type strain of heterotypic synonym	LPSN	f	33	33	151992	151992	51154	1	2986	JAUQYT020000008.1	none	0	none	none	2910	1288	0	75.326	HE613800.206809.209855	Archaea;Methanobacteriota;Thermococci;Thermococcales;Thermococcaceae;Pyrococcus;Pyrococcus abyssi GE5	11175	11175	f	f	t	14878	14878	Contig	ASM3058760v2	na	PRJNA923143	SAMN32689767	191	14878	Mexico: Guaymas Basin; Gulf of California	2024-07-27	GCA_030587605.2	derived from metagenome	full	GB_154	marine sediment	27.01 N 111.41 W	0	0	Candidatus Njordarchaeum guaymasense	none	na	2	none	none	none	none	none	2024-07-27	0	3036989	1	GB_154	an eLibrary of Microbial Systematics and Genomics	3036989	d__Archaea;p__Candidatus Njordarchaeota;c__Candidatus Njordarchaeia;o__Candidatus Njordarchaeales;f__Candidatus Njordarchaeaceae;g__Candidatus Njordarchaeum;s__Candidatus Njordarchaeum guaymasense	d__Archaea;x__Promethearchaeati;p__Candidatus Njordarchaeota;c__Candidatus Njordarchaeia;o__Candidatus Njordarchaeales;f__Candidatus Njordarchaeaceae;g__Candidatus Njordarchaeum;s__Candidatus Njordarchaeum guaymasense	0	2134479	11	54	assembly from type material	2134479	0	JAUQYT000000000.2	2235	191	20543	1	none	none	none	none	none	none	1263	JAUQYT020000127.1	1239	1842	0	93.624	AB007303.1.1474	Archaea;Incertae Sedis;Incertae Sedis;Incertae Sedis;Incertae Sedis;Incertae Sedis;unidentified archaeon	0	19	54	0
GB_GCA_048938985.1	Archaea	Asgardarchaeota	Lokiarchaeia	Sigyniarchaeales	SOKP01	SOKP01	SOKP01 sp048940645	0	90.24	3.66	General	84.69	5.45	149	k__Archaea (UID2)	107	37.5	3264069	88.25121106274761	549	1112844	30.091089003964303	3698611	GB_GCA_048940645.1	f	d__Archaea;p__Asgardarchaeota;c__Lokiarchaeia;o__Sigyniarchaeales;f__SOKP01;g__SOKP01;s__SOKP01 sp048940645	not type material	none	f	141	138	38160	38160	6816	1	1702	JBHLLR010000194.1	none	0	none	none	1448	2006	0	91.713	JYIM01000373.485.3826	Archaea;Asgardarchaeota;Incertae Sedis;Incertae Sedis;Incertae Sedis;Incertae Sedis;Lokiarchaeum sp. GC14_75	6736	6965	f	f	t	8217	8318	Scaffold	ASM4893898v1	na	PRJNA1162170	SAMN43852821	549	8217	none	2025-03-25	GCA_048938985.1	derived from metagenome	full	DZ1S.146	none	none	0	0	Promethearchaeota archaeon	none	na	3	531	138	8318	5266	3442	2025-03-25	18	2053489	2	DZ1S.146	East china normal University	2053489	d__Archaea;p__Promethearchaeota;c__;o__;f__;g__;s__	d__Archaea;x__Promethearchaeati;p__Promethearchaeota;x__unclassified Promethearchaeota;s__Promethearchaeota archaeon	360	3698611	11	42	na	3698251	0	JBHLLR000000000.1	3831	531	none	0	none	none	none	none	none	none	none	none	none	none	none	none	none	none	360	19	42	1
GB_GCA_048882565.1	Archaea	Asgardarchaeota	Thorarchaeia	Thorarchaeales	Thorarchaeaceae	SMTZ1-45	SMTZ1-45 sp048882325	0	92.78	3.67	General	91.62	3.27	149	k__Archaea (UID2)	107	20.0	3243625	91.28886980094248	140	1574053	44.31038860647676	3553144	GB_GCA_048882325.1	f	d__Archaea;p__Asgardarchaeota;c__Thorarchaeia;o__Thorarchaeales;f__Thorarchaeaceae;g__SMTZ1-45;s__SMTZ1-45 sp048882325	not type material	none	f	25	24	158477	158477	none	0	none	none	none	0	none	none	none	none	none	none	none	none	25373	27123	f	f	t	41117	44858	Scaffold	ASM4888256v1	na	PRJNA1162170	SAMN43852971	140	41117	none	2025-03-24	GCA_048882565.1	derived from metagenome	full	TM1M.317	none	none	0	0	Candidatus Thorarchaeota archaeon	none	na	3	131	24	44858	23833	12786	2025-03-24	9	2053491	1	TM1M.317	East china normal University	2053491	d__Archaea;p__Candidatus Thorarchaeota;c__;o__;f__;g__;s__	d__Archaea;x__Promethearchaeati;p__Candidatus Thorarchaeota;x__unclassified Candidatus Thorarchaeota;s__Candidatus Thorarchaeota archaeon	810	3553144	11	36	na	3552334	0	JBHLRL000000000.1	3454	131	none	0	none	none	none	none	none	none	none	none	none	none	none	none	none	none	810	13	36	1
GB_GCA_048941265.1	Archaea	Asgardarchaeota	Lokiarchaeia	Sigyniarchaeales	SOKP01	LW40-45	LW40-45 sp048941265	0	91.07	4.79	General	85.67	2.34	149	k__Archaea (UID2)	107	0.0	4337068	86.53585465237155	386	1529552	30.527762054812783	5011874	GB_GCA_048941265.1	t	d__Archaea;p__Asgardarchaeota;c__Lokiarchaeia;o__Sigyniarchaeales;f__SOKP01;g__LW40-45;s__LW40-45 sp048941265	not type material	none	f	68	62	110539	114144	none	0	none	none	none	0	none	none	none	none	none	none	none	none	12980	13883	f	f	t	20690	23023	Scaffold	ASM4894126v1	na	PRJNA1162170	SAMN43852875	386	20690	none	2025-03-25	GCA_048941265.1	derived from metagenome	full	DZ2S.378	none	none	0	0	Promethearchaeota archaeon	none	na	3	361	62	23023	10790	5948	2025-03-25	25	2053489	1	DZ2S.378	East china normal University	2053489	d__Archaea;p__Promethearchaeota;c__;o__;f__;g__;s__	d__Archaea;x__Promethearchaeati;p__Promethearchaeota;x__unclassified Promethearchaeota;s__Promethearchaeota archaeon	1510	5011874	11	42	na	5010364	0	JBHLNT000000000.1	4854	361	none	0	none	none	none	none	none	none	none	none	none	none	none	none	none	none	1510	17	42	0
GB_GCA_029858305.1	Archaea	Asgardarchaeota	Thorarchaeia	Thorarchaeales	Thorarchaeaceae	SMTZ1-45	SMTZ1-45 sp029858305	0	88.86	2.78	General	91.88	4.21	149	k__Archaea (UID2)	107	50.0	2738077	89.96536529412558	205	1303881	42.84179388127863	3043479	GB_GCA_029858305.1	t	d__Archaea;p__Asgardarchaeota;c__Thorarchaeia;o__Thorarchaeales;f__Thorarchaeaceae;g__SMTZ1-45;s__SMTZ1-45 sp029858305	not type material	none	f	26	26	243030	243030	243030	1	3085	JAOUFI010000001.1	none	0	none	none	1510	359	1.31e-96	71.788	KP308697.2178.5234	Archaea;Thermoproteota;Bathyarchaeia;Incertae Sedis;Incertae Sedis;Incertae Sedis;uncultured archaeon	14846	14846	f	f	t	29586	29586	Contig	ASM2985830v1	na	PRJNA865744	SAMN30442952	205	29586	USA: San Francisco; California	2023-04-24	GCA_029858305.1	derived from metagenome	full	4_1_July_SF_Bin37	Estuarine surface sediment	38.048333 N 121.935 W	0	0	Candidatus Thorarchaeota archaeon	none	na	3	none	none	none	none	none	2023-04-24	0	2053491	1	4_1_July_SF_Bin37	University of Texas - Austin, Baker Lab	2053491	d__Archaea;p__Candidatus Thorarchaeota;c__;o__;f__;g__;s__	d__Archaea;x__Promethearchaeati;p__Candidatus Thorarchaeota;x__unclassified Candidatus Thorarchaeota;s__Candidatus Thorarchaeota archaeon	0	3043479	11	43	na	3043479	0	JAOUFI000000000.1	3077	205	243030	1	none	none	none	none	none	none	1501	JAOUFI010000001.1	1208	706	0	77.649	KP308702.3376.4870	Archaea;Asgardarchaeota;Lokiarchaeia;Incertae Sedis;Incertae Sedis;Incertae Sedis;uncultured archaeon	0	17	44	1
GB_GCA_020348985.1	Archaea	Asgardarchaeota	Thorarchaeia	Thorarchaeales	Thorarchaeaceae	JAJRWI01	JAJRWI01 sp020348985	0	86.04	4.96	General	84.04	3.74	149	k__Archaea (UID2)	107	0.0	2758295	87.36129947278438	131	1510508	48.040449812705255	3157342	GB_GCA_020348985.1	t	d__Archaea;p__Asgardarchaeota;c__Thorarchaeia;o__Thorarchaeales;f__Thorarchaeaceae;g__JAJRWI01;s__JAJRWI01 sp020348985	not type material	none	f	15	1	243380	3157342	none	0	none	none	3157342	1	110	CP070761.1	none	none	none	none	none	none	24001	3157342	f	f	t	64984	3157342	Chromosome	ASM2034898v1	na	PRJNA575161	SAMN17669604	131	64984	China:PRE	2021-10-07	GCA_020348985.1	derived from metagenome	full	bin27	environmental82	22.1315 N 113.8055 E	1	0	Candidatus Thorarchaeota archaeon	none	na	1	1	1	3157342	3157342	3157342	2021-10-07	131	2053491	0	bin27	Tongji University	2053491	d__Archaea;p__Candidatus Thorarchaeota;c__;o__;f__;g__;s__	d__Archaea;x__Promethearchaeati;p__Candidatus Thorarchaeota;x__unclassified Candidatus Thorarchaeota;s__Candidatus Thorarchaeota archaeon	13100	3157342	11	37	na	3144242	0	na	3039	1	none	0	none	none	none	none	none	none	none	none	none	none	none	none	none	none	13100	19	37	0
GB_GCA_023705905.1	Archaea	Asgardarchaeota	Heimdallarchaeia	Heimdallarchaeales	Heimdallarchaeaceae	UBA460	UBA460 sp023705905	0	81.59	3.67	General	91.56	4.21	149	k__Archaea (UID2)	107	14.29	3367743	90.00843492572402	397	1260829	33.69771535386331	3741586	GB_GCA_023705905.1	t	d__Archaea;p__Asgardarchaeota;c__Heimdallarchaeia;o__Heimdallarchaeales;f__Heimdallarchaeaceae;g__UBA460;s__UBA460 sp023705905	not type material	none	f	72	72	91507	91507	none	0	none	none	none	0	none	none	none	none	none	none	none	none	9424	9424	f	f	t	15401	15401	Contig	ASM2370590v1	na	PRJDB12054	SAMD00399031	397	15401	Japan	2021-12-02	GCA_023705905.1	derived from metagenome	full	7H_bin4	59.49m-59.59m section below the seafloor (cmbsf) in subseafloor sediments off Shimokita Peninsula	41.1773 N 142.2014 E	0	none	Candidatus Heimdallarchaeota archaeon	none	na	none	none	none	none	none	none	2021-12-02	0	2026747	none	7H_bin4	Super-cutting-edge Grand and Advanced Research (SUGAR) Program, Institute for Extra-cutting-edge Science and Technology Avant-garde Research (X-star), Japan Agency for Marine-Earth Science and Technology	2026747	d__Archaea;p__Candidatus Heimdallarchaeota;c__;o__;f__;g__;s__	d__Archaea;x__Promethearchaeati;p__Candidatus Heimdallarchaeota;x__unclassified Candidatus Heimdallarchaeota;s__Candidatus Heimdallarchaeota archaeon	0	3741586	none	none	na	3741586	0	BPTK00000000.1	3844	397	none	0	none	none	none	none	none	none	none	none	none	none	none	none	none	none	0	19	46	0
GB_GCA_048939265.1	Archaea	Asgardarchaeota	Heimdallarchaeia	Hodarchaeales	Hodarchaeaceae	Hodarchaeum	Hodarchaeum sp048939265	0	93.98	2.97	General	88.79	1.4	149	k__Archaea (UID2)	107	0.0	3578859	89.35546926203057	372	1461679	36.50124873172758	4005193	GB_GCA_048939265.1	t	d__Archaea;p__Asgardarchaeota;c__Heimdallarchaeia;o__Hodarchaeales;f__Hodarchaeaceae;g__Hodarchaeum;s__Hodarchaeum sp048939265	not type material	none	f	75	72	74317	74317	none	0	none	none	none	0	none	none	none	none	none	none	none	none	10764	11643	f	f	t	16638	17501	Scaffold	ASM4893926v1	na	PRJNA1162170	SAMN43852924	372	16638	none	2025-03-25	GCA_048939265.1	derived from metagenome	full	H2S.126	none	none	0	0	Promethearchaeota archaeon	none	na	0	344	72	17501	9296	5300	2025-03-25	28	2053489	0	H2S.126	East china normal University	2053489	d__Archaea;p__Promethearchaeota;c__;o__;f__;g__;s__	d__Archaea;x__Promethearchaeati;p__Promethearchaeota;x__unclassified Promethearchaeota;s__Promethearchaeota archaeon	730	4005193	11	43	na	4004463	0	JBHLPQ000000000.1	3730	344	none	0	none	none	none	none	none	none	none	none	none	none	none	none	none	none	730	18	42	0
GB_GCA_964564335.1	Archaea	Asgardarchaeota	Thorarchaeia	Thorarchaeales	Thorarchaeaceae	SMTZ1-45	SMTZ1-45 sp964564335	0	83.31	4.77	General	84.97	2.41	149	k__Archaea (UID2)	107	25.0	2338914	89.40064581823519	347	1085238	41.55013484560523	2616216	GB_GCA_964564335.1	t	d__Archaea;p__Asgardarchaeota;c__Thorarchaeia;o__Thorarchaeales;f__Thorarchaeaceae;g__SMTZ1-45;s__SMTZ1-45 sp964564335	not type material	none	f	72	65	45165	45165	21861	1	2564	CAZMBV010000021.1	2764	1	60	CAZMBV010000250.1	947	261	3.16e-67	72.439	CP006867.388300.391334	Archaea;Thermoproteota;Thermoproteia;Desulfurococcales;Ignicoccaceae;Ignicoccus;Ignicoccus islandicus DSM 13165	7527	8720	f	f	t	12050	13019	Scaffold	SRP214966_co2_306	na	PRJEB82487	SAMEA117292183	347	12050	none	2025-01-10	GCA_964564335.1	derived from metagenome	full	SRP214966_co2_306	none	none	0	none	uncultured archaeon	none	na	none	300	65	13019	7165	4050	2025-01-10	47	115547	none	SRP214966_co2_306	Centre for Microbiome Research	115547	d__Archaea;p__;c__;o__;f__;g__;s__	d__Archaea;x__environmental samples;s__uncultured archaeon	4340	2616216	none	none	na	2611876	0	CAZMBV000000000.1	2756	300	none	0	none	none	none	none	none	none	none	none	none	none	none	none	none	none	4340	16	34	1
GB_GCA_038741735.1	Archaea	Asgardarchaeota	Njordarchaeia	Njordarchaeales	Panguiarchaeaceae	Panguiarchaeum	Panguiarchaeum symbiosum	0	66.6	0.67	General	61.14	0.93	149	k__Archaea (UID2)	107	0.0	960481	89.52044797458892	239	431172	40.20034347792847	1072918	GB_GCA_024720975.1	f	d__Archaea;p__Asgardarchaeota;c__Njordarchaeia;o__Njordarchaeales;f__Panguiarchaeaceae;g__Panguiarchaeum;s__Panguiarchaeum symbiosum	not type material	none	f	65	58	20777	23810	none	0	none	none	none	0	none	none	none	none	none	none	none	none	4487	5183	f	f	t	5177	5831	Scaffold	ASM3874173v1	na	PRJNA544494	SAMN36036620	239	5177	none	2024-04-29	GCA_038741735.1	derived from metagenome	full	BF2_201808_bins_43	none	none	0	0	Thermoproteota archaeon	none	na	0	207	58	5831	3734	2943	2024-04-29	32	2056631	0	BF2_201808_bins_43	The University of Texas at Austin	2056631	d__Archaea;p__Thermoproteota;c__;o__;f__;g__;s__	d__Archaea;x__Thermoproteati;p__Thermoproteota;x__unclassified Thermoproteota;s__Thermoproteota archaeon	360	1072918	11	38	na	1072558	0	JAVYKR000000000.1	1163	207	none	0	none	none	none	none	none	none	none	none	none	none	none	none	none	none	360	15	39	0
GB_GCA_048886345.1	Archaea	Asgardarchaeota	Lokiarchaeia	Sigyniarchaeales	SOKP01	Loki-b32	Loki-b32 sp048886685	0	98.82	7.65	General	91.59	5.14	149	k__Archaea (UID2)	107	0.0	3751866	87.73243084803018	54	1322580	30.93546702244785	4276487	GB_GCA_048886685.1	f	d__Archaea;p__Asgardarchaeota;c__Lokiarchaeia;o__Sigyniarchaeales;f__SOKP01;g__Loki-b32;s__Loki-b32 sp048886685	not type material	none	f	6	5	614304	788084	24780	1	1249	JBHLKT010000024.1	none	0	none	none	1249	1912	0	94.315	JYIM01000373.485.3826	Archaea;Asgardarchaeota;Incertae Sedis;Incertae Sedis;Incertae Sedis;Incertae Sedis;Lokiarchaeum sp. GC14_75	79171	101821	f	f	t	214903	223291	Scaffold	ASM4888634v1	na	PRJNA1162170	SAMN43852797	54	214903	none	2025-03-24	GCA_048886345.1	derived from metagenome	full	DZ1M.206	none	none	0	0	Candidatus Hodarchaeota archaeon	none	na	3	42	5	223291	117908	43974	2025-03-24	12	2800102	2	DZ1M.206	East china normal University	2800102	d__Archaea;p__Candidatus Hodarchaeota;c__;o__;f__;g__;s__	d__Archaea;x__Promethearchaeati;p__Candidatus Hodarchaeota;x__unclassified Candidatus Hodarchaeota;s__Candidatus Hodarchaeota archaeon	1200	4276487	11	44	na	4275287	0	JBHLKT000000000.1	3953	42	788084	1	none	none	none	none	none	none	413	JBHLKT010000001.1	412	728	0	98.544	GQ410882.1.931	Archaea;Asgardarchaeota;Lokiarchaeia;Incertae Sedis;Incertae Sedis;Incertae Sedis;uncultured archaeon	1200	18	41	1
GB_GCA_018238375.1	Archaea	Asgardarchaeota	Thorarchaeia	Thorarchaeales	Thorarchaeaceae	WTCK01	WTCK01 sp018238375	0	92.59	5.31	General	92.06	3.27	149	k__Archaea (UID2)	107	25.0	2242395	89.37843505281447	282	1204213	47.998088387752766	2508877	GB_GCA_018238375.1	t	d__Archaea;p__Asgardarchaeota;c__Thorarchaeia;o__Thorarchaeales;f__Thorarchaeaceae;g__WTCK01;s__WTCK01 sp018238375	not type material	none	f	55	55	64017	64017	5432	1	887	JABCTJ010000170.1	none	0	none	none	233	111	1.14e-22	76.395	CP002530.2616567.2619444	Bacteria;Bacteroidota;Bacteroidia;Bacteroidales;Bacteroidaceae;Bacteroides;Bacteroides salanitronis DSM 18170	8896	8896	f	f	t	11798	11798	Contig	ASM1823837v1	na	PRJNA628571	SAMN14734415	282	11798	China: Haima cold seep	2021-05-03	GCA_018238375.1	derived from metagenome	full	HM4_FB6	cold seep	none	0	none	Candidatus Thorarchaeota archaeon	none	na	none	none	none	none	none	none	2021-05-03	0	2053491	none	HM4_FB6	Institute of Deep-sea Science and Engineering, Chinese Academy of Sciences	2053491	d__Archaea;p__Candidatus Thorarchaeota;c__;o__;f__;g__;s__	d__Archaea;x__Promethearchaeati;p__Candidatus Thorarchaeota;x__unclassified Candidatus Thorarchaeota;s__Candidatus Thorarchaeota archaeon	0	2508877	none	none	na	2508877	0	JABCTJ000000000.1	2633	282	16399	1	none	none	none	none	none	none	1531	JABCTJ010000224.1	1016	662	0	78.445	JQ989386.1.1449	Archaea;Asgardarchaeota;Lokiarchaeia;Odinarchaeales;Incertae Sedis;LCB-4;uncultured archaeon	0	17	40	1
GB_GCA_048940505.1	Archaea	Asgardarchaeota	Lokiarchaeia	Sigyniarchaeales	SOKP01	Loki-b32	Loki-b32 sp048941185	0	97.7	6.97	General	88.94	4.67	149	k__Archaea (UID2)	107	0.0	3334605	87.9125557954946	181	1125008	29.66955210898908	3793093	GB_GCA_048941185.1	f	d__Archaea;p__Asgardarchaeota;c__Lokiarchaeia;o__Sigyniarchaeales;f__SOKP01;g__Loki-b32;s__Loki-b32 sp048941185	not type material	none	f	37	36	114359	114359	none	0	none	none	none	0	none	none	none	none	none	none	none	none	20949	22577	f	f	t	32192	33150	Scaffold	ASM4894050v1	na	PRJNA1162170	SAMN43852894	181	32192	none	2025-03-25	GCA_048940505.1	derived from metagenome	full	DZ3M.349	none	none	0	0	Promethearchaeota archaeon	none	na	2	168	36	33150	17186	10993	2025-03-25	13	2053489	2	DZ3M.349	East china normal University	2053489	d__Archaea;p__Promethearchaeota;c__;o__;f__;g__;s__	d__Archaea;x__Promethearchaeati;p__Promethearchaeota;x__unclassified Promethearchaeota;s__Promethearchaeota archaeon	1300	3793093	11	42	na	3791793	0	JBHLOM000000000.1	3639	168	none	0	none	none	none	none	none	none	none	none	none	none	none	none	none	none	1300	18	41	1
GB_GCA_049622905.1	Archaea	Asgardarchaeota	Heimdallarchaeia	Heimdallarchaeales	Kariarchaeaceae	Kariarchaeum	Kariarchaeum pelagium	18	59.72	0.75	General	63.11	0.93	149	k__Archaea (UID2)	107	0.0	980810	92.05248289519376	118	320238	30.08293902304989	1065490	GB_GCA_002728275.1	f	d__Archaea;p__Asgardarchaeota;c__Heimdallarchaeia;o__Heimdallarchaeales;f__Kariarchaeaceae;g__Kariarchaeum;s__Kariarchaeum pelagium	not type material	none	f	19	18	105046	105046	105046	1	2562	JBMZSK010000001.1	none	0	none	none	2369	4348	0	99.789	BCSF01007275.2.2427	Archaea;Asgardarchaeota;Incertae Sedis;Incertae Sedis;Incertae Sedis;Incertae Sedis;uncultured marine virus	9021	9865	f	f	t	14870	15596	Scaffold	ASM4962290v1	na	PRJNA1214517	SAMN46378205	118	14870	none	2025-04-15	GCA_049622905.1	derived from metagenome	full	ME_XS_2302_7_bin_50	none	none	0	0	Candidatus Kariarchaeum pelagius	none	na	1	108	18	15596	7163	4651	2025-04-15	10	2798937	0	ME_XS_2302_7_bin_50	Southern University of Science and Technology	2798937	d__Archaea;p__Candidatus Kariarchaeota;c__Candidatus Kariarchaeia;o__Candidatus Kariarchaeales;f__Candidatus Kariarchaeaceae;g__Candidatus Kariarchaeum;s__Candidatus Kariarchaeum pelagius	d__Archaea;x__Promethearchaeati;p__Candidatus Kariarchaeota;c__Candidatus Kariarchaeia;o__Candidatus Kariarchaeales;f__Candidatus Kariarchaeaceae;g__Candidatus Kariarchaeum;s__Candidatus Kariarchaeum pelagius	955	1065490	11	26	na	1064535	0	JBMZSK000000000.1	1072	108	none	0	none	none	none	none	none	none	none	none	none	none	none	none	none	none	955	17	26	0
GB_GCA_027068385.1	Archaea	Asgardarchaeota	Njordarchaeia	Njordarchaeales	JAMOTR01	JAMOTR01	JAMOTR01 sp027068385	0	77.75	0.09	General	78.52	1.79	149	k__Archaea (UID2)	107	50.0	870489	95.375882142188	102	459175	50.30990705527488	912693	GB_GCA_027068385.1	t	d__Archaea;p__Asgardarchaeota;c__Njordarchaeia;o__Njordarchaeales;f__JAMOTR01;g__JAMOTR01;s__JAMOTR01 sp027068385	not type material	none	f	23	23	35040	35040	none	0	none	none	none	0	none	none	none	none	none	none	none	none	8947	8947	f	f	t	13218	13218	Contig	ASM2706838v1	na	PRJNA821212	SAMN27358207	102	13218	Pacific Ocean: Gulf of California; Guaymas Basin	2022-12-19	GCA_027068385.1	derived from metagenome	full	4571-419_metabat2_scaf2bin.036	marine hydrothermal vent	none	0	none	Candidatus Heimdallarchaeota archaeon	none	na	none	none	none	none	none	none	2022-12-19	0	2026747	none	4571-419_metabat2_scaf2bin.036	Portland State University	2026747	d__Archaea;p__Candidatus Heimdallarchaeota;c__;o__;f__;g__;s__	d__Archaea;x__Promethearchaeati;p__Candidatus Heimdallarchaeota;x__unclassified Candidatus Heimdallarchaeota;s__Candidatus Heimdallarchaeota archaeon	0	912693	none	none	na	912693	0	JAMOTR000000000.1	980	102	none	0	none	none	none	none	none	none	none	none	none	none	none	none	none	none	0	19	38	0
GB_GCA_008081315.1	Archaea	Asgardarchaeota	Heimdallarchaeia	Heimdallarchaeales	Kariarchaeaceae	Kariarchaeum	Kariarchaeum pelagium	0	69.91	3.95	General	70.81	0.93	149	k__Archaea (UID2)	107	0.0	1031381	93.13233450962404	229	343147	30.98571836205433	1107436	GB_GCA_002728275.1	f	d__Archaea;p__Asgardarchaeota;c__Heimdallarchaeia;o__Heimdallarchaeales;f__Kariarchaeaceae;g__Kariarchaeum;s__Kariarchaeum pelagium	not type material	none	f	69	69	21757	21757	none	0	none	none	none	0	none	none	none	none	none	none	none	none	4835	4835	f	f	t	5016	5016	Contig	ASM808131v1	na	PRJNA552566	SAMN12255909	229	5016	USA: coastal Georgia; Sapelo Island	2019-08-23	GCA_008081315.1	derived from metagenome	full	5_2	Coastal seawater	31.418 N 81.293 W	0	none	Pseudomonadota bacterium	none	na	none	none	none	none	none	none	2019-08-23	0	1977087	none	5_2	Sapelo Island Microbial Carbon Observatory	1977087	d__Bacteria;p__Pseudomonadota;c__;o__;f__;g__;s__	d__Bacteria;x__Pseudomonadati;p__Pseudomonadota;x__unclassified Pseudomonadota;s__Pseudomonadota bacterium	0	1107436	none	none	na	1107436	0	VMCN00000000.1	1275	229	none	0	none	none	none	none	none	none	none	none	none	none	none	none	none	none	0	11	20	0
GB_GCA_016932935.1	Archaea	Asgardarchaeota	Lokiarchaeia	Sigyniarchaeales	Sigyniarchaeaceae	Sigyniarchaeum	Sigyniarchaeum sp016932935	0	81.9	4.69	General	81.13	3.74	149	k__Archaea (UID2)	107	0.0	4570416	89.51625081306457	476	3098046	60.67838524248372	5105683	GB_GCA_016932935.1	t	d__Archaea;p__Asgardarchaeota;c__Lokiarchaeia;o__Sigyniarchaeales;f__Sigyniarchaeaceae;g__Sigyniarchaeum;s__Sigyniarchaeum sp016932935	not type material	none	f	114	114	56792	56792	none	0	none	none	none	0	none	none	none	none	none	none	none	none	10726	10726	f	f	t	13666	13666	Contig	ASM1693293v1	na	PRJNA690107	SAMN17241791	476	13666	USA: Anadarko; OK; Zodletone Spring	2021-02-24	GCA_016932935.1	derived from metagenome	full	Zod_Metabat.1055	Freshwater Sediment	34.99562 N 98.68895 W	0	0	Promethearchaeota archaeon	none	na	0	none	none	none	none	none	2021-02-24	0	2053489	0	Zod_Metabat.1055	Oklahoma State University	2053489	d__Archaea;p__Promethearchaeota;c__;o__;f__;g__;s__	d__Archaea;x__Promethearchaeati;p__Promethearchaeota;x__unclassified Promethearchaeota;s__Promethearchaeota archaeon	0	5105683	11	48	na	5105683	0	JAFGBX000000000.1	4707	476	none	0	none	none	none	none	none	none	none	none	none	none	none	none	none	none	0	18	47	1
GB_GCA_024720975.1	Archaea	Asgardarchaeota	Njordarchaeia	Njordarchaeales	Panguiarchaeaceae	Panguiarchaeum	Panguiarchaeum symbiosum	8	81.31	1.88	General	85.21	0.93	149	k__Archaea (UID2)	107	0.0	1219961	89.90536789052419	30	545680	40.21457402457476	1356939	GB_GCA_024720975.1	t	d__Archaea;p__Asgardarchaeota;c__Njordarchaeia;o__Njordarchaeales;f__Panguiarchaeaceae;g__Panguiarchaeum;s__Panguiarchaeum symbiosum	type strain of species	Seqcode	f	3	3	346431	409838	409838	1	2979	JANJXX010000001.1	none	0	none	none	2950	1083	0	74.068	CP000504.1594574.1597615	Archaea;Thermoproteota;Thermoproteia;Thermoproteales;Thermoproteaceae;Pyrobaculum;Pyrobaculum islandicum DSM 4184	45230	46791	f	f	t	149542	149542	Scaffold	ASM2472097v1	na	PRJNA544494	SAMN28868076	30	149542	China: Tengchong county; Yunnan; JinZe-1 pool	2022-08-19	GCA_024720975.1	derived from metagenome	full	JZ-1.bin_83	hot spring sediment	25.44 N 98.46 E	0	0	Thermoproteota archaeon	none	na	2	29	3	149542	58117	17891	2022-08-19	1	2056631	1	JZ-1.bin_83	The University of Texas at Austin	2056631	d__Archaea;p__Thermoproteota;c__;o__;f__;g__;s__	d__Archaea;x__Thermoproteati;p__Thermoproteota;x__unclassified Thermoproteota;s__Thermoproteota archaeon	10	1356939	11	45	na	1356929	0	JANJXX000000000.1	1296	29	409838	1	none	none	none	none	none	none	1515	JANJXX010000001.1	1399	992	0	79.914	DQ228522.1.1438	Archaea;Incertae Sedis;Incertae Sedis;Incertae Sedis;Incertae Sedis;Incertae Sedis;uncultured archaeon	10	19	45	0
GB_GCA_018623815.1	Archaea	Asgardarchaeota	Heimdallarchaeia	Heimdallarchaeales	Kariarchaeaceae	Kariarchaeum	Kariarchaeum pelagium	0	79.07	2.58	General	81.31	2.18	149	k__Archaea (UID2)	107	66.67	1387160	92.60488112293332	199	450299	30.06133781595184	1497934	GB_GCA_002728275.1	f	d__Archaea;p__Asgardarchaeota;c__Heimdallarchaeia;o__Heimdallarchaeales;f__Kariarchaeaceae;g__Kariarchaeum;s__Kariarchaeum pelagium	not type material	none	f	45	45	37010	37010	12948	1	2562	JAAZVC010000029.1	none	0	none	none	2369	4364	0	99.916	BCSF01007275.2.2427	Archaea;Asgardarchaeota;Incertae Sedis;Incertae Sedis;Incertae Sedis;Incertae Sedis;uncultured marine virus	7527	7527	f	f	t	9092	9092	Contig	ASM1862381v1	na	PRJNA575141	SAMN14400432	199	9092	Iran: Persian Gulf; Hormu	2021-06-02	GCA_018623815.1	derived from metagenome	full	HW_metabat.28	marine surface water	27.06112 N 56.24636 E	0	none	Candidatus Heimdallarchaeota archaeon	none	na	none	none	none	none	none	none	2021-06-02	0	2026747	none	HW_metabat.28	University of Tehran	2026747	d__Archaea;p__Candidatus Heimdallarchaeota;c__;o__;f__;g__;s__	d__Archaea;x__Promethearchaeati;p__Candidatus Heimdallarchaeota;x__unclassified Candidatus Heimdallarchaeota;s__Candidatus Heimdallarchaeota archaeon	0	1497934	none	none	na	1497934	0	JAAZVC000000000.1	1560	199	none	0	none	none	none	none	none	none	none	none	none	none	none	none	none	none	0	20	41	0
GB_GCA_048937845.1	Archaea	Asgardarchaeota	Lokiarchaeia	Sigyniarchaeales	SOKP01	Loki-b32	Loki-b32 sp048940765	0	90.11	4.01	General	81.36	3.27	149	k__Archaea (UID2)	107	20.0	3134206	87.28217441419103	191	1039469	28.95223754967915	3590889	GB_GCA_048940765.1	f	d__Archaea;p__Asgardarchaeota;c__Lokiarchaeia;o__Sigyniarchaeales;f__SOKP01;g__Loki-b32;s__Loki-b32 sp048940765	not type material	none	f	36	35	118949	118949	17665	1	1145	JBHLMT010000073.1	none	0	none	none	1145	1509	0	90.48	JYIM01000373.485.3826	Archaea;Asgardarchaeota;Incertae Sedis;Incertae Sedis;Incertae Sedis;Incertae Sedis;Lokiarchaeum sp. GC14_75	18797	19410	f	f	t	29736	29815	Scaffold	ASM4893784v1	na	PRJNA1162170	SAMN43852849	191	29736	none	2025-03-25	GCA_048937845.1	derived from metagenome	full	DZ2M.363	none	none	0	0	Promethearchaeota archaeon	none	na	1	185	35	29815	17048	8309	2025-03-25	6	2053489	0	DZ2M.363	East china normal University	2053489	d__Archaea;p__Promethearchaeota;c__;o__;f__;g__;s__	d__Archaea;x__Promethearchaeati;p__Promethearchaeota;x__unclassified Promethearchaeota;s__Promethearchaeota archaeon	600	3590889	11	39	na	3590289	0	JBHLMT000000000.1	3481	185	none	0	none	none	none	none	none	none	none	none	none	none	none	none	none	none	600	17	38	0
GB_GCA_048937415.1	Archaea	Asgardarchaeota	Lokiarchaeia	Sigyniarchaeales	SOKP01	Loki-b32	Loki-b32 sp048937405	0	100.0	5.1	General	89.72	5.14	149	k__Archaea (UID2)	107	12.5	3506476	86.2156751570776	77	1169504	28.76090242279341	4067098	GB_GCA_048937405.1	f	d__Archaea;p__Asgardarchaeota;c__Lokiarchaeia;o__Sigyniarchaeales;f__SOKP01;g__Loki-b32;s__Loki-b32 sp048937405	not type material	none	f	14	13	346549	346549	82590	1	1196	JBHLNB010000014.1	none	0	none	none	1196	1565	0	90.301	JYIM01000373.485.3826	Archaea;Asgardarchaeota;Incertae Sedis;Incertae Sedis;Incertae Sedis;Incertae Sedis;Lokiarchaeum sp. GC14_75	52809	58943	f	f	t	82590	87252	Scaffold	ASM4893741v1	na	PRJNA1162170	SAMN43852857	77	82590	none	2025-03-25	GCA_048937415.1	derived from metagenome	full	DZ2M.94	none	none	0	0	Promethearchaeota archaeon	none	na	2	69	13	87252	48772	26030	2025-03-25	8	2053489	1	DZ2M.94	East china normal University	2053489	d__Archaea;p__Promethearchaeota;c__;o__;f__;g__;s__	d__Archaea;x__Promethearchaeati;p__Promethearchaeota;x__unclassified Promethearchaeota;s__Promethearchaeota archaeon	800	4067098	11	34	na	4066298	0	JBHLNB000000000.1	3742	69	82590	1	none	none	none	none	none	none	413	JBHLNB010000014.1	412	699	0	97.33	KT907937.1.913	Archaea;Asgardarchaeota;Lokiarchaeia;Incertae Sedis;Incertae Sedis;Incertae Sedis;uncultured archaeon	800	16	32	0
GB_GCA_029882335.1	Archaea	Asgardarchaeota	Heimdallarchaeia	Heimdallarchaeales	Kariarchaeaceae	JAOUKW01	JAOUKW01 sp029882335	0	94.33	4.71	General	92.52	4.52	149	k__Archaea (UID2)	107	0.0	3794039	86.51316097005932	647	1322553	30.1573707018918	4385505	GB_GCA_029882335.1	t	d__Archaea;p__Asgardarchaeota;c__Heimdallarchaeia;o__Heimdallarchaeales;f__Kariarchaeaceae;g__JAOUKW01;s__JAOUKW01 sp029882335	not type material	none	f	142	142	51360	51360	51360	1	1892	JAOUKW010000001.1	none	0	none	none	1899	1469	0	80.99	BCSF01007275.2.2427	Archaea;Asgardarchaeota;Incertae Sedis;Incertae Sedis;Incertae Sedis;Incertae Sedis;uncultured marine virus	6778	6778	f	f	t	9612	9612	Contig	ASM2988233v1	na	PRJNA865744	SAMN30443096	647	9612	USA: San Francisco; California	2023-04-26	GCA_029882335.1	derived from metagenome	full	8_1_Jan_SF_Bin58	Estuarine surface sediment	38.030000 N 122.151667 W	0	0	Candidatus Heimdallarchaeota archaeon	none	na	2	none	none	none	none	none	2023-04-26	0	2026747	1	8_1_Jan_SF_Bin58	University of Texas - Austin, Baker Lab	2026747	d__Archaea;p__Candidatus Heimdallarchaeota;c__;o__;f__;g__;s__	d__Archaea;x__Promethearchaeati;p__Candidatus Heimdallarchaeota;x__unclassified Candidatus Heimdallarchaeota;s__Candidatus Heimdallarchaeota archaeon	0	4385505	11	40	na	4385505	0	JAOUKW000000000.1	4259	647	none	0	none	none	none	none	none	none	none	none	none	none	none	none	none	none	0	18	40	0
GB_GCA_019057865.1	Archaea	Asgardarchaeota	Lokiarchaeia	Sigyniarchaeales	SOKP01	Loki-b32	Loki-b32 sp019057865	0	99.67	5.15	General	89.88	3.27	149	k__Archaea (UID2)	107	0.0	3667252	86.01114432696156	87	1240008	29.08295013666553	4263694	GB_GCA_019057865.1	t	d__Archaea;p__Asgardarchaeota;c__Lokiarchaeia;o__Sigyniarchaeales;f__SOKP01;g__Loki-b32;s__Loki-b32 sp019057865	not type material	none	f	15	15	242667	242667	11257	2	2457	JAHLWP010000070.1	none	0	none	none	2129	3042	0	92.485	JYIM01000373.485.3826	Archaea;Asgardarchaeota;Incertae Sedis;Incertae Sedis;Incertae Sedis;Incertae Sedis;Lokiarchaeum sp. GC14_75	49007	49007	f	f	t	86224	86224	Contig	ASM1905786v1	na	PRJNA678552	SAMN19663749	87	86224	New Zealand: Hikurangi Subduction Margin	2021-06-29	GCA_019057865.1	derived from metagenome	full	9R3_44	sediment collected in IODP Expedition 375 from site U1519C; depth 253.01 mbsf	38.72 S 178.61 E	0	none	Promethearchaeota archaeon	none	na	none	none	none	none	none	none	2021-06-29	0	2053489	none	9R3_44	The University of Queensland	2053489	d__Archaea;p__Promethearchaeota;c__;o__;f__;g__;s__	d__Archaea;x__Promethearchaeati;p__Promethearchaeota;x__unclassified Promethearchaeota;s__Promethearchaeota archaeon	0	4263694	none	none	na	4263694	0	JAHLWP000000000.1	4163	87	42765	1	none	none	none	none	none	none	1492	JAHLWP010000035.1	1440	2564	0	98.611	JQ989438.1.1442	Archaea;Asgardarchaeota;Lokiarchaeia;Incertae Sedis;Incertae Sedis;Incertae Sedis;uncultured archaeon	0	17	39	0
GB_GCA_030615235.1	Archaea	Asgardarchaeota	Lokiarchaeia	Sigyniarchaeales	SOKP01	SOKP01	SOKP01 sp030615235	0	79.73	3.22	General	78.82	1.4	149	k__Archaea (UID2)	107	0.0	2242981	87.18067814160159	339	818320	31.806641490425204	2572796	GB_GCA_030615235.1	t	d__Archaea;p__Asgardarchaeota;c__Lokiarchaeia;o__Sigyniarchaeales;f__SOKP01;g__SOKP01;s__SOKP01 sp030615235	not type material	none	f	78	78	60603	60603	none	0	none	none	none	0	none	none	none	none	none	none	none	none	7589	7589	f	f	t	10009	10009	Contig	ASM3061523v1	na	PRJNA950938	SAMN34050934	339	10009	none	2023-08-03	GCA_030615235.1	derived from metagenome	full	CSMAG_2741	cold seep	none	0	none	Promethearchaeota archaeon	none	na	none	none	none	none	none	none	2023-08-03	0	2053489	none	CSMAG_2741	Third Institute of Oceanography, Ministry of Natural Resources	2053489	d__Archaea;p__Promethearchaeota;c__;o__;f__;g__;s__	d__Archaea;x__Promethearchaeati;p__Promethearchaeota;x__unclassified Promethearchaeota;s__Promethearchaeota archaeon	0	2572796	none	none	na	2572796	0	JAUWZR000000000.1	2707	339	31680	1	none	none	none	none	none	none	579	JAUWZR010000003.1	578	1062	0	99.827	GQ927541.1.907	Archaea;Thermoproteota;Bathyarchaeia;Incertae Sedis;Incertae Sedis;Incertae Sedis;uncultured archaeon	0	15	30	0
GB_GCA_029856125.1	Archaea	Asgardarchaeota	Lokiarchaeia	Sigyniarchaeales	SOKP01	SOKP01	SOKP01 sp029856125	0	99.13	6.15	General	85.98	4.67	149	k__Archaea (UID2)	107	28.57	3270286	88.6158867073162	153	1205659	32.67009104147348	3690406	GB_GCA_029856125.1	t	d__Archaea;p__Asgardarchaeota;c__Lokiarchaeia;o__Sigyniarchaeales;f__SOKP01;g__SOKP01;s__SOKP01 sp029856125	not type material	none	f	16	16	320757	320757	none	0	none	none	none	0	none	none	none	none	none	none	none	none	24120	24120	f	f	t	64124	64124	Contig	ASM2985612v1	na	PRJNA417281	SAMN08011040	153	64124	Denmark: Aarhus Bay Station M5	2023-04-24	GCA_029856125.1	derived from metagenome	full	ABR04	marine sediment	56.1033 N 10.4578 E	0	none	Promethearchaeia archaeon	none	na	none	none	none	none	none	none	2023-04-24	0	3067280	none	ABR04	Uppsala University	3067280	d__Archaea;p__Promethearchaeota;c__Promethearchaeia;o__;f__;g__;s__	d__Archaea;x__Promethearchaeati;p__Promethearchaeota;c__Promethearchaeia;x__unclassified Promethearchaeia;s__Promethearchaeia archaeon	0	3690406	none	none	na	3690406	0	JAHQWJ000000000.1	3535	153	154575	1	none	none	none	none	none	none	1492	JAHQWJ010000080.1	1462	2641	0	99.316	AY835411.1.1460	Archaea;Asgardarchaeota;Lokiarchaeia;Incertae Sedis;Incertae Sedis;Incertae Sedis;uncultured archaeon	0	17	42	0
GB_GCA_019056875.1	Archaea	Asgardarchaeota	Jordiarchaeia	Jordiarchaeales	Jordiarchaeaceae	Jordiarchaeum	Jordiarchaeum madagascariense	0	99.38	5.18	General	95.02	2.41	149	k__Archaea (UID2)	107	0.0	3084660	83.87602708474616	536	1499788	40.781239718276005	3677642	GB_GCA_019056875.1	t	d__Archaea;p__Asgardarchaeota;c__Jordiarchaeia;o__Jordiarchaeales;f__Jordiarchaeaceae;g__Jordiarchaeum;s__Jordiarchaeum madagascariense	type strain of species	Seqcode;LPSN	f	139	139	34298	34298	none	0	none	none	none	0	none	none	none	none	none	none	none	none	6861	6861	f	f	t	8269	8269	Contig	ASM1905687v1	na	PRJNA678817	SAMN19461862	536	8269	Madagascar	2021-06-29	GCA_019056875.1	derived from metagenome	full	EB_bin_7	fossilized bones from two species of extinct elephant birds	18.05 S 47.03 E	0	none	Candidatus Jordarchaeum madagascarense	none	na	none	none	none	none	none	none	2021-06-29	0	2846770	none	EB_bin_7	The University of Queensland	2846770	d__Archaea;p__;c__Candidatus Jordarchaeia;o__Candidatus Jordarchaeales;f__Candidatus Jordarchaeaceae;g__Candidatus Jordarchaeum;s__Candidatus Jordarchaeum madagascarense	d__Archaea;x__Promethearchaeati;x__Promethearchaeati incertae sedis;c__Candidatus Jordarchaeia;o__Candidatus Jordarchaeales;f__Candidatus Jordarchaeaceae;g__Candidatus Jordarchaeum;s__Candidatus Jordarchaeum madagascarense	0	3677642	none	none	assembly from type material	3677642	0	DXJA00000000.1	3656	536	none	0	none	none	none	none	none	none	none	none	none	none	none	none	none	none	0	16	33	0
GB_GCA_038826975.1	Archaea	Asgardarchaeota	Jordiarchaeia	Jordiarchaeales	Freyrarchaeaceae	DTBI01	DTBI01 sp019057715	0	63.47	0.6	General	72.26	0.0	149	k__Archaea (UID2)	107	0.0	1340906	86.07170962851131	334	741521	47.60651616200266	1557894	GB_GCA_038858525.1	f	d__Archaea;p__Asgardarchaeota;c__Jordiarchaeia;o__Jordiarchaeales;f__Freyrarchaeaceae;g__DTBI01;s__DTBI01 sp019057715	not type material	none	f	100	96	17529	17529	3856	1	2860	JAWBOA010000181.1	none	0	none	none	2750	898	0	73.491	MNVW01000021.69651.72452	Archaea;Aenigmarchaeota;Incertae Sedis;Incertae Sedis;Incertae Sedis;Incertae Sedis;Candidatus Pacearchaeota archaeon CG1_02_31_27	4663	5107	f	f	t	5270	5573	Scaffold	ASM3882697v1	na	PRJNA544494	SAMN36039052	334	5270	none	2024-04-30	GCA_038826975.1	derived from metagenome	full	HHBFW-2_201803_bins_15	none	none	0	0	Candidatus Jordarchaeales archaeon	none	na	3	305	96	5573	3856	3071	2024-04-30	29	3058035	1	HHBFW-2_201803_bins_15	The University of Texas at Austin	3058035	d__Archaea;p__;c__Candidatus Jordarchaeia;o__Candidatus Jordarchaeales;f__;g__;s__	d__Archaea;x__Promethearchaeati;x__Promethearchaeati incertae sedis;c__Candidatus Jordarchaeia;o__Candidatus Jordarchaeales;x__unclassified Candidatus Jordarchaeales;s__Candidatus Jordarchaeales archaeon	290	1557894	11	27	na	1557604	0	JAWBOA000000000.1	1874	305	3856	1	none	none	none	none	none	none	702	JAWBOA010000181.1	564	719	0	89.716	KJ566494.1.953	Archaea;Nanoarchaeota;Nanoarchaeia;Pacearchaeales;Incertae Sedis;Incertae Sedis;uncultured euryarchaeote	290	15	26	0
GB_GCA_030612365.1	Archaea	Asgardarchaeota	Thorarchaeia	Thorarchaeales	Thorarchaeaceae	WTCK01	WTCK01 sp030612365	0	88.26	1.73	General	90.19	1.87	149	k__Archaea (UID2)	107	0.0	2082835	89.61367123332464	188	1123474	48.33730452733326	2324238	GB_GCA_030612365.1	t	d__Archaea;p__Asgardarchaeota;c__Thorarchaeia;o__Thorarchaeales;f__Thorarchaeaceae;g__WTCK01;s__WTCK01 sp030612365	not type material	none	f	36	36	73300	73300	none	0	none	none	14506	1	111	JAUWOA010000049.1	none	none	none	none	none	none	12362	12362	f	f	t	18304	18304	Contig	ASM3061236v1	na	PRJNA950938	SAMN34050631	188	18304	none	2023-08-03	GCA_030612365.1	derived from metagenome	full	CSMAG_2438	cold seep	none	0	none	Candidatus Thorarchaeota archaeon	none	na	none	none	none	none	none	none	2023-08-03	0	2053491	none	CSMAG_2438	Third Institute of Oceanography, Ministry of Natural Resources	2053491	d__Archaea;p__Candidatus Thorarchaeota;c__;o__;f__;g__;s__	d__Archaea;x__Promethearchaeati;p__Candidatus Thorarchaeota;x__unclassified Candidatus Thorarchaeota;s__Candidatus Thorarchaeota archaeon	0	2324238	none	none	na	2324238	0	JAUWOA000000000.1	2416	188	27809	1	none	none	none	none	none	none	873	JAUWOA010000019.1	569	398	8.65e-109	79.438	AB644695.1.902	Archaea;Asgardarchaeota;Lokiarchaeia;Incertae Sedis;Incertae Sedis;Incertae Sedis;uncultured archaeon	0	16	36	1
GB_GCA_048882385.1	Archaea	Asgardarchaeota	Thorarchaeia	Thorarchaeales	Thorarchaeaceae	SMTZ1-45	SMTZ1-45 sp048882385	0	95.3	4.94	General	93.93	3.27	149	k__Archaea (UID2)	107	0.0	3347648	90.5182199239978	278	1579847	42.74033758397396	3698314	GB_GCA_048882385.1	t	d__Archaea;p__Asgardarchaeota;c__Thorarchaeia;o__Thorarchaeales;f__Thorarchaeaceae;g__SMTZ1-45;s__SMTZ1-45 sp048882385	not type material	none	f	46	42	141750	141750	none	0	none	none	none	0	none	none	none	none	none	none	none	none	13296	14446	f	f	t	21965	24841	Scaffold	ASM4888238v1	na	PRJNA1162170	SAMN43852976	278	21965	none	2025-03-24	GCA_048882385.1	derived from metagenome	full	TM1S.149	none	none	0	0	Candidatus Thorarchaeota archaeon	none	na	2	256	42	24841	11462	6196	2025-03-24	22	2053491	0	TM1S.149	East china normal University	2053491	d__Archaea;p__Candidatus Thorarchaeota;c__;o__;f__;g__;s__	d__Archaea;x__Promethearchaeati;p__Candidatus Thorarchaeota;x__unclassified Candidatus Thorarchaeota;s__Candidatus Thorarchaeota archaeon	1930	3698314	11	42	na	3696384	0	JBHLRQ000000000.1	3683	256	none	0	none	none	none	none	none	none	none	none	none	none	none	none	none	none	1930	17	43	0
GB_GCA_048941285.1	Archaea	Asgardarchaeota	Lokiarchaeia	Sigyniarchaeales	SOKP01	Loki-b32	Loki-b32 sp048941285	0	94.11	3.39	General	85.67	4.21	149	k__Archaea (UID2)	107	0.0	3125186	87.94791316947948	111	1054818	29.691178171895704	3553451	GB_GCA_048941285.1	t	d__Archaea;p__Asgardarchaeota;c__Lokiarchaeia;o__Sigyniarchaeales;f__SOKP01;g__Loki-b32;s__Loki-b32 sp048941285	not type material	none	f	18	18	196877	196877	none	0	none	none	none	0	none	none	none	none	none	none	none	none	32005	35182	f	f	t	51348	52450	Scaffold	ASM4894128v1	na	PRJNA1162170	SAMN43852874	111	51348	none	2025-03-25	GCA_048941285.1	derived from metagenome	full	DZ2S.372	none	none	0	0	Promethearchaeota archaeon	none	na	2	101	18	52450	31452	16533	2025-03-25	10	2053489	1	DZ2S.372	East china normal University	2053489	d__Archaea;p__Promethearchaeota;c__;o__;f__;g__;s__	d__Archaea;x__Promethearchaeati;p__Promethearchaeota;x__unclassified Promethearchaeota;s__Promethearchaeota archaeon	820	3553451	11	41	na	3552631	0	JBHLNS000000000.1	3407	101	none	0	none	none	none	none	none	none	none	none	none	none	none	none	none	none	820	18	42	1
GB_GCA_019057375.1	Archaea	Asgardarchaeota	Heimdallarchaeia	Heimdallarchaeales	Heimdallarchaeaceae	UBA460	UBA460 sp002505645	0	89.22	4.95	General	94.39	3.74	149	k__Archaea (UID2)	107	0.0	3130719	90.27315342248428	159	1147713	33.09389048776964	3468051	GB_GCA_019057375.1	t	d__Archaea;p__Asgardarchaeota;c__Heimdallarchaeia;o__Heimdallarchaeales;f__Heimdallarchaeaceae;g__UBA460;s__UBA460 sp002505645	not type material	none	f	26	26	145582	145582	145582	1	2540	DXJF01000011.1	none	0	none	none	2542	4425	0	98.112	MEHH01000225.593.3133	Archaea;Asgardarchaeota;Incertae Sedis;Incertae Sedis;Incertae Sedis;Incertae Sedis;Candidatus Heimdallarchaeota archaeon AB_125	21811	21811	f	f	t	36733	36733	Contig	ASM1905737v1	na	PRJNA678817	SAMN19820861	159	36733	Costa Rica	2021-06-29	GCA_019057375.1	derived from metagenome	full	CR1378_bin_8	marine sediment	none	0	none	Candidatus Heimdallarchaeota archaeon	none	na	none	none	none	none	none	none	2021-06-29	0	2026747	none	CR1378_bin_8	The University of Queensland	2026747	d__Archaea;p__Candidatus Heimdallarchaeota;c__;o__;f__;g__;s__	d__Archaea;x__Promethearchaeati;p__Candidatus Heimdallarchaeota;x__unclassified Candidatus Heimdallarchaeota;s__Candidatus Heimdallarchaeota archaeon	0	3468051	none	none	na	3468051	0	DXJF00000000.1	3396	159	145582	1	none	none	none	none	none	none	1508	DXJF01000011.1	1450	2584	0	98.828	MEHH01000036.3025.4474	Archaea;Asgardarchaeota;Heimdallarchaeia;Incertae Sedis;Incertae Sedis;AB_125;Candidatus Heimdallarchaeota archaeon AB_125	0	19	43	0
GB_GCA_030611665.1	Archaea	Asgardarchaeota	Heimdallarchaeia	Heimdallarchaeales	Heimdallarchaeaceae	UBA460	UBA460 sp030611665	0	84.04	2.68	General	86.92	2.8	149	k__Archaea (UID2)	107	0.0	2489865	90.88889781197754	195	924875	33.76121571404583	2739460	GB_GCA_030611665.1	t	d__Archaea;p__Asgardarchaeota;c__Heimdallarchaeia;o__Heimdallarchaeales;f__Heimdallarchaeaceae;g__UBA460;s__UBA460 sp030611665	not type material	none	f	53	53	68508	68508	none	0	none	none	none	0	none	none	none	none	none	none	none	none	14048	14048	f	f	t	17140	17140	Contig	ASM3061166v1	na	PRJNA950938	SAMN34050665	195	17140	none	2023-08-03	GCA_030611665.1	derived from metagenome	full	CSMAG_2472	cold seep	none	0	none	Candidatus Heimdallarchaeota archaeon	none	na	none	none	none	none	none	none	2023-08-03	0	2026747	none	CSMAG_2472	Third Institute of Oceanography, Ministry of Natural Resources	2026747	d__Archaea;p__Candidatus Heimdallarchaeota;c__;o__;f__;g__;s__	d__Archaea;x__Promethearchaeati;p__Candidatus Heimdallarchaeota;x__unclassified Candidatus Heimdallarchaeota;s__Candidatus Heimdallarchaeota archaeon	0	2739460	none	none	na	2739460	0	JAUWPI000000000.1	2723	195	none	0	none	none	none	none	none	none	none	none	none	none	none	none	none	none	0	19	45	0
GB_GCA_030587365.2	Archaea	Asgardarchaeota	Jordiarchaeia	Jordiarchaeales	Jordiarchaeaceae	Jordiarchaeum	Jordiarchaeum sp030587365	0	87.72	7.39	General	87.69	5.61	149	k__Archaea (UID2)	107	22.22	2862507	81.88560415980713	635	1479984	42.33679917179172	3495739	GB_GCA_030587365.2	t	d__Archaea;p__Asgardarchaeota;c__Jordiarchaeia;o__Jordiarchaeales;f__Jordiarchaeaceae;g__Jordiarchaeum;s__Jordiarchaeum sp030587365	not type material	none	f	137	137	40949	40949	none	0	none	none	none	0	none	none	none	none	none	none	none	none	5505	5505	f	f	t	7562	7562	Contig	ASM3058736v2	na	PRJNA923143	SAMN32689778	635	7562	China: Tengchong County; Yunnan	2024-07-27	GCA_030587365.2	derived from metagenome	full	SQRJ_82	hot spring sediment	24.95 N 98.44 E	0	0	Candidatus Freyarchaeota archaeon	none	na	4	none	none	none	none	none	2024-07-27	0	2830916	1	SQRJ_82	an eLibrary of Microbial Systematics and Genomics	2830916	d__Archaea;p__Candidatus Freyarchaeota;c__;o__;f__;g__;s__	d__Archaea;x__Promethearchaeati;p__Candidatus Freyarchaeota;x__unclassified Candidatus Freyarchaeota;s__Candidatus Freyarchaeota archaeon	0	3495739	11	39	na	3495739	0	JAUQZE000000000.2	3686	635	2823	1	none	none	none	none	none	none	915	JAUQZE020000360.1	747	638	0	82.731	JX196257.1.906	Archaea;Micrarchaeota;Micrarchaeia;Micrarchaeales;Incertae Sedis;Incertae Sedis;uncultured archaeon	0	18	34	0
GB_GCA_019058215.1	Archaea	Asgardarchaeota	Lokiarchaeia	Sigyniarchaeales	SOKP01	6H3-1	6H3-1 sp019058015	0	97.14	8.13	General	90.81	6.22	149	k__Archaea (UID2)	107	33.33	3819956	85.6879893889232	371	1308039	29.341498161836867	4457983	GB_GCA_019058015.1	f	d__Archaea;p__Asgardarchaeota;c__Lokiarchaeia;o__Sigyniarchaeales;f__SOKP01;g__6H3-1;s__6H3-1 sp019058015	not type material	none	f	75	75	99787	99787	52816	1	3193	JAHLVV010000309.1	none	0	none	none	1848	1583	0	82.522	JYIM01000373.485.3826	Archaea;Asgardarchaeota;Incertae Sedis;Incertae Sedis;Incertae Sedis;Incertae Sedis;Lokiarchaeum sp. GC14_75	12016	12016	f	f	t	16959	16959	Contig	ASM1905821v1	na	PRJNA678552	SAMN19663729	371	16959	New Zealand: Hikurangi Subduction Margin	2021-06-29	GCA_019058215.1	derived from metagenome	full	12F4_17	sediment collected in IODP Expedition 375 from site U1519E; depth 80.64 mbsf	38.72 S 178.61 E	0	none	Promethearchaeota archaeon	none	na	none	none	none	none	none	none	2021-06-29	0	2053489	none	12F4_17	The University of Queensland	2053489	d__Archaea;p__Promethearchaeota;c__;o__;f__;g__;s__	d__Archaea;x__Promethearchaeati;p__Promethearchaeota;x__unclassified Promethearchaeota;s__Promethearchaeota archaeon	0	4457983	none	none	na	4457983	0	JAHLVV000000000.1	4519	371	27865	1	none	none	none	none	none	none	1494	JAHLVV010000030.1	1427	2573	0	99.229	JQ817593.1.1427	Archaea;Asgardarchaeota;Lokiarchaeia;Incertae Sedis;Incertae Sedis;Incertae Sedis;uncultured archaeon	0	18	42	1
GB_GCA_023705985.1	Archaea	Asgardarchaeota	Heimdallarchaeia	Heimdallarchaeales	Heimdallarchaeaceae	18H4-34	18H4-34 sp023705985	0	89.92	3.98	General	91.12	4.21	149	k__Archaea (UID2)	107	0.0	3209283	88.610337476493	387	1192766	32.93302516184663	3621793	GB_GCA_023705985.1	t	d__Archaea;p__Asgardarchaeota;c__Heimdallarchaeia;o__Heimdallarchaeales;f__Heimdallarchaeaceae;g__18H4-34;s__18H4-34 sp023705985	not type material	none	f	73	73	83243	83243	83243	1	2537	BPTO01000001.1	none	0	none	none	2540	3458	0	91.299	MEHH01000225.593.3133	Archaea;Asgardarchaeota;Incertae Sedis;Incertae Sedis;Incertae Sedis;Incertae Sedis;Candidatus Heimdallarchaeota archaeon AB_125	9358	9358	f	f	t	13812	13812	Contig	ASM2370598v1	na	PRJDB12054	SAMD00399035	387	13812	Japan	2021-12-02	GCA_023705985.1	derived from metagenome	full	8H_bin2	68.82m-68.92m section below the seafloor (cmbsf) in subseafloor sediments off Shimokita Peninsula	41.1773 N 142.2014 E	0	none	Candidatus Heimdallarchaeota archaeon	none	na	none	none	none	none	none	none	2021-12-02	0	2026747	none	8H_bin2	Super-cutting-edge Grand and Advanced Research (SUGAR) Program, Institute for Extra-cutting-edge Science and Technology Avant-garde Research (X-star), Japan Agency for Marine-Earth Science and Technology	2026747	d__Archaea;p__Candidatus Heimdallarchaeota;c__;o__;f__;g__;s__	d__Archaea;x__Promethearchaeati;p__Candidatus Heimdallarchaeota;x__unclassified Candidatus Heimdallarchaeota;s__Candidatus Heimdallarchaeota archaeon	0	3621793	none	none	na	3621793	0	BPTO00000000.1	3628	387	83243	1	none	none	none	none	none	none	1477	BPTO01000001.1	1444	2556	0	98.615	KP091041.1.1464	Archaea;Asgardarchaeota;Heimdallarchaeia;Incertae Sedis;Incertae Sedis;AB_125;uncultured archaeon	0	19	45	0
GB_GCA_038825615.1	Archaea	Asgardarchaeota	Jordiarchaeia	Jordiarchaeales	Jordiarchaeaceae	Jordiarchaeum	Jordiarchaeum sp030587365	0	93.59	4.43	General	96.73	0.93	149	k__Archaea (UID2)	107	0.0	2683044	81.85687272212503	125	1381744	42.15556760998327	3277726	GB_GCA_030587365.2	f	d__Archaea;p__Asgardarchaeota;c__Jordiarchaeia;o__Jordiarchaeales;f__Jordiarchaeaceae;g__Jordiarchaeum;s__Jordiarchaeum sp030587365	not type material	none	f	22	22	263457	263457	84440	2	3889	JAWBOY010000005.1	none	0	none	none	2056	1528	0	80.496	MDVT01000007.654100.657172	Archaea;Asgardarchaeota;Incertae Sedis;Incertae Sedis;Incertae Sedis;Incertae Sedis;Candidatus Odinarchaeota archaeon LCB_4	26221	26221	f	f	t	39481	39481	Contig	ASM3882561v1	na	PRJNA544494	SAMN36039076	125	39481	none	2024-04-30	GCA_038825615.1	derived from metagenome	full	HHBFW-2_201803_bins_36	none	none	0	0	Candidatus Jordarchaeaceae archaeon	none	na	3	none	none	none	none	none	2024-04-30	0	3058036	1	HHBFW-2_201803_bins_36	The University of Texas at Austin	3058036	d__Archaea;p__;c__Candidatus Jordarchaeia;o__Candidatus Jordarchaeales;f__Candidatus Jordarchaeaceae;g__;s__	d__Archaea;x__Promethearchaeati;x__Promethearchaeati incertae sedis;c__Candidatus Jordarchaeia;o__Candidatus Jordarchaeales;f__Candidatus Jordarchaeaceae;x__unclassified Candidatus Jordarchaeaceae;s__Candidatus Jordarchaeaceae archaeon	0	3277726	11	42	na	3277726	0	JAWBOY000000000.1	3200	125	11843	1	none	none	none	none	none	none	1343	JAWBOY010000082.1	1204	2128	0	98.588	KT453559.1.1343	Archaea;Thermoproteota;Nitrososphaeria;SCGC AB-179-E04;Incertae Sedis;Incertae Sedis;uncultured thaumarchaeote	0	17	37	0
GB_GCA_016840085.1	Archaea	Asgardarchaeota	Lokiarchaeia	Sigyniarchaeales	SOKP01	Loki-b32	Loki-b32 sp016840085	0	98.77	7.62	General	86.6	2.8	149	k__Archaea (UID2)	107	0.0	4010607	85.616474471473	89	1383931	29.543481356258567	4684387	GB_GCA_016840085.1	t	d__Archaea;p__Asgardarchaeota;c__Lokiarchaeia;o__Sigyniarchaeales;f__SOKP01;g__Loki-b32;s__Loki-b32 sp016840085	not type material	none	f	14	14	315956	315956	62406	1	1106	JAEOTA010000034.1	none	0	none	none	1107	1589	0	92.593	JYIM01000373.485.3826	Archaea;Asgardarchaeota;Incertae Sedis;Incertae Sedis;Incertae Sedis;Incertae Sedis;Lokiarchaeum sp. GC14_75	52633	52633	f	f	t	98410	98410	Contig	ASM1684008v1	na	PRJNA680430	SAMN16492219	89	98410	China: Rongcheng Nation Swan Nature Reserve	2021-02-09	GCA_016840085.1	derived from metagenome	full	YT1_007	coastal marine sediment	37.350000 N 122.580000 E	0	none	Promethearchaeota archaeon	none	na	none	none	none	none	none	none	2021-02-09	0	2053489	none	YT1_007	Shenzhen Univeristy	2053489	d__Archaea;p__Promethearchaeota;c__;o__;f__;g__;s__	d__Archaea;x__Promethearchaeati;p__Promethearchaeota;x__unclassified Promethearchaeota;s__Promethearchaeota archaeon	0	4684387	none	none	na	4684387	0	JAEOTA000000000.1	4497	89	74400	1	none	none	none	none	none	none	522	JAEOTA010000084.1	522	874	0	96.935	GQ410871.1.920	Archaea;Thermoproteota;Bathyarchaeia;Incertae Sedis;Incertae Sedis;Incertae Sedis;uncultured archaeon	0	16	33	0
GB_GCA_027001645.1	Archaea	Asgardarchaeota	Heimdallarchaeia	Heimdallarchaeales	JAJRWK01	JAJRWK01	JAJRWK01 sp027001645	0	88.29	5.22	General	90.65	4.52	149	k__Archaea (UID2)	107	33.33	2741255	88.76842275355988	479	1298603	42.05855861837339	3088097	GB_GCA_027001645.1	t	d__Archaea;p__Asgardarchaeota;c__Heimdallarchaeia;o__Heimdallarchaeales;f__JAJRWK01;g__JAJRWK01;s__JAJRWK01 sp027001645	not type material	none	f	81	76	58945	58945	58945	1	1993	JALTMP010000180.1	none	0	none	none	660	377	2.33e-102	77.576	CP014854.1051184.1054186	Archaea;Methanobacteriota;Thermococci;Thermococcales;Thermococcaceae;Thermococcus;Thermococcus celer	6445	7181	f	f	t	10120	10855	Scaffold	ASM2700164v1	na	PRJNA821212	SAMN27358768	479	10120	Pacific Ocean: Brothers volcano	2022-12-19	GCA_027001645.1	derived from metagenome	full	S139_metabat2_scaf2bin.022	marine hydrothermal vent	none	0	none	Candidatus Heimdallarchaeota archaeon	none	na	none	430	76	10855	5451	3040	2022-12-19	49	2026747	none	S139_metabat2_scaf2bin.022	Portland State University	2026747	d__Archaea;p__Candidatus Heimdallarchaeota;c__;o__;f__;g__;s__	d__Archaea;x__Promethearchaeati;p__Candidatus Heimdallarchaeota;x__unclassified Candidatus Heimdallarchaeota;s__Candidatus Heimdallarchaeota archaeon	490	3088097	none	none	na	3087607	0	JALTMP000000000.1	3017	430	none	0	none	none	none	none	none	none	none	none	none	none	none	none	none	none	490	19	45	0
GB_GCA_016839915.1	Archaea	Asgardarchaeota	Lokiarchaeia	Sigyniarchaeales	SOKP01	Loki-b32	Loki-b32 sp016839915	0	93.94	6.89	General	89.25	0.93	149	k__Archaea (UID2)	107	0.0	3205425	87.87627235784505	221	1090331	29.89126993025934	3647657	GB_GCA_016839915.1	t	d__Archaea;p__Asgardarchaeota;c__Lokiarchaeia;o__Sigyniarchaeales;f__SOKP01;g__Loki-b32;s__Loki-b32 sp016839915	not type material	none	f	42	42	89706	89706	none	0	none	none	none	0	none	none	none	none	none	none	none	none	16505	16505	f	f	t	28275	28275	Contig	ASM1683991v1	na	PRJNA680430	SAMN16492226	221	28275	China: Rongcheng Nation Swan Nature Reserve	2021-02-09	GCA_016839915.1	derived from metagenome	full	YT1_053	coastal marine sediment	37.350000 N 122.580000 E	0	none	Promethearchaeota archaeon	none	na	none	none	none	none	none	none	2021-02-09	0	2053489	none	YT1_053	Shenzhen Univeristy	2053489	d__Archaea;p__Promethearchaeota;c__;o__;f__;g__;s__	d__Archaea;x__Promethearchaeati;p__Promethearchaeota;x__unclassified Promethearchaeota;s__Promethearchaeota archaeon	0	3647657	none	none	na	3647657	0	JAEOTH000000000.1	3624	221	none	0	none	none	none	none	none	none	none	none	none	none	none	none	none	none	0	17	37	1
GB_GCA_030587475.2	Archaea	Asgardarchaeota	Lokiarchaeia	Sigyniarchaeales	Sigyniarchaeaceae	Sigyniarchaeum	Sigyniarchaeum tengchongense	0	88.95	5.18	General	91.59	4.67	149	k__Archaea (UID2)	107	0.0	4447683	89.1944672226076	269	2702553	54.19738209217245	4986501	GB_GCA_030587475.2	t	d__Archaea;p__Asgardarchaeota;c__Lokiarchaeia;o__Sigyniarchaeales;f__Sigyniarchaeaceae;g__Sigyniarchaeum;s__Sigyniarchaeum tengchongense	type strain of species	Seqcode;LPSN	f	53	53	90011	90011	none	0	none	none	none	0	none	none	none	none	none	none	none	none	18537	18537	f	f	t	29965	29965	Contig	ASM3058747v2	na	PRJNA923143	SAMN32689773	269	29965	China: Tengchong County; Yunnan	2024-07-27	GCA_030587475.2	derived from metagenome	full	SQRJ_234	hot spring sediment	24.95 N 98.44 E	0	0	Candidatus Sigynarchaeum calidifontis	none	na	0	none	none	none	none	none	2024-07-27	0	3036983	0	SQRJ_234	an eLibrary of Microbial Systematics and Genomics	3036983	d__Archaea;p__Candidatus Sigynarchaeota;c__Candidatus Sigynarchaeia;o__Candidatus Sigynarchaeales;f__Candidatus Sigynarchaeaceae;g__Candidatus Sigynarchaeum;s__Candidatus Sigynarchaeum calidifontis	d__Archaea;x__Promethearchaeati;p__Candidatus Sigynarchaeota;c__Candidatus Sigynarchaeia;o__Candidatus Sigynarchaeales;f__Candidatus Sigynarchaeaceae;g__Candidatus Sigynarchaeum;s__Candidatus Sigynarchaeum calidifontis	0	4986501	11	62	assembly from type material	4986501	0	JAUQYZ000000000.2	4617	269	none	0	none	none	none	none	none	none	none	none	none	none	none	none	none	none	0	19	61	1
GB_GCA_048885685.1	Archaea	Asgardarchaeota	Thorarchaeia	Thorarchaeales	Thorarchaeaceae	SMTZ1-83	SMTZ1-83 sp048939905	0	71.08	3.53	General	76.09	4.74	149	k__Archaea (UID2)	107	33.33	1993392	90.69439224867853	355	1097378	49.934111497179714	2197922	GB_GCA_048939905.1	f	d__Archaea;p__Asgardarchaeota;c__Thorarchaeia;o__Thorarchaeales;f__Thorarchaeaceae;g__SMTZ1-83;s__SMTZ1-83 sp048939905	not type material	none	f	101	99	29356	29356	none	0	none	none	none	0	none	none	none	none	none	none	none	none	6190	6352	f	f	t	7334	7539	Scaffold	ASM4888568v1	na	PRJNA1162170	SAMN43852814	355	7334	none	2025-03-24	GCA_048885685.1	derived from metagenome	full	DZ1M.442	none	none	0	0	Candidatus Hermodarchaeota archaeon	none	na	0	346	99	7539	4836	3443	2025-03-24	9	2799008	0	DZ1M.442	East china normal University	2799008	d__Archaea;p__Candidatus Hermodarchaeota;c__;o__;f__;g__;s__	d__Archaea;x__Promethearchaeati;p__Candidatus Hermodarchaeota;x__unclassified Candidatus Hermodarchaeota;s__Candidatus Hermodarchaeota archaeon	270	2197922	11	31	na	2197652	0	JBHLLK000000000.1	2401	346	none	0	none	none	none	none	none	none	none	none	none	none	none	none	none	none	270	16	33	0
GB_GCA_004524365.1	Archaea	Asgardarchaeota	Lokiarchaeia	Sigyniarchaeales	SOKP01	TEKIR-8	TEKIR-8 sp004524365	0	61.69	0.22	General	56.54	0.31	149	k__Archaea (UID2)	107	0.0	1635305	86.29586944155086	166	587713	31.01391136032861	1894998	GB_GCA_004524365.1	t	d__Archaea;p__Asgardarchaeota;c__Lokiarchaeia;o__Sigyniarchaeales;f__SOKP01;g__TEKIR-8;s__TEKIR-8 sp004524365	not type material	none	f	43	43	55831	55831	none	0	none	none	none	0	none	none	none	none	none	none	none	none	11415	11415	f	f	t	13510	13510	Contig	ASM452436v1	na	PRJNA483005	SAMN10768459	166	13510	Romania: Tekirghiol	2019-03-29	GCA_004524365.1	derived from metagenome	full	TEKIR_8	lake sediment	44.0552806 N 28.6053 E	0	0	Promethearchaeota archaeon	none	na	0	none	none	none	none	none	2019-03-29	0	2053489	0	TEKIR_8	Babes-Bolyai University	2053489	d__Archaea;p__Promethearchaeota;c__;o__;f__;g__;s__	d__Archaea;x__Promethearchaeati;p__Promethearchaeota;x__unclassified Promethearchaeota;s__Promethearchaeota archaeon	0	1894998	11	9	na	1894998	0	SDNL00000000.1	1831	166	none	0	none	none	none	none	none	none	none	none	none	none	none	none	none	none	0	10	17	1
GB_GCA_038821275.1	Archaea	Asgardarchaeota	Jordiarchaeia	Jordiarchaeales	Freyrarchaeaceae	DTBI01	DTBI01 sp038889235	0	87.4	0.73	General	88.16	0.0	149	k__Archaea (UID2)	107	0.0	1190617	87.41187172237693	20	636976	46.77514699478551	1362077	GB_GCA_038889235.1	f	d__Archaea;p__Asgardarchaeota;c__Jordiarchaeia;o__Jordiarchaeales;f__Freyrarchaeaceae;g__DTBI01;s__DTBI01 sp038889235	not type material	none	f	2	2	543446	543446	543446	1	3064	JAWBEC010000001.1	none	0	none	none	2923	2510	0	82.586	KX764886.1.3038	Archaea;Incertae Sedis;Incertae Sedis;Incertae Sedis;Incertae Sedis;Incertae Sedis;uncultured archaeon	68089	80122	f	f	t	299552	299552	Scaffold	ASM3882127v1	na	PRJNA544494	SAMN36038794	20	299552	none	2024-04-30	GCA_038821275.1	derived from metagenome	full	GMQP_201808_bins_35	none	none	0	0	Candidatus Jordarchaeales archaeon	none	na	1	17	2	299552	63860	31904	2024-04-30	3	3058035	0	GMQP_201808_bins_35	The University of Texas at Austin	3058035	d__Archaea;p__;c__Candidatus Jordarchaeia;o__Candidatus Jordarchaeales;f__;g__;s__	d__Archaea;x__Promethearchaeati;x__Promethearchaeati incertae sedis;c__Candidatus Jordarchaeia;o__Candidatus Jordarchaeales;x__unclassified Candidatus Jordarchaeales;s__Candidatus Jordarchaeales archaeon	294	1362077	11	40	na	1361783	0	JAWBEC000000000.1	1386	17	none	0	none	none	none	none	none	none	none	none	none	none	none	none	none	none	294	18	39	0
GB_GCA_937877725.1	Archaea	Asgardarchaeota	Baldrarchaeia	Baldrarchaeales	Baldrarchaeaceae	Baldrarchaeum	Baldrarchaeum yapensis	0	96.44	4.15	General	93.93	3.74	149	k__Archaea (UID2)	107	0.0	2898598	86.17879749187595	244	1545619	45.95310795101488	3363470	GB_GCA_016840465.1	f	d__Archaea;p__Asgardarchaeota;c__Baldrarchaeia;o__Baldrarchaeales;f__Baldrarchaeaceae;g__Baldrarchaeum;s__Baldrarchaeum yapensis	not type material	none	f	29	29	198797	198797	38865	4	3142	CALGBG010000226.1	7197	1	117	CALGBG010000065.1	2254	1982	0	82.831	CP000505.363018.366076	Archaea;Thermoproteota;Thermoproteia;Thermoproteales;Thermofilaceae;Thermofilum;Thermofilum pendens Hrk 5	13784	13784	t	f	f	29836	29836	Contig	SRR6823441_bin.193_CONCOCT_v1.1_MAG	na	PRJEB51078	SAMEA14075603	244	29836	none	2023-01-11	GCA_937877725.1	derived from metagenome	full	SRR6823441_bin.193_CONCOCT_v1.1_MAG	marine metagenome	none	0	none	Candidatus Odinarchaeota archaeon	none	na	none	none	none	none	none	none	2023-01-11	0	2053490	none	SRR6823441_bin.193_CONCOCT_v1.1_MAG	European Bioinformatics Institute	2053490	d__Archaea;p__Candidatus Odinarchaeota;c__;o__;f__;g__;s__	d__Archaea;x__Promethearchaeati;p__Candidatus Odinarchaeota;x__unclassified Candidatus Odinarchaeota;s__Candidatus Odinarchaeota archaeon	0	3363470	none	none	na	3363470	0	CALGBG000000000.1	3894	244	9440	4	none	none	none	none	none	none	934	CALGBG010000228.1	935	1679	0	99.037	KX513570.1.1816	Eukaryota;Amorphea;Obazoa;Opisthokonta;Holozoa;Choanozoa;Metazoa;Animalia;BCP clade;Bilateria;Protostomia;Lophotrochozoa;Annelida;Polychaeta;Scolecida;Terebellida;Pavelius smileyi	0	18	49	0
GB_GCA_964396275.1	Archaea	Asgardarchaeota	Lokiarchaeia	Sigyniarchaeales	SOKP01	Loki-b32	Loki-b32 sp964396275	0	95.71	4.54	General	88.71	7.08	149	k__Archaea (UID2)	107	45.45	3367804	87.30385948030442	820	1144936	29.680269890392022	3857566	GB_GCA_964396275.1	t	d__Archaea;p__Asgardarchaeota;c__Lokiarchaeia;o__Sigyniarchaeales;f__SOKP01;g__Loki-b32;s__Loki-b32 sp964396275	not type material	none	f	214	214	22961	22961	3269	1	972	CAYNEU010000434.1	none	0	none	none	973	1334	0	91.47	JYIM01000373.485.3826	Archaea;Asgardarchaeota;Incertae Sedis;Incertae Sedis;Incertae Sedis;Incertae Sedis;Lokiarchaeum sp. GC14_75	4704	4704	f	f	t	5866	5866	Contig	SRP185410_co1_442	na	PRJEB82487	SAMEA117290223	820	5866	none	2025-01-12	GCA_964396275.1	derived from metagenome	full	SRP185410_co1_442	none	none	0	none	uncultured archaeon	none	na	none	none	none	none	none	none	2025-01-12	0	115547	none	SRP185410_co1_442	Centre for Microbiome Research	115547	d__Archaea;p__;c__;o__;f__;g__;s__	d__Archaea;x__environmental samples;s__uncultured archaeon	0	3857566	none	none	na	3857566	0	CAYNEU000000000.1	4197	820	3091	2	none	none	none	none	none	none	494	CAYNEU010000618.1	494	857	0	97.976	JYIM01000321.1.1179	Archaea;Asgardarchaeota;Lokiarchaeia;Incertae Sedis;Incertae Sedis;Incertae Sedis;Lokiarchaeum sp. GC14_75	0	18	40	1
GB_GCA_038853475.1	Archaea	Asgardarchaeota	Njordarchaeia	Njordarchaeales	Panguiarchaeaceae	Panguiarchaeum	Panguiarchaeum symbiosum	0	80.29	1.06	General	83.81	0.93	149	k__Archaea (UID2)	107	0.0	1162378	90.32752897001043	50	516441	40.13224561098125	1286848	GB_GCA_024720975.1	f	d__Archaea;p__Asgardarchaeota;c__Njordarchaeia;o__Njordarchaeales;f__Panguiarchaeaceae;g__Panguiarchaeum;s__Panguiarchaeum symbiosum	not type material	none	f	10	10	165953	165953	none	0	none	none	none	0	none	none	none	none	none	none	none	none	25736	25736	f	f	t	37297	37297	Contig	ASM3885347v1	na	PRJNA544494	SAMN36039607	50	37297	none	2024-04-30	GCA_038853475.1	derived from metagenome	full	JZ-2_201601_bins_31	none	none	0	0	Thermoproteota archaeon	none	na	0	none	none	none	none	none	2024-04-30	0	2056631	0	JZ-2_201601_bins_31	The University of Texas at Austin	2056631	d__Archaea;p__Thermoproteota;c__;o__;f__;g__;s__	d__Archaea;x__Thermoproteati;p__Thermoproteota;x__unclassified Thermoproteota;s__Thermoproteota archaeon	0	1286848	11	43	na	1286848	0	JAWCJJ000000000.1	1246	50	none	0	none	none	none	none	none	none	none	none	none	none	none	none	none	none	0	19	43	0
GB_GCA_021399345.1	Archaea	Asgardarchaeota	Heimdallarchaeia	Heimdallarchaeales	Heimdallarchaeaceae	UBA460	UBA460 sp021399345	0	88.6	2.78	General	91.59	3.74	149	k__Archaea (UID2)	107	0.0	2974667	91.0894166440066	199	1093530	33.48576824993202	3265656	GB_GCA_021399345.1	t	d__Archaea;p__Asgardarchaeota;c__Heimdallarchaeia;o__Heimdallarchaeales;f__Heimdallarchaeaceae;g__UBA460;s__UBA460 sp021399345	not type material	none	f	19	19	255964	255964	none	0	none	none	none	0	none	none	none	none	none	none	none	none	16410	16410	f	f	t	41762	41762	Contig	ASM2139934v1	na	PRJNA593668	SAMN13483369	199	41762	Pacific Ocean: South China Sea	2022-01-10	GCA_021399345.1	derived from metagenome	full	C4.bin.14	cold seep sediment	22.115325 N 119.285121 E	0	0	Candidatus Heimdallarchaeota archaeon	none	na	1	none	none	none	none	none	2022-01-10	0	2026747	0	C4.bin.14	Institute of Oceanology, Chinese Academy of Sciences	2026747	d__Archaea;p__Candidatus Heimdallarchaeota;c__;o__;f__;g__;s__	d__Archaea;x__Promethearchaeati;p__Candidatus Heimdallarchaeota;x__unclassified Candidatus Heimdallarchaeota;s__Candidatus Heimdallarchaeota archaeon	0	3265656	11	44	na	3265656	0	JAAFKI000000000.1	3173	199	none	0	none	none	none	none	none	none	none	none	none	none	none	none	none	none	0	19	49	0
GB_GCA_014728035.1	Archaea	Asgardarchaeota	Thorarchaeia	Thorarchaeales	Thorarchaeaceae	SHMX01	SHMX01 sp014728035	0	97.91	8.53	General	93.46	4.21	149	k__Archaea (UID2)	107	0.0	3914924	90.44429920710114	173	1711621	39.5426225012689	4328547	GB_GCA_014728035.1	t	d__Archaea;p__Asgardarchaeota;c__Thorarchaeia;o__Thorarchaeales;f__Thorarchaeaceae;g__SHMX01;s__SHMX01 sp014728035	not type material	none	f	13	13	375757	375757	181380	1	2550	WJMJ01000131.1	none	0	none	none	863	235	1.9e-59	72.422	MTMB01000003.340440.343536	Archaea;Thermoproteota;Nitrososphaeria;Caldarchaeales;Geothermarchaeaceae;Incertae Sedis;Candidatus Geothermarchaeota archaeon JdFR-14	25020	25020	f	f	t	87557	87557	Contig	ASM1472803v1	na	PRJNA561032	SAMN13151280	173	87557	Australia: Shark Bay; Hameline Pool	2020-09-24	GCA_014728035.1	derived from metagenome	full	RBin_111	microbial mat from hypersaline water environment	25.7834 S 113.2988 E	0	0	Promethearchaeota archaeon	none	na	3	none	none	none	none	none	2020-09-24	0	2053489	1	RBin_111	University of New South Wales	2053489	d__Archaea;p__Promethearchaeota;c__;o__;f__;g__;s__	d__Archaea;x__Promethearchaeati;p__Promethearchaeota;x__unclassified Promethearchaeota;s__Promethearchaeota archaeon	0	4328547	11	67	na	4328547	0	WJMJ00000000.1	4225	173	none	0	none	none	none	none	none	none	none	none	none	none	none	none	none	none	0	19	67	1
RS_GCF_019058535.1	Archaea	Asgardarchaeota	Sifarchaeia	Borrarchaeales	Borrarchaeaceae	Borrarchaeum	Borrarchaeum weybense	0	100.0	7.94	General	93.15	3.74	149	k__Archaea (UID2)	107	0.0	3129626	85.05661969059607	283	1358757	36.92814329921059	3679462	GB_GCA_019057385.1	f	d__Archaea;p__Asgardarchaeota;c__Sifarchaeia;o__Borrarchaeales;f__Borrarchaeaceae;g__Borrarchaeum;s__Borrarchaeum weybense	not type material	none	f	62	62	63737	63737	none	0	none	none	30689	1	113	NZ_JAHPYX010000224.1	none	none	none	none	none	none	13001	13001	f	f	t	18812	18812	Contig	ASM1905853v1	na	PRJNA224116	SAMN19664020	283	18812	Australia: Lake Weyba; Sunshine Coast	2021-06-29	GCA_019058535.1	derived from metagenome	full	LW55_7	Saline water lake sediment	26.44 S 153.06 E	0	0	Candidatus Borrarchaeum sp.	none	na	1	none	none	none	none	none	2021-06-29	0	2846742	0	LW55_7	The University of Queensland	2846742	d__Archaea;p__Candidatus Borrarchaeota;c__Candidatus Borrarchaeia;o__Candidatus Borrarchaeales;f__Candidatus Borrarchaeaceae;g__Candidatus Borrarchaeum;s__	d__Archaea;x__Promethearchaeati;p__Candidatus Borrarchaeota;c__Candidatus Borrarchaeia;o__Candidatus Borrarchaeales;f__Candidatus Borrarchaeaceae;g__Candidatus Borrarchaeum;x__unclassified Candidatus Borrarchaeum;s__Candidatus Borrarchaeum sp.	0	3679462	11	41	na	3679462	0	JAHPYX000000000.1	3736	283	none	0	none	none	none	none	none	none	none	none	none	none	none	none	none	none	0	18	36	0
GB_GCA_029856145.1	Archaea	Asgardarchaeota	Lokiarchaeia	Sigyniarchaeales	SOKP01	Loki-b32	Loki-b32 sp029856145	0	97.01	5.38	General	87.38	3.27	149	k__Archaea (UID2)	107	0.0	3109389	87.46798773969813	32	1062507	29.888620963585915	3554888	GB_GCA_029856145.1	t	d__Archaea;p__Asgardarchaeota;c__Lokiarchaeia;o__Sigyniarchaeales;f__SOKP01;g__Loki-b32;s__Loki-b32 sp029856145	not type material	none	f	7	7	649473	649473	none	0	none	none	none	0	none	none	none	none	none	none	none	none	111090	111090	f	f	t	155263	155263	Contig	ASM2985614v1	na	PRJNA417281	SAMN08011041	32	155263	Denmark: Aarhus Bay Station M5	2023-04-24	GCA_029856145.1	derived from metagenome	full	ABR05	marine sediment	56.1033 N 10.4578 E	0	none	Promethearchaeia archaeon	none	na	none	none	none	none	none	none	2023-04-24	0	3067280	none	ABR05	Uppsala University	3067280	d__Archaea;p__Promethearchaeota;c__Promethearchaeia;o__;f__;g__;s__	d__Archaea;x__Promethearchaeati;p__Promethearchaeota;c__Promethearchaeia;x__unclassified Promethearchaeia;s__Promethearchaeia archaeon	0	3554888	none	none	na	3554888	0	JAHQWK000000000.1	3359	32	148119	1	none	none	none	none	none	none	690	JAHQWK010000020.1	689	1240	0	99.129	GQ410974.1.940	Archaea;Thermoproteota;Bathyarchaeia;Incertae Sedis;Incertae Sedis;Incertae Sedis;uncultured archaeon	0	16	34	1
GB_GCA_016840035.1	Archaea	Asgardarchaeota	Heimdallarchaeia	Hodarchaeales	Hodarchaeaceae	Hodarchaeum	Hodarchaeum sp016840035	0	86.97	4.0	General	88.01	0.93	149	k__Archaea (UID2)	107	0.0	3833719	89.09426278273351	293	1552243	36.07357392251717	4302992	GB_GCA_016840035.1	t	d__Archaea;p__Asgardarchaeota;c__Heimdallarchaeia;o__Hodarchaeales;f__Hodarchaeaceae;g__Hodarchaeum;s__Hodarchaeum sp016840035	not type material	none	f	38	38	147174	147174	none	0	none	none	none	0	none	none	none	none	none	none	none	none	14685	14685	f	f	t	26822	26822	Contig	ASM1684003v1	na	PRJNA680430	SAMN16492221	293	26822	China: Rongcheng Nation Swan Nature Reserve	2021-02-09	GCA_016840035.1	derived from metagenome	full	YT1_021	coastal marine sediment	37.350000 N 122.580000 E	0	none	Candidatus Hodarchaeota archaeon	none	na	none	none	none	none	none	none	2021-02-09	0	2800102	none	YT1_021	Shenzhen Univeristy	2800102	d__Archaea;p__Candidatus Hodarchaeota;c__;o__;f__;g__;s__	d__Archaea;x__Promethearchaeati;p__Candidatus Hodarchaeota;x__unclassified Candidatus Hodarchaeota;s__Candidatus Hodarchaeota archaeon	0	4302992	none	none	na	4302992	0	JAEOTC000000000.1	4032	293	none	0	none	none	none	none	none	none	none	none	none	none	none	none	none	none	0	16	36	0
GB_GCA_964447495.1	Archaea	Asgardarchaeota	Lokiarchaeia	Sigyniarchaeales	SOKP01	SOKP01	SOKP01 sp964447495	0	98.42	3.75	General	82.71	3.27	149	k__Archaea (UID2)	107	0.0	3332275	87.43202733993218	297	1192908	31.36033649896487	3811275	GB_GCA_964447495.1	t	d__Archaea;p__Asgardarchaeota;c__Lokiarchaeia;o__Sigyniarchaeales;f__SOKP01;g__SOKP01;s__SOKP01 sp964447495	not type material	none	f	44	35	180399	180399	2743	1	1593	CAYUTF010000218.1	none	0	none	none	306	466	3.85e-129	94.118	JYIM01000373.485.3826	Archaea;Asgardarchaeota;Incertae Sedis;Incertae Sedis;Incertae Sedis;Incertae Sedis;Lokiarchaeum sp. GC14_75	12807	17090	f	f	t	24520	29171	Scaffold	binchicken_co196_315	na	PRJEB82487	SAMEA117364356	297	24520	none	2025-01-12	GCA_964447495.1	derived from metagenome	full	binchicken_co196_315	none	none	0	none	uncultured archaeon	none	na	none	223	35	29171	15297	7008	2025-01-12	74	115547	none	binchicken_co196_315	Centre for Microbiome Research	115547	d__Archaea;p__;c__;o__;f__;g__;s__	d__Archaea;x__environmental samples;s__uncultured archaeon	7400	3811275	none	none	na	3803875	0	CAYUTF000000000.1	3919	223	none	0	none	none	none	none	none	none	none	none	none	none	none	none	none	none	7400	18	55	1
GB_GCA_025435435.1	Archaea	Asgardarchaeota	Lokiarchaeia	Sigyniarchaeales	SOKP01	JALGVJ01	JALGVJ01 sp029838195	1	96.61	7.87	General	91.12	3.27	149	k__Archaea (UID2)	107	0.0	3730401	82.59553704354819	94	1511154	33.458763232411535	4516468	GB_GCA_029838195.1	f	d__Archaea;p__Asgardarchaeota;c__Lokiarchaeia;o__Sigyniarchaeales;f__SOKP01;g__JALGVJ01;s__JALGVJ01 sp029838195	not type material	none	f	15	15	291106	291106	65386	1	2492	JAIWPD010000020.1	none	0	none	none	1872	2318	0	89.103	JYIM01000373.485.3826	Archaea;Asgardarchaeota;Incertae Sedis;Incertae Sedis;Incertae Sedis;Incertae Sedis;Lokiarchaeum sp. GC14_75	48047	48047	f	f	t	97286	97286	Contig	ASM2543543v1	na	PRJNA743331	SAMN21493091	94	97286	Mexico: Guaymas Basin; Gulf of California	2022-09-27	GCA_025435435.1	derived from metagenome	full	Meg22_1012_Bin_233	marine sediment	27.388 N 111.24560 W	0	none	Promethearchaeota archaeon	none	na	none	none	none	none	none	none	2022-09-27	0	2053489	none	Meg22_1012_Bin_233	The University of Texas at Austin	2053489	d__Archaea;p__Promethearchaeota;c__;o__;f__;g__;s__	d__Archaea;x__Promethearchaeati;p__Promethearchaeota;x__unclassified Promethearchaeota;s__Promethearchaeota archaeon	0	4516468	none	none	na	4516468	0	JAIWPD000000000.1	4066	94	none	0	none	none	none	none	none	none	none	none	none	none	none	none	none	none	0	17	43	1
GB_GCA_048886525.1	Archaea	Asgardarchaeota	Heimdallarchaeia	Hodarchaeales	Hodarchaeaceae	Hodarchaeum	Hodarchaeum sp048886525	0	94.8	8.41	General	91.59	6.54	149	k__Archaea (UID2)	107	0.0	3954751	85.882894828851	429	1525078	33.13090840521829	4604818	GB_GCA_048886525.1	t	d__Archaea;p__Asgardarchaeota;c__Heimdallarchaeia;o__Hodarchaeales;f__Hodarchaeaceae;g__Hodarchaeum;s__Hodarchaeum sp048886525	not type material	none	f	76	75	109598	109598	none	0	none	none	none	0	none	none	none	none	none	none	none	none	10730	11231	f	f	t	16098	16637	Scaffold	ASM4888652v1	na	PRJNA1162170	SAMN43852793	429	16098	none	2025-03-24	GCA_048886525.1	derived from metagenome	full	DZ1M.117	none	none	0	0	Candidatus Hodarchaeota archaeon	none	na	0	410	75	16637	8293	4782	2025-03-24	19	2800102	0	DZ1M.117	East china normal University	2800102	d__Archaea;p__Candidatus Hodarchaeota;c__;o__;f__;g__;s__	d__Archaea;x__Promethearchaeati;p__Candidatus Hodarchaeota;x__unclassified Candidatus Hodarchaeota;s__Candidatus Hodarchaeota archaeon	1630	4604818	11	41	na	4603188	0	JBHLKP000000000.1	4372	410	none	0	none	none	none	none	none	none	none	none	none	none	none	none	none	none	1630	17	41	0
GB_GCA_038819355.1	Archaea	Asgardarchaeota	Jordiarchaeia	Jordiarchaeales	Freyrarchaeaceae	DTBI01	DTBI01 sp019057715	0	94.15	2.44	General	98.13	3.27	149	k__Archaea (UID2)	107	0.0	1986453	85.20177621919915	66	1107574	47.56312697540196	2331469	GB_GCA_038858525.1	f	d__Archaea;p__Asgardarchaeota;c__Jordiarchaeia;o__Jordiarchaeales;f__Freyrarchaeaceae;g__DTBI01;s__DTBI01 sp019057715	not type material	none	f	12	5	237900	423116	423116	1	3051	JAWAYB010000001.1	none	0	none	none	2922	2473	0	82.375	KX764886.1.3038	Archaea;Incertae Sedis;Incertae Sedis;Incertae Sedis;Incertae Sedis;Incertae Sedis;uncultured archaeon	35282	63012	f	f	t	68734	183020	Scaffold	ASM3881935v1	na	PRJNA544494	SAMN36038489	66	68734	none	2024-04-30	GCA_038819355.1	derived from metagenome	full	ZZQ_201803_bins_26	none	none	0	0	Candidatus Jordarchaeales archaeon	none	na	2	37	5	183020	48430	21505	2024-04-30	29	3058035	1	ZZQ_201803_bins_26	The University of Texas at Austin	3058035	d__Archaea;p__;c__Candidatus Jordarchaeia;o__Candidatus Jordarchaeales;f__;g__;s__	d__Archaea;x__Promethearchaeati;x__Promethearchaeati incertae sedis;c__Candidatus Jordarchaeia;o__Candidatus Jordarchaeales;x__unclassified Candidatus Jordarchaeales;s__Candidatus Jordarchaeales archaeon	2829	2331469	11	44	na	2328640	0	JAWAYB000000000.1	2390	37	73952	1	none	none	none	none	none	none	1493	JAWAYB010000009.1	1370	1592	0	87.956	JF935161.1.1360	Archaea;Thermoproteota;Bathyarchaeia;Incertae Sedis;Incertae Sedis;Incertae Sedis;uncultured crenarchaeote	2829	18	42	0
GB_GCA_038884015.1	Archaea	Asgardarchaeota	Jordiarchaeia	Jordiarchaeales	Freyrarchaeaceae	DTBI01	DTBI01 sp019057715	0	94.47	3.29	General	98.13	4.21	149	k__Archaea (UID2)	107	0.0	2131523	85.09216521793978	36	1188657	47.47068767694324	2504958	GB_GCA_038858525.1	f	d__Archaea;p__Asgardarchaeota;c__Jordiarchaeia;o__Jordiarchaeales;f__Freyrarchaeaceae;g__DTBI01;s__DTBI01 sp019057715	not type material	none	f	6	5	387542	387542	387542	1	3051	JAVZKZ010000001.1	none	0	none	none	2922	2473	0	82.375	KX764886.1.3038	Archaea;Incertae Sedis;Incertae Sedis;Incertae Sedis;Incertae Sedis;Incertae Sedis;uncultured archaeon	69555	96344	f	f	t	113494	186038	Scaffold	ASM3888401v1	na	PRJNA544494	SAMN36037304	36	113494	none	2024-04-30	GCA_038884015.1	derived from metagenome	full	DRTY-6_201907_bins_30	none	none	0	0	Candidatus Jordarchaeales archaeon	none	na	2	26	5	186038	83389	52525	2024-04-30	10	3058035	1	DRTY-6_201907_bins_30	The University of Texas at Austin	3058035	d__Archaea;p__;c__Candidatus Jordarchaeia;o__Candidatus Jordarchaeales;f__;g__;s__	d__Archaea;x__Promethearchaeati;x__Promethearchaeati incertae sedis;c__Candidatus Jordarchaeia;o__Candidatus Jordarchaeales;x__unclassified Candidatus Jordarchaeales;s__Candidatus Jordarchaeales archaeon	977	2504958	11	45	na	2503981	0	JAVZKZ000000000.1	2567	26	250834	1	none	none	none	none	none	none	1493	JAVZKZ010000002.1	1370	1587	0	87.883	JF935161.1.1360	Archaea;Thermoproteota;Bathyarchaeia;Incertae Sedis;Incertae Sedis;Incertae Sedis;uncultured crenarchaeote	977	18	43	0
GB_GCA_016840515.1	Archaea	Asgardarchaeota	Sifarchaeia	Borrarchaeales	Borrarchaeaceae	Borrarchaeum	Borrarchaeum yapensis	0	100.0	10.26	General	95.02	5.61	149	k__Archaea (UID2)	107	0.0	3076821	84.74449714008554	124	1346735	37.0929541744395	3630703	GB_GCA_016840515.1	t	d__Archaea;p__Asgardarchaeota;c__Sifarchaeia;o__Borrarchaeales;f__Borrarchaeaceae;g__Borrarchaeum;s__Borrarchaeum yapensis	not type material	none	f	22	22	208231	208231	none	0	none	none	37619	1	113	JAEOSF010000036.1	none	none	none	none	none	none	29279	29279	f	f	t	53701	53701	Contig	ASM1684051v1	na	PRJNA680430	SAMN16492198	124	53701	Pacific Ocean: Yap Trench	2021-02-09	GCA_016840515.1	derived from metagenome	full	Yap2000.bin9.141	seawater	9.900000 N 138.510000 E	0	none	Candidatus Borrarchaeum yapensis	none	na	none	none	none	none	none	none	2021-02-09	0	2798939	none	Yap2000.bin9.141	Shenzhen Univeristy	2798939	d__Archaea;p__Candidatus Borrarchaeota;c__Candidatus Borrarchaeia;o__Candidatus Borrarchaeales;f__Candidatus Borrarchaeaceae;g__Candidatus Borrarchaeum;s__Candidatus Borrarchaeum yapensis	d__Archaea;x__Promethearchaeati;p__Candidatus Borrarchaeota;c__Candidatus Borrarchaeia;o__Candidatus Borrarchaeales;f__Candidatus Borrarchaeaceae;g__Candidatus Borrarchaeum;s__Candidatus Borrarchaeum yapensis	0	3630703	none	none	na	3630703	0	JAEOSF000000000.1	3586	124	none	0	none	none	none	none	none	none	none	none	none	none	none	none	none	none	0	19	42	0
GB_GCA_048939935.1	Archaea	Asgardarchaeota	Thorarchaeia	Thorarchaeales	Thorarchaeaceae	SMTZ1-45	SMTZ1-45 sp048939935	0	74.44	3.39	General	78.5	1.87	149	k__Archaea (UID2)	107	0.0	2221236	90.59040643078686	379	1058911	43.19314301191236	2451955	GB_GCA_048939935.1	t	d__Archaea;p__Asgardarchaeota;c__Thorarchaeia;o__Thorarchaeales;f__Thorarchaeaceae;g__SMTZ1-45;s__SMTZ1-45 sp048939935	not type material	none	f	106	102	31077	31077	none	0	none	none	none	0	none	none	none	none	none	none	none	none	6468	7005	f	f	t	7666	7929	Scaffold	ASM4893993v1	na	PRJNA1162170	SAMN43852908	379	7666	none	2025-03-25	GCA_048939935.1	derived from metagenome	full	DZ3S.355	none	none	0	0	Promethearchaeota archaeon	none	na	1	350	102	7929	5310	3903	2025-03-25	29	2053489	0	DZ3S.355	East china normal University	2053489	d__Archaea;p__Promethearchaeota;c__;o__;f__;g__;s__	d__Archaea;x__Promethearchaeati;p__Promethearchaeota;x__unclassified Promethearchaeota;s__Promethearchaeota archaeon	383	2451955	11	24	na	2451572	0	JBHLPA000000000.1	2710	350	none	0	none	none	none	none	none	none	none	none	none	none	none	none	none	none	383	16	25	0
GB_GCA_004376265.1	Archaea	Asgardarchaeota	Thorarchaeia	Thorarchaeales	Thorarchaeaceae	SMTZ1-45	SMTZ1-45 sp004376265	0	91.4	8.26	General	90.65	7.48	149	k__Archaea (UID2)	107	11.11	2731420	89.93143412160772	393	1316117	43.33287787371696	3037225	GB_GCA_004376265.1	t	d__Archaea;p__Asgardarchaeota;c__Thorarchaeia;o__Thorarchaeales;f__Thorarchaeaceae;g__SMTZ1-45;s__SMTZ1-45 sp004376265	not type material	none	f	73	73	82247	82247	8037	1	817	SOKL01000180.1	18364	1	115	SOKL01000121.1	400	113	2.92e-23	72.75	JQLY01000001.1945851.1948807	Archaea;Methanobacteriota;Methanobacteria;Methanobacteriales;Methanobacteriaceae;Methanobacterium;Methanobacterium sp. SMA-27	7728	7728	f	f	t	11311	11311	Contig	ASM437626v1	na	PRJNA485648	SAMN11124426	393	11311	Atlantic Ocean	2019-03-25	GCA_004376265.1	derived from metagenome	full	E44_bin77	deep sea sediments associated with petroleum seepage	26.28 N 86.81 W	0	0	Candidatus Thorarchaeota archaeon	none	na	1	none	none	none	none	none	2019-03-25	0	2053491	0	E44_bin77	University of Calgary	2053491	d__Archaea;p__Candidatus Thorarchaeota;c__;o__;f__;g__;s__	d__Archaea;x__Promethearchaeati;p__Candidatus Thorarchaeota;x__unclassified Candidatus Thorarchaeota;s__Candidatus Thorarchaeota archaeon	0	3037225	11	36	na	3037225	0	SOKL00000000.1	3273	393	none	0	none	none	none	none	none	none	none	none	none	none	none	none	none	none	0	18	39	0
GB_GCA_048887165.1	Archaea	Asgardarchaeota	Lokiarchaeia	Sigyniarchaeales	SOKP01	SOKP01	SOKP01 sp048887165	0	100.0	3.63	General	88.79	3.27	149	k__Archaea (UID2)	107	0.0	3673726	88.83181799387125	238	1230641	29.767064636110607	4135597	GB_GCA_048887165.1	t	d__Archaea;p__Asgardarchaeota;c__Lokiarchaeia;o__Sigyniarchaeales;f__SOKP01;g__SOKP01;s__SOKP01 sp048887165	not type material	none	f	44	40	134382	137155	46829	1	1020	JBHLJZ010000016.1	none	0	none	none	1026	1279	0	89.376	JYIM01000373.485.3826	Archaea;Asgardarchaeota;Incertae Sedis;Incertae Sedis;Incertae Sedis;Incertae Sedis;Lokiarchaeum sp. GC14_75	17370	18884	f	f	t	27873	29743	Scaffold	ASM4888716v1	na	PRJNA1162170	SAMN43852777	238	27873	none	2025-03-24	GCA_048887165.1	derived from metagenome	full	DZ1B.201	none	none	0	0	Candidatus Hodarchaeota archaeon	none	na	4	219	40	29743	16550	8193	2025-03-24	19	2800102	2	DZ1B.201	East china normal University	2800102	d__Archaea;p__Candidatus Hodarchaeota;c__;o__;f__;g__;s__	d__Archaea;x__Promethearchaeati;p__Candidatus Hodarchaeota;x__unclassified Candidatus Hodarchaeota;s__Candidatus Hodarchaeota archaeon	1360	4135597	11	48	na	4134237	0	JBHLJZ000000000.1	4038	219	none	0	none	none	none	none	none	none	none	none	none	none	none	none	none	none	1360	19	49	1
GB_GCA_048938565.1	Archaea	Asgardarchaeota	Lokiarchaeia	Sigyniarchaeales	SOKP01	FT1-020	FT1-020 sp048938565	0	83.09	3.68	General	70.72	2.95	149	k__Archaea (UID2)	107	25.0	2892653	85.27642250058224	744	1143140	33.715225293644885	3392090	GB_GCA_048938565.1	t	d__Archaea;p__Asgardarchaeota;c__Lokiarchaeia;o__Sigyniarchaeales;f__SOKP01;g__FT1-020;s__FT1-020 sp048938565	not type material	none	f	212	191	20608	21325	none	0	none	none	none	0	none	none	none	none	none	none	none	none	4557	5367	f	f	t	5241	5825	Scaffold	ASM4893856v1	na	PRJNA1162170	SAMN43852831	744	5241	none	2025-03-25	GCA_048938565.1	derived from metagenome	full	DZ2M.159	none	none	0	0	Promethearchaeota archaeon	none	na	2	632	191	5825	4009	3140	2025-03-25	112	2053489	2	DZ2M.159	East china normal University	2053489	d__Archaea;p__Promethearchaeota;c__;o__;f__;g__;s__	d__Archaea;x__Promethearchaeati;p__Promethearchaeota;x__unclassified Promethearchaeota;s__Promethearchaeota archaeon	1515	3392090	11	33	na	3390575	0	JBHLMB000000000.1	3644	632	none	0	none	none	none	none	none	none	none	none	none	none	none	none	none	none	1515	14	31	0
GB_GCA_048881705.1	Archaea	Asgardarchaeota	Heimdallarchaeia	Hodarchaeales	Hodarchaeaceae	Hodarchaeum	Hodarchaeum sp048881705	0	90.87	7.5	General	89.88	3.74	149	k__Archaea (UID2)	107	25.0	3459439	87.32876306010228	166	1627003	41.07822698922904	3961397	GB_GCA_048881705.1	t	d__Archaea;p__Asgardarchaeota;c__Heimdallarchaeia;o__Hodarchaeales;f__Hodarchaeaceae;g__Hodarchaeum;s__Hodarchaeum sp048881705	not type material	none	f	31	29	204687	204687	72465	1	2083	JBHLSH010000009.1	none	0	none	none	1369	272	1.18e-70	71.147	KX764886.1.3038	Archaea;Incertae Sedis;Incertae Sedis;Incertae Sedis;Incertae Sedis;Incertae Sedis;uncultured archaeon	23859	25557	f	f	t	39229	39736	Scaffold	ASM4888170v1	na	PRJNA1162170	SAMN43852993	166	39229	none	2025-03-24	GCA_048881705.1	derived from metagenome	full	TM2S.58	none	none	0	0	Candidatus Heimdallarchaeota archaeon	none	na	2	155	29	39736	23778	13064	2025-03-24	11	2026747	1	TM2S.58	East china normal University	2026747	d__Archaea;p__Candidatus Heimdallarchaeota;c__;o__;f__;g__;s__	d__Archaea;x__Promethearchaeati;p__Candidatus Heimdallarchaeota;x__unclassified Candidatus Heimdallarchaeota;s__Candidatus Heimdallarchaeota archaeon	654	3961397	11	45	na	3960743	0	JBHLSH000000000.1	3567	155	47012	1	none	none	none	none	none	none	1475	JBHLSH010000020.1	1405	1742	0	89.11	JQ989638.1.1405	Archaea;Asgardarchaeota;Lokiarchaeia;Odinarchaeales;Incertae Sedis;LCB-4;uncultured archaeon	654	18	46	0
GB_GCA_038855695.1	Archaea	Asgardarchaeota	Jordiarchaeia	Jordiarchaeales	Freyrarchaeaceae	DTBI01	DTBI01 sp019057715	0	92.58	2.86	General	96.26	0.93	149	k__Archaea (UID2)	107	0.0	1864593	86.66015992638089	68	1023637	47.57528647086026	2151615	GB_GCA_038858525.1	f	d__Archaea;p__Asgardarchaeota;c__Jordiarchaeia;o__Jordiarchaeales;f__Freyrarchaeaceae;g__DTBI01;s__DTBI01 sp019057715	not type material	none	f	13	13	191031	191031	191031	1	3051	JAWCHS010000001.1	none	0	none	none	2922	2473	0	82.375	KX764886.1.3038	Archaea;Incertae Sedis;Incertae Sedis;Incertae Sedis;Incertae Sedis;Incertae Sedis;uncultured archaeon	31641	31641	f	f	t	49023	49023	Contig	ASM3885569v1	na	PRJNA544494	SAMN36039564	68	49023	none	2024-04-30	GCA_038855695.1	derived from metagenome	full	JZ-1_202101_bins_13	none	none	0	0	Candidatus Jordarchaeales archaeon	none	na	1	none	none	none	none	none	2024-04-30	0	3058035	0	JZ-1_202101_bins_13	The University of Texas at Austin	3058035	d__Archaea;p__;c__Candidatus Jordarchaeia;o__Candidatus Jordarchaeales;f__;g__;s__	d__Archaea;x__Promethearchaeati;x__Promethearchaeati incertae sedis;c__Candidatus Jordarchaeia;o__Candidatus Jordarchaeales;x__unclassified Candidatus Jordarchaeales;s__Candidatus Jordarchaeales archaeon	0	2151615	11	42	na	2151615	0	JAWCHS000000000.1	2230	68	none	0	none	none	none	none	none	none	none	none	none	none	none	none	none	none	0	17	40	0
GB_GCA_048886605.1	Archaea	Asgardarchaeota	Lokiarchaeia	Sigyniarchaeales	SOKP01	Loki-b32	Loki-b32 sp048885525	0	98.27	6.2	General	88.32	2.8	149	k__Archaea (UID2)	107	0.0	3262343	87.54555271341212	122	1097724	29.47501941329427	3726452	GB_GCA_048885525.1	f	d__Archaea;p__Asgardarchaeota;c__Lokiarchaeia;o__Sigyniarchaeales;f__SOKP01;g__Loki-b32;s__Loki-b32 sp048885525	not type material	none	f	21	20	218886	218886	none	0	none	none	none	0	none	none	none	none	none	none	none	none	30526	37264	f	f	t	50400	55869	Scaffold	ASM4888660v1	na	PRJNA1162170	SAMN43852792	122	50400	none	2025-03-24	GCA_048886605.1	derived from metagenome	full	DZ1B.42	none	none	0	0	Candidatus Hodarchaeota archaeon	none	na	3	100	20	55869	30422	16834	2025-03-24	22	2800102	2	DZ1B.42	East china normal University	2800102	d__Archaea;p__Candidatus Hodarchaeota;c__;o__;f__;g__;s__	d__Archaea;x__Promethearchaeati;p__Candidatus Hodarchaeota;x__unclassified Candidatus Hodarchaeota;s__Candidatus Hodarchaeota archaeon	2200	3726452	11	41	na	3724252	0	JBHLKO000000000.1	3545	100	none	0	none	none	none	none	none	none	none	none	none	none	none	none	none	none	2200	16	39	1
GB_GCA_038866325.1	Archaea	Asgardarchaeota	Jordiarchaeia	Jordiarchaeales	Freyrarchaeaceae	DTBI01	DTBI01 sp019057715	0	92.85	3.1	General	96.26	2.34	149	k__Archaea (UID2)	107	0.0	1991790	85.13676748800394	38	1115559	47.70516304638338	2339518	GB_GCA_038858525.1	f	d__Archaea;p__Asgardarchaeota;c__Jordiarchaeia;o__Jordiarchaeales;f__Freyrarchaeaceae;g__DTBI01;s__DTBI01 sp019057715	not type material	none	f	7	4	217193	418084	381704	1	3051	JAWBZK010000002.1	none	0	none	none	2922	2473	0	82.375	KX764886.1.3038	Archaea;Incertae Sedis;Incertae Sedis;Incertae Sedis;Incertae Sedis;Incertae Sedis;uncultured archaeon	61538	86648	f	f	t	155797	189170	Scaffold	ASM3886632v1	na	PRJNA544494	SAMN36039348	38	155797	none	2024-04-30	GCA_038866325.1	derived from metagenome	full	JZ-1_201901_bins_6	none	none	0	0	Candidatus Jordarchaeales archaeon	none	na	2	27	4	189170	111103	29549	2024-04-30	11	3058035	1	JZ-1_201901_bins_6	The University of Texas at Austin	3058035	d__Archaea;p__;c__Candidatus Jordarchaeia;o__Candidatus Jordarchaeales;f__;g__;s__	d__Archaea;x__Promethearchaeati;x__Promethearchaeati incertae sedis;c__Candidatus Jordarchaeia;o__Candidatus Jordarchaeales;x__unclassified Candidatus Jordarchaeales;s__Candidatus Jordarchaeales archaeon	1073	2339518	11	42	na	2338445	0	JAWBZK000000000.1	2403	27	418084	1	none	none	none	none	none	none	1493	JAWBZK010000001.1	1370	1587	0	87.883	JF935161.1.1360	Archaea;Thermoproteota;Bathyarchaeia;Incertae Sedis;Incertae Sedis;Incertae Sedis;uncultured crenarchaeote	1073	17	40	0
GB_GCA_023139025.1	Archaea	Asgardarchaeota	Heimdallarchaeia	Heimdallarchaeales	Heimdallarchaeaceae	UBA460	UBA460 sp023139025	0	80.8	3.73	General	86.45	0.93	149	k__Archaea (UID2)	107	0.0	2508274	91.2618999539738	659	917328	33.376376010347705	2748435	GB_GCA_023139025.1	t	d__Archaea;p__Asgardarchaeota;c__Heimdallarchaeia;o__Heimdallarchaeales;f__Heimdallarchaeaceae;g__UBA460;s__UBA460 sp023139025	not type material	none	f	135	135	26862	26862	3240	1	929	JAGLOH010000288.1	none	0	none	none	929	1600	0	97.74	MEHH01000225.593.3133	Archaea;Asgardarchaeota;Incertae Sedis;Incertae Sedis;Incertae Sedis;Incertae Sedis;Candidatus Heimdallarchaeota archaeon AB_125	4170	4170	f	f	t	6299	6299	Contig	ASM2313902v1	na	PRJNA707313	SAMN18452078	659	6299	China: South China Sea	2022-04-26	GCA_023139025.1	derived from metagenome	full	RS_7_21	deep sea sediment	22.01 N 119.28 E	0	0	Candidatus Heimdallarchaeota archaeon	none	na	2	none	none	none	none	none	2022-04-26	0	2026747	1	RS_7_21	Institute of Oceanology, Chinese Academy of Sciences	2026747	d__Archaea;p__Candidatus Heimdallarchaeota;c__;o__;f__;g__;s__	d__Archaea;x__Promethearchaeati;p__Candidatus Heimdallarchaeota;x__unclassified Candidatus Heimdallarchaeota;s__Candidatus Heimdallarchaeota archaeon	0	2748435	11	38	na	2748435	0	JAGLOH000000000.1	3088	659	26862	1	none	none	none	none	none	none	904	JAGLOH010000001.1	887	1639	0	100	JQ817511.1.1411	Archaea;Asgardarchaeota;Heimdallarchaeia;Incertae Sedis;Incertae Sedis;AB_125;uncultured archaeon	0	19	39	0
GB_GCA_048937435.1	Archaea	Asgardarchaeota	Hermodarchaeia	Hermodarchaeales	Hermodarchaeaceae	Hermodarchaeum	Hermodarchaeum sp048937435	0	77.5	4.68	General	82.57	2.64	149	k__Archaea (UID2)	107	83.33	2033131	89.31515984318797	413	1013177	44.52057563440624	2276356	GB_GCA_048937435.1	t	d__Archaea;p__Asgardarchaeota;c__Hermodarchaeia;o__Hermodarchaeales;f__Hermodarchaeaceae;g__Hermodarchaeum;s__Hermodarchaeum sp048937435	not type material	none	f	111	109	41981	41981	none	0	none	none	4079	1	102	JBHLNC010000230.1	none	none	none	none	none	none	5510	5851	f	f	t	6613	6680	Scaffold	ASM4893743v1	na	PRJNA1162170	SAMN43852858	413	6613	none	2025-03-25	GCA_048937435.1	derived from metagenome	full	DZ2S.148	none	none	0	0	Promethearchaeota archaeon	none	na	1	389	109	6680	4190	3269	2025-03-25	24	2053489	0	DZ2S.148	East china normal University	2053489	d__Archaea;p__Promethearchaeota;c__;o__;f__;g__;s__	d__Archaea;x__Promethearchaeati;p__Promethearchaeota;x__unclassified Promethearchaeota;s__Promethearchaeota archaeon	606	2276356	11	39	na	2275750	0	JBHLNC000000000.1	2495	389	none	0	none	none	none	none	none	none	none	none	none	none	none	none	none	none	606	17	38	0
GB_GCA_004524725.1	Archaea	Asgardarchaeota	Lokiarchaeia	Sigyniarchaeales	SOKP01	SOKP01	SOKP01 sp004524725	0	70.7	3.42	General	73.94	0.47	149	k__Archaea (UID2)	107	0.0	2148628	89.27504340914369	183	772185	32.08412502996779	2406751	GB_GCA_004524725.1	t	d__Archaea;p__Asgardarchaeota;c__Lokiarchaeia;o__Sigyniarchaeales;f__SOKP01;g__SOKP01;s__SOKP01 sp004524725	not type material	none	f	38	38	84359	84359	none	0	none	none	none	0	none	none	none	none	none	none	none	none	13151	13151	f	f	t	17542	17542	Contig	ASM452472v1	na	PRJNA483005	SAMN10768448	183	17542	Romania: Amara	2019-03-29	GCA_004524725.1	derived from metagenome	full	AMARA_5S	lake sediment	44.6085139 N 27.331375 E	0	0	Promethearchaeota archaeon	none	na	2	none	none	none	none	none	2019-03-29	0	2053489	2	AMARA_5S	Babes-Bolyai University	2053489	d__Archaea;p__Promethearchaeota;c__;o__;f__;g__;s__	d__Archaea;x__Promethearchaeati;p__Promethearchaeota;x__unclassified Promethearchaeota;s__Promethearchaeota archaeon	0	2406751	11	24	na	2406751	0	SDNW00000000.1	2460	183	14416	1	none	none	none	none	none	none	545	SDNW01000058.1	544	911	0	96.875	GQ410837.1.927	Archaea;Thermoproteota;Bathyarchaeia;Incertae Sedis;Incertae Sedis;Incertae Sedis;uncultured archaeon	0	15	32	0
GB_GCA_037928875.1	Archaea	Asgardarchaeota	Heimdallarchaeia	Heimdallarchaeales	Kariarchaeaceae	S139-21	S139-21 sp027077875	0	62.02	2.11	General	62.31	0.93	149	k__Archaea (UID2)	107	0.0	2378806	90.45405631499897	78	1254693	47.709679259273344	2629850	GB_GCA_027077875.1	f	d__Archaea;p__Asgardarchaeota;c__Heimdallarchaeia;o__Heimdallarchaeales;f__Kariarchaeaceae;g__S139-21;s__S139-21 sp027077875	not type material	none	f	14	14	219707	219707	none	0	none	none	none	0	none	none	none	none	none	none	none	none	33716	33716	f	f	t	62838	62838	Contig	ASM3792887v1	na	PRJNA495050	SAMN18742755	78	62838	none	2024-04-02	GCA_037928875.1	derived from metagenome	full	M2_74_esom	none	none	0	none	Candidatus Heimdallarchaeota archaeon	none	na	none	none	none	none	none	none	2024-04-02	0	2026747	none	M2_74_esom	Portland State University	2026747	d__Archaea;p__Candidatus Heimdallarchaeota;c__;o__;f__;g__;s__	d__Archaea;x__Promethearchaeati;p__Candidatus Heimdallarchaeota;x__unclassified Candidatus Heimdallarchaeota;s__Candidatus Heimdallarchaeota archaeon	0	2629850	none	none	na	2629850	0	JAGSHL000000000.1	2419	78	none	0	none	none	none	none	none	none	none	none	none	none	none	none	none	none	0	15	24	0
GB_GCA_048882045.1	Archaea	Asgardarchaeota	Thorarchaeia	Thorarchaeales	Thorarchaeaceae	SMTZ1-45	SMTZ1-45 sp048882045	0	93.37	2.83	General	93.93	3.74	149	k__Archaea (UID2)	107	0.0	3314609	91.41502047358844	106	1603745	44.24623357504336	3625891	GB_GCA_048882045.1	t	d__Archaea;p__Asgardarchaeota;c__Thorarchaeia;o__Thorarchaeales;f__Thorarchaeaceae;g__SMTZ1-45;s__SMTZ1-45 sp048882045	not type material	none	f	16	14	253170	258398	none	0	none	none	none	0	none	none	none	none	none	none	none	none	34194	38988	f	f	t	74011	82707	Scaffold	ASM4888204v1	na	PRJNA1162170	SAMN43852985	106	74011	none	2025-03-24	GCA_048882045.1	derived from metagenome	full	TM2M.152	none	none	0	0	Candidatus Thorarchaeota archaeon	none	na	2	93	14	82707	43105	17203	2025-03-24	13	2053491	0	TM2M.152	East china normal University	2053491	d__Archaea;p__Candidatus Thorarchaeota;c__;o__;f__;g__;s__	d__Archaea;x__Promethearchaeati;p__Candidatus Thorarchaeota;x__unclassified Candidatus Thorarchaeota;s__Candidatus Thorarchaeota archaeon	1300	3625891	11	41	na	3624591	0	JBHLRZ000000000.1	3504	93	none	0	none	none	none	none	none	none	none	none	none	none	none	none	none	none	1300	18	41	0
GB_GCA_038861695.1	Archaea	Asgardarchaeota	Jordiarchaeia	Jordiarchaeales	Freyrarchaeaceae	DTBI01	DTBI01 sp019057715	0	94.15	2.2	General	97.2	2.34	149	k__Archaea (UID2)	107	0.0	1801586	85.53698663046889	33	998323	47.42739732535215	2106207	GB_GCA_038858525.1	f	d__Archaea;p__Asgardarchaeota;c__Jordiarchaeia;o__Jordiarchaeales;f__Freyrarchaeaceae;g__DTBI01;s__DTBI01 sp019057715	not type material	none	f	3	3	422997	422997	381668	1	3051	JAWCCY010000002.1	none	0	none	none	2922	2473	0	82.375	KX764886.1.3038	Archaea;Incertae Sedis;Incertae Sedis;Incertae Sedis;Incertae Sedis;Incertae Sedis;uncultured archaeon	63786	105310	f	f	t	254191	266273	Scaffold	ASM3886169v1	na	PRJNA544494	SAMN36039440	33	254191	none	2024-04-30	GCA_038861695.1	derived from metagenome	full	JZ-1_201912_bins_30	none	none	0	0	Candidatus Jordarchaeales archaeon	none	na	2	20	3	266273	157774	48429	2024-04-30	13	3058035	1	JZ-1_201912_bins_30	The University of Texas at Austin	3058035	d__Archaea;p__;c__Candidatus Jordarchaeia;o__Candidatus Jordarchaeales;f__;g__;s__	d__Archaea;x__Promethearchaeati;x__Promethearchaeati incertae sedis;c__Candidatus Jordarchaeia;o__Candidatus Jordarchaeales;x__unclassified Candidatus Jordarchaeales;s__Candidatus Jordarchaeales archaeon	1257	2106207	11	44	na	2104950	0	JAWCCY000000000.1	2168	20	422997	1	none	none	none	none	none	none	1493	JAWCCY010000001.1	1370	1592	0	87.956	JF935161.1.1360	Archaea;Thermoproteota;Bathyarchaeia;Incertae Sedis;Incertae Sedis;Incertae Sedis;uncultured crenarchaeote	1257	18	42	0
GB_GCA_021513715.1	Archaea	Asgardarchaeota	Heimdallarchaeia	Heimdallarchaeales	Heimdallarchaeaceae	Heimdallarchaeum	Heimdallarchaeum endolithica	0	92.57	2.99	General	95.33	2.34	149	k__Archaea (UID2)	107	0.0	2948384	88.62567832046756	1	1026156	30.845294087411173	3326783	GB_GCA_021513715.1	t	d__Archaea;p__Asgardarchaeota;c__Heimdallarchaeia;o__Heimdallarchaeales;f__Heimdallarchaeaceae;g__Heimdallarchaeum;s__Heimdallarchaeum endolithica	type strain of species	LPSN	f	1	1	3326783	3326783	3326783	1	1897	CP084167.1	none	0	none	none	1902	2013	0	85.962	MEHH01000225.593.3133	Archaea;Asgardarchaeota;Incertae Sedis;Incertae Sedis;Incertae Sedis;Incertae Sedis;Candidatus Heimdallarchaeota archaeon AB_125	3326783	3326783	f	f	t	3326783	3326783	Complete Genome	ASM2151371v1	na	PRJNA721962	SAMN21379711	none	none	Mexico: Gulf of California; Pescadero basin auka vent field	2022-01-19	GCA_021513715.1	derived from metagenome	full	PR6	rock	23.956988 N 108.862548 W	1	0	Candidatus Heimdallarchaeum endolithica	none	na	2	1	1	3326783	3326783	3326783	2022-01-19	0	2876572	1	PR6	California Institute of Technology	2876572	d__Archaea;p__Candidatus Heimdallarchaeota;c__Candidatus Heimdallarchaeia (ex Rinke et al. 2021) (nom. nud.);o__Candidatus Heimdallarchaeales;f__Candidatus Heimdallarchaeaceae;g__Candidatus Heimdallarchaeum;s__Candidatus Heimdallarchaeum endolithica	d__Archaea;x__Promethearchaeati;p__Candidatus Heimdallarchaeota;c__Candidatus Heimdallarchaeia (ex Rinke et al. 2021) (nom. nud.);o__Candidatus Heimdallarchaeales;f__Candidatus Heimdallarchaeaceae;g__Candidatus Heimdallarchaeum;s__Candidatus Heimdallarchaeum endolithica	0	3326783	11	45	na	3326783	0	na	2848	1	3326783	1	none	none	none	none	none	none	1475	CP084167.1	1452	1951	0	90.978	MEHH01000036.3025.4474	Archaea;Asgardarchaeota;Heimdallarchaeia;Incertae Sedis;Incertae Sedis;AB_125;Candidatus Heimdallarchaeota archaeon AB_125	0	19	45	0
GB_GCA_030667035.1	Archaea	Asgardarchaeota	Heimdallarchaeia	JABLTI01	JABLTI01	JABLTI01	JABLTI01 sp030667035	0	64.69	1.92	General	73.22	2.34	149	k__Archaea (UID2)	107	0.0	2058217	88.45637128161401	474	783806	33.68577489582331	2326816	GB_GCA_030667035.1	t	d__Archaea;p__Asgardarchaeota;c__Heimdallarchaeia;o__JABLTI01;f__JABLTI01;g__JABLTI01;s__JABLTI01 sp030667035	not type material	none	f	157	157	18129	18129	none	0	none	none	none	0	none	none	none	none	none	none	none	none	4908	4908	f	f	t	5157	5157	Contig	ASM3066703v1	na	PRJNA950938	SAMN34048582	474	5157	none	2023-08-07	GCA_030667035.1	derived from metagenome	full	CSMAG_879	cold seep	none	0	none	Candidatus Heimdallarchaeota archaeon	none	na	none	none	none	none	none	none	2023-08-07	0	2026747	none	CSMAG_879	Third Institute of Oceanography, Ministry of Natural Resources	2026747	d__Archaea;p__Candidatus Heimdallarchaeota;c__;o__;f__;g__;s__	d__Archaea;x__Promethearchaeati;p__Candidatus Heimdallarchaeota;x__unclassified Candidatus Heimdallarchaeota;s__Candidatus Heimdallarchaeota archaeon	0	2326816	none	none	na	2326816	0	DAOUWQ000000000.1	2494	474	none	0	none	none	none	none	none	none	none	none	none	none	none	none	none	none	0	13	21	0
GB_GCA_019056895.1	Archaea	Asgardarchaeota	Heimdallarchaeia	Heimdallarchaeales	Heimdallarchaeaceae	UBA460	UBA460 sp002505645	6	87.4	3.87	General	91.59	4.05	149	k__Archaea (UID2)	107	14.29	2982038	87.94517623021406	416	1114630	33.15511870795487	3390792	GB_GCA_019057375.1	f	d__Archaea;p__Asgardarchaeota;c__Heimdallarchaeia;o__Heimdallarchaeales;f__Heimdallarchaeaceae;g__UBA460;s__UBA460 sp002505645	not type material	none	f	72	66	70081	77967	15930	2	1465	DXJX01000054.1	none	0	none	none	1463	2514	0	97.676	MEHH01000225.593.3133	Archaea;Asgardarchaeota;Incertae Sedis;Incertae Sedis;Incertae Sedis;Incertae Sedis;Candidatus Heimdallarchaeota archaeon AB_125	8081	10696	f	f	t	13441	14806	Scaffold	ASM1905689v1	na	PRJNA678817	SAMN19820879	416	13441	Costa Rica	2021-06-29	GCA_019056895.1	derived from metagenome	full	MAG_25	marine sediment	8.59234666667 N 84.077358333 W	0	none	Candidatus Heimdallarchaeota archaeon	none	na	none	317	66	14806	8661	4980	2021-06-29	99	2026747	none	MAG_25	The University of Queensland	2026747	d__Archaea;p__Candidatus Heimdallarchaeota;c__;o__;f__;g__;s__	d__Archaea;x__Promethearchaeati;p__Candidatus Heimdallarchaeota;x__unclassified Candidatus Heimdallarchaeota;s__Candidatus Heimdallarchaeota archaeon	28922	3390792	none	none	na	3361870	0	DXJX00000000.1	3457	317	76320	1	none	none	none	none	none	none	536	DXJX01000188.1	508	872	0	97.638	JQ817511.1.1411	Archaea;Asgardarchaeota;Heimdallarchaeia;Incertae Sedis;Incertae Sedis;AB_125;uncultured archaeon	28922	19	43	0
GB_GCA_029856635.1	Archaea	Asgardarchaeota	Njordarchaeia	Njordarchaeales	JAHKLH01	JAHKLH01	JAHKLH01 sp029856635	0	73.98	2.65	General	82.24	3.04	149	k__Archaea (UID2)	107	66.67	1587800	86.8852423134085	295	633501	34.66550440281308	1827468	GB_GCA_029856635.1	t	d__Archaea;p__Asgardarchaeota;c__Njordarchaeia;o__Njordarchaeales;f__JAHKLH01;g__JAHKLH01;s__JAHKLH01 sp029856635	not type material	none	f	75	75	37163	37163	none	0	none	none	none	0	none	none	none	none	none	none	none	none	6194	6194	f	f	t	7559	7559	Contig	ASM2985663v1	na	PRJNA417281	SAMN18753880	295	7559	Mexico: Guaymas Basin; Gulf of California	2023-04-24	GCA_029856635.1	derived from metagenome	full	B7_G17	deep-sea hydrothermal vent sediments	29.52416667 N 113.57000000 W	0	none	Candidatus Njordarchaeota archaeon	none	na	none	none	none	none	none	none	2023-04-24	0	3036966	none	B7_G17	Uppsala University	3036966	d__Archaea;p__Candidatus Njordarchaeota;c__;o__;f__;g__;s__	d__Archaea;x__Promethearchaeati;p__Candidatus Njordarchaeota;x__unclassified Candidatus Njordarchaeota;s__Candidatus Njordarchaeota archaeon	0	1827468	none	none	na	1827468	0	JAHKLH000000000.1	1948	295	none	0	none	none	none	none	none	none	none	none	none	none	none	none	none	none	0	17	33	0
GB_GCA_029856615.1	Archaea	Asgardarchaeota	Njordarchaeia	Njordarchaeales	Njordarchaeaceae	Njordarchaeum	Njordarchaeum sp029856615	0	76.09	2.08	General	72.98	1.01	149	k__Archaea (UID2)	107	33.33	1615720	89.41227252226702	300	660553	36.5543193445653	1807045	GB_GCA_029856615.1	t	d__Archaea;p__Asgardarchaeota;c__Njordarchaeia;o__Njordarchaeales;f__Njordarchaeaceae;g__Njordarchaeum;s__Njordarchaeum sp029856615	not type material	none	f	81	81	28522	28522	none	0	none	none	none	0	none	none	none	none	none	none	none	none	6023	6023	f	f	t	6893	6893	Contig	ASM2985661v1	na	PRJNA417281	SAMN18753879	300	6893	Mexico: Guaymas Basin; Gulf of California	2023-04-24	GCA_029856615.1	derived from metagenome	full	B6_G17	deep-sea hydrothermal vent sediments	29.52416667 N 113.57000000 W	0	none	Candidatus Njordarchaeota archaeon	none	na	none	none	none	none	none	none	2023-04-24	0	3036966	none	B6_G17	Uppsala University	3036966	d__Archaea;p__Candidatus Njordarchaeota;c__;o__;f__;g__;s__	d__Archaea;x__Promethearchaeati;p__Candidatus Njordarchaeota;x__unclassified Candidatus Njordarchaeota;s__Candidatus Njordarchaeota archaeon	0	1807045	none	none	na	1807045	0	JAHKLF000000000.1	1987	300	none	0	none	none	none	none	none	none	none	none	none	none	none	none	none	none	0	15	36	0
GB_GCA_018238745.1	Archaea	Asgardarchaeota	Lokiarchaeia	Sigyniarchaeales	SOKP01	SOKP01	SOKP01 sp018238625	0	95.05	8.63	General	91.12	3.27	149	k__Archaea (UID2)	107	0.0	3265212	87.81724441193161	363	1202715	32.34678701196012	3718190	GB_GCA_018238625.1	f	d__Archaea;p__Asgardarchaeota;c__Lokiarchaeia;o__Sigyniarchaeales;f__SOKP01;g__SOKP01;s__SOKP01 sp018238625	not type material	none	f	90	90	56491	56491	12007	1	3025	JABCSS010000102.1	none	0	none	none	3058	3914	0	90.026	JYIM01000373.485.3826	Archaea;Asgardarchaeota;Incertae Sedis;Incertae Sedis;Incertae Sedis;Incertae Sedis;Lokiarchaeum sp. GC14_75	10242	10242	f	f	t	12507	12507	Contig	ASM1823874v1	na	PRJNA628571	SAMN14734405	363	12507	China: Haima cold seep	2021-05-03	GCA_018238745.1	derived from metagenome	full	HM4_B11	cold seep	none	0	none	Promethearchaeota archaeon	none	na	none	none	none	none	none	none	2021-05-03	0	2053489	none	HM4_B11	Institute of Deep-sea Science and Engineering, Chinese Academy of Sciences	2053489	d__Archaea;p__Promethearchaeota;c__;o__;f__;g__;s__	d__Archaea;x__Promethearchaeati;p__Promethearchaeota;x__unclassified Promethearchaeota;s__Promethearchaeota archaeon	0	3718190	none	none	na	3718190	0	JABCSS000000000.1	3813	363	15250	1	none	none	none	none	none	none	1490	JABCSS010000064.1	1456	2639	0	99.382	HQ700683.1.1459	Archaea;Asgardarchaeota;Lokiarchaeia;Incertae Sedis;Incertae Sedis;Incertae Sedis;uncultured crenarchaeote	0	16	36	0
GB_GCA_030612905.1	Archaea	Asgardarchaeota	Lokiarchaeia	Sigyniarchaeales	SOKP01	SOKP01	SOKP01 sp030612905	0	85.61	1.62	General	80.37	1.71	149	k__Archaea (UID2)	107	33.33	2509735	87.90157486520043	578	908097	31.805412296662368	2855165	GB_GCA_030612905.1	t	d__Archaea;p__Asgardarchaeota;c__Lokiarchaeia;o__Sigyniarchaeales;f__SOKP01;g__SOKP01;s__SOKP01 sp030612905	not type material	none	f	153	153	36387	36387	10058	1	3322	JAUWNA010000044.1	none	0	none	none	3067	3897	0	89.86	JYIM01000373.485.3826	Archaea;Asgardarchaeota;Incertae Sedis;Incertae Sedis;Incertae Sedis;Incertae Sedis;Lokiarchaeum sp. GC14_75	4939	4939	f	f	t	5567	5567	Contig	ASM3061290v1	na	PRJNA950938	SAMN34050605	578	5567	none	2023-08-03	GCA_030612905.1	derived from metagenome	full	CSMAG_2412	cold seep	none	0	none	Promethearchaeota archaeon	none	na	none	none	none	none	none	none	2023-08-03	0	2053489	none	CSMAG_2412	Third Institute of Oceanography, Ministry of Natural Resources	2053489	d__Archaea;p__Promethearchaeota;c__;o__;f__;g__;s__	d__Archaea;x__Promethearchaeati;p__Promethearchaeota;x__unclassified Promethearchaeota;s__Promethearchaeota archaeon	0	2855165	none	none	na	2855165	0	JAUWNA000000000.1	3239	578	36387	1	none	none	none	none	none	none	577	JAUWNA010000001.1	576	1053	0	99.653	AJ578127.1.1367	Archaea;Asgardarchaeota;Lokiarchaeia;Incertae Sedis;Incertae Sedis;Incertae Sedis;uncultured archaeon	0	12	34	0
GB_GCA_018335335.1	Archaea	Asgardarchaeota	Thorarchaeia	Thorarchaeales	Thorarchaeaceae	WJIL01	WJIL01 sp018335335	0	96.96	3.59	General	93.93	4.67	149	k__Archaea (UID2)	107	0.0	2623121	89.09313284283989	178	1329655	45.173458429465086	2944246	GB_GCA_018335335.1	t	d__Archaea;p__Asgardarchaeota;c__Thorarchaeia;o__Thorarchaeales;f__Thorarchaeaceae;g__WJIL01;s__WJIL01 sp018335335	not type material	none	f	19	18	448733	448733	71684	1	3058	JAGXKG010000005.1	none	0	none	none	826	239	1.77e-60	73.123	CR937012.19040.21972	Archaea;Halobacteriota;Methanosarcinia;Methanosarcinales;Methanosarcinaceae;Candidatus Methanoperedens;uncultured archaeon	16536	16728	f	f	t	36936	37304	Scaffold	ASM1833533v1	na	PRJNA714934	SAMN18352234	178	36936	USA: Great Salt Lake	2021-05-10	GCA_018335335.1	derived from metagenome	full	GSL_GB14_1	sediments	40.818389 N 112.237111 W	0	0	Candidatus Thorarchaeota archaeon	none	na	3	176	18	37304	14254	5493	2021-05-10	2	2053491	1	GSL_GB14_1	University of Utah	2053491	d__Archaea;p__Candidatus Thorarchaeota;c__;o__;f__;g__;s__	d__Archaea;x__Promethearchaeati;p__Candidatus Thorarchaeota;x__unclassified Candidatus Thorarchaeota;s__Candidatus Thorarchaeota archaeon	803	2944246	11	45	na	2943443	0	JAGXKG000000000.1	2942	176	448733	1	none	none	none	none	none	none	1533	JAGXKG010000001.1	1109	676	0	78.088	FJ649515.1.1470	Archaea;Thermoproteota;Bathyarchaeia;Incertae Sedis;Incertae Sedis;Incertae Sedis;uncultured archaeon	803	19	46	1
GB_GCA_964385815.1	Archaea	Asgardarchaeota	Njordarchaeia	Njordarchaeales	Njordarchaeaceae	Njordarchaeum	Njordarchaeum sp965367995	0	76.73	2.24	General	70.67	3.27	149	k__Archaea (UID2)	107	40.0	1205017	88.87853831164138	224	482211	35.6029775282558	1355802	GB_GCA_965367995.1	f	d__Archaea;p__Asgardarchaeota;c__Njordarchaeia;o__Njordarchaeales;f__Njordarchaeaceae;g__Njordarchaeum;s__Njordarchaeum sp965367995	not type material	none	f	49	40	41596	41596	none	0	none	none	none	0	none	none	none	none	none	none	none	none	6046	7747	f	f	t	7693	10088	Scaffold	binchicken_co184_430	na	PRJEB82487	SAMEA117391587	224	7693	none	2025-01-06	GCA_964385815.1	derived from metagenome	full	binchicken_co184_430	none	none	0	none	uncultured Nitrososphaerota archaeon	none	na	none	175	40	10088	5631	3575	2025-01-06	49	651141	none	binchicken_co184_430	Centre for Microbiome Research	651141	d__Archaea;p__Nitrososphaerota;c__;o__;f__;g__;s__	d__Archaea;x__Thermoproteati;p__Nitrososphaerota;x__environmental samples;s__uncultured Nitrososphaerota archaeon	1390	1355802	none	none	na	1354412	0	CAYLQI000000000.1	1473	175	none	0	none	none	none	none	none	none	none	none	none	none	none	none	none	none	1390	16	34	0
GB_GCA_965368865.1	Archaea	Asgardarchaeota	Baldrarchaeia	Baldrarchaeales	Baldrarchaeaceae	Baldrarchaeum	Baldrarchaeum yapensis	0	87.29	1.48	General	88.79	3.74	149	k__Archaea (UID2)	107	0.0	1239550	88.48771002044522	40	618946	44.18467521787301	1400816	GB_GCA_016840465.1	f	d__Archaea;p__Asgardarchaeota;c__Baldrarchaeia;o__Baldrarchaeales;f__Baldrarchaeaceae;g__Baldrarchaeum;s__Baldrarchaeum yapensis	not type material	none	f	8	8	198797	198797	none	0	none	none	none	0	none	none	none	none	none	none	none	none	35020	35020	f	f	t	58894	58894	Contig	SRR6823441_binner13_Refined_31	na	PRJEB27114	SAMEA118545364	40	58894	none	2025-07-08	GCA_965368865.1	derived from metagenome	full	SRR6823441_binner13_Refined_31	none	none	0	none	Candidatus Baldrarchaeum yapensis	none	na	none	none	none	none	none	none	2025-07-08	0	2798940	none	SRR6823441_binner13_Refined_31	EMG	2798940	d__Archaea;p__Candidatus Baldrarchaeota;c__Candidatus Baldrarchaeia;o__Candidatus Baldrarchaeales;f__Candidatus Baldrarchaeaceae;g__Candidatus Baldrarchaeum;s__Candidatus Baldrarchaeum yapensis	d__Archaea;x__Promethearchaeati;p__Candidatus Baldrarchaeota;c__Candidatus Baldrarchaeia;o__Candidatus Baldrarchaeales;f__Candidatus Baldrarchaeaceae;g__Candidatus Baldrarchaeum;s__Candidatus Baldrarchaeum yapensis	0	1400816	none	none	na	1400816	0	CBDUOL000000000.1	1520	40	198797	1	none	none	none	none	none	none	416	CBDUOL010000001.1	395	713	0	99.241	AB095134.1.1060	Archaea;Methanobacteriota;Methanococci;Methanococcales;Methanococcaceae;Incertae Sedis;uncultured archaeon	0	18	40	0
GB_GCA_016550485.1	Archaea	Asgardarchaeota	Hermodarchaeia	Hermodarchaeales	Hermodarchaeaceae	YT-063	YT-063 sp016550485	0	80.31	2.46	General	73.33	0.0	149	k__Archaea (UID2)	107	0.0	2171338	88.7518510934071	338	1198045	48.96921227519664	2446527	GB_GCA_016550485.1	t	d__Archaea;p__Asgardarchaeota;c__Hermodarchaeia;o__Hermodarchaeales;f__Hermodarchaeaceae;g__YT-063;s__YT-063 sp016550485	not type material	none	f	83	83	48037	48037	39040	1	1494	JABXGV010000140.1	5701	1	98	JABXGV010000126.1	1468	732	0	76.09	KP308663.317302.320369	Archaea;Thermoproteota;Bathyarchaeia;Incertae Sedis;Incertae Sedis;Incertae Sedis;uncultured archaeon	7238	7238	f	f	t	8604	8604	Contig	ASM1655048v1	na	PRJNA629047	SAMN14986674	338	8604	China: Techeng Island of Zhanjiang; Guangdong	2021-01-06	GCA_016550485.1	derived from metagenome	full	H02S_Hermod_124	mangrove sediment	21.174166666666668 N 110.445833333333 E	0	none	archaeon	none	na	none	none	none	none	none	none	2021-01-06	0	1906665	none	H02S_Hermod_124	East china normal University	1906665	d__Archaea;p__;c__;o__;f__;g__;s__	d__Archaea;x__unclassified Archaea;s__archaeon	0	2446527	none	none	na	2446527	0	JABXGV000000000.1	2633	338	4347	1	none	none	none	none	none	none	507	JABXGV010000109.1	333	436	1.04e-120	90.39	HM244230.1.931	Archaea;Asgardarchaeota;Lokiarchaeia;Odinarchaeales;Incertae Sedis;LCB-4;uncultured archaeon	0	16	36	0
GB_GCA_015523565.1	Archaea	Asgardarchaeota	Heimdallarchaeia	Heimdallarchaeales	Kariarchaeaceae	WAKA01	WAKA01 sp015523565	0	89.97	1.95	General	91.12	2.34	149	k__Archaea (UID2)	107	0.0	3251116	91.03789012446347	233	1377821	38.58180292834165	3571168	GB_GCA_015523565.1	t	d__Archaea;p__Asgardarchaeota;c__Heimdallarchaeia;o__Heimdallarchaeales;f__Kariarchaeaceae;g__WAKA01;s__WAKA01 sp015523565	not type material	none	f	41	41	90253	90253	21852	1	2567	WAKA01000157.1	none	0	none	none	2407	1537	0	78.77	BCSF01007275.2.2427	Archaea;Asgardarchaeota;Incertae Sedis;Incertae Sedis;Incertae Sedis;Incertae Sedis;uncultured marine virus	15326	15326	f	f	t	26054	26054	Contig	ASM1552356v1	na	PRJNA546572	SAMN12837181	233	26054	Pacific Ocean	2020-11-16	GCA_015523565.1	derived from metagenome	full	S012_26_esom	deep-sea hydrothermal deposit	34.85791961 S 179.0519333 E	0	none	Candidatus Heimdallarchaeota archaeon	none	na	none	none	none	none	none	none	2020-11-16	0	2026747	none	S012_26_esom	Portland State University	2026747	d__Archaea;p__Candidatus Heimdallarchaeota;c__;o__;f__;g__;s__	d__Archaea;x__Promethearchaeati;p__Candidatus Heimdallarchaeota;x__unclassified Candidatus Heimdallarchaeota;s__Candidatus Heimdallarchaeota archaeon	0	3571168	none	none	na	3571168	0	WAKA00000000.1	3348	233	none	0	none	none	none	none	none	none	none	none	none	none	none	none	none	none	0	17	39	0
GB_GCA_048938825.1	Archaea	Asgardarchaeota	Lokiarchaeia	Sigyniarchaeales	SOKP01	SOKP01	SOKP01 sp048939995	0	93.47	4.81	General	80.37	2.8	149	k__Archaea (UID2)	107	25.0	2836486	89.15351673306459	483	965736	30.358316633266536	3181575	GB_GCA_048939995.1	f	d__Archaea;p__Asgardarchaeota;c__Lokiarchaeia;o__Sigyniarchaeales;f__SOKP01;g__SOKP01;s__SOKP01 sp048939995	not type material	none	f	122	119	31527	31527	none	0	none	none	none	0	none	none	none	none	none	none	none	none	6586	6842	f	f	t	8118	8441	Scaffold	ASM4893882v1	na	PRJNA1162170	SAMN43852825	483	8118	none	2025-03-25	GCA_048938825.1	derived from metagenome	full	DZ1S.206	none	none	0	0	Promethearchaeota archaeon	none	na	1	465	119	8441	4941	3490	2025-03-25	18	2053489	1	DZ1S.206	East china normal University	2053489	d__Archaea;p__Promethearchaeota;c__;o__;f__;g__;s__	d__Archaea;x__Promethearchaeati;p__Promethearchaeota;x__unclassified Promethearchaeota;s__Promethearchaeota archaeon	450	3181575	11	38	na	3181125	0	JBHLLV000000000.1	3317	465	none	0	none	none	none	none	none	none	none	none	none	none	none	none	none	none	450	16	37	0
GB_GCA_964628995.1	Archaea	Asgardarchaeota	Njordarchaeia	Njordarchaeales	Panguiarchaeaceae	Panguiarchaeum	Panguiarchaeum sp964628995	0	81.87	4.76	General	86.77	4.03	149	k__Archaea (UID2)	107	0.0	2423492	89.48550189771923	389	1129984	41.75472851282332	2708251	GB_GCA_964628995.1	t	d__Archaea;p__Asgardarchaeota;c__Njordarchaeia;o__Njordarchaeales;f__Panguiarchaeaceae;g__Panguiarchaeum;s__Panguiarchaeum sp964628995	not type material	none	f	68	54	38662	75130	none	0	none	none	none	0	none	none	none	none	none	none	none	none	6956	9118	f	f	t	12098	14212	Scaffold	SRP141552_co1_93	na	PRJEB82487	SAMEA117374226	389	12098	none	2025-01-10	GCA_964628995.1	derived from metagenome	full	SRP141552_co1_93	none	none	0	none	uncultured Nitrososphaerota archaeon	none	na	none	297	54	14212	7797	3860	2025-01-10	92	651141	none	SRP141552_co1_93	Centre for Microbiome Research	651141	d__Archaea;p__Nitrososphaerota;c__;o__;f__;g__;s__	d__Archaea;x__Thermoproteati;p__Nitrososphaerota;x__environmental samples;s__uncultured Nitrososphaerota archaeon	2009	2708251	none	none	na	2706242	0	CAZVPA000000000.1	2578	297	none	0	none	none	none	none	none	none	none	none	none	none	none	none	none	none	2009	16	35	0
GB_GCA_016840405.1	Archaea	Asgardarchaeota	Hermodarchaeia	Hermodarchaeales	Hermodarchaeaceae	Hermodarchaeum	Hermodarchaeum yapensis	0	85.94	4.41	General	92.99	1.87	149	k__Archaea (UID2)	107	0.0	2400687	88.7161677009613	77	1209270	44.6879581202137	2706031	GB_GCA_016840405.1	t	d__Archaea;p__Asgardarchaeota;c__Hermodarchaeia;o__Hermodarchaeales;f__Hermodarchaeaceae;g__Hermodarchaeum;s__Hermodarchaeum yapensis	type strain of species	LPSN	f	14	14	158819	158819	29023	2	2843	JAEOSK010000031.1	10143	1	102	JAEOSK010000058.1	1076	603	5.06e-170	77.138	JRER01003300.2.2687	Archaea;Thermoproteota;Bathyarchaeia;Incertae Sedis;Incertae Sedis;Incertae Sedis;marine sediment metagenome	35143	35143	f	f	t	63064	63064	Contig	ASM1684040v1	na	PRJNA680430	SAMN16492203	77	63064	Pacific Ocean: Yap Trench	2021-02-09	GCA_016840405.1	derived from metagenome	full	Yap4.bin9.105	seawater	9.900000 N 138.510000 E	0	none	Candidatus Hermodarchaeum yapensis	none	na	none	none	none	none	none	none	2021-02-09	0	2798941	none	Yap4.bin9.105	Shenzhen Univeristy	2798941	d__Archaea;p__Candidatus Hermodarchaeota;c__Candidatus Hermodarchaeia;o__Candidatus Hermodarchaeales;f__Candidatus Hermodarchaeaceae;g__Candidatus Hermodarchaeum;s__Candidatus Hermodarchaeum yapensis	d__Archaea;x__Promethearchaeati;p__Candidatus Hermodarchaeota;c__Candidatus Hermodarchaeia;o__Candidatus Hermodarchaeales;f__Candidatus Hermodarchaeaceae;g__Candidatus Hermodarchaeum;s__Candidatus Hermodarchaeum yapensis	0	2706031	none	none	na	2706031	0	JAEOSK000000000.1	2702	77	12798	1	none	none	none	none	none	none	702	JAEOSK010000051.1	486	754	0	94.65	JQ989578.1.1448	Archaea;Asgardarchaeota;Lokiarchaeia;Odinarchaeales;Incertae Sedis;LCB-4;uncultured archaeon	0	19	44	0
GB_GCA_048940965.1	Archaea	Asgardarchaeota	Thorarchaeia	Thorarchaeales	Thorarchaeaceae	SMTZ1-83	SMTZ1-83 sp048939765	0	88.05	5.12	General	89.25	5.61	149	k__Archaea (UID2)	107	14.29	2945949	90.62152492273503	360	1530010	47.08987983541425	3250827	GB_GCA_048939765.1	f	d__Archaea;p__Asgardarchaeota;c__Thorarchaeia;o__Thorarchaeales;f__Thorarchaeaceae;g__SMTZ1-83;s__SMTZ1-83 sp048939765	not type material	none	f	66	64	117071	117071	none	0	none	none	none	0	none	none	none	none	none	none	none	none	9025	9477	f	f	t	13564	14180	Scaffold	ASM4894096v1	na	PRJNA1162170	SAMN43852882	360	13564	none	2025-03-25	GCA_048940965.1	derived from metagenome	full	DZ2S.47	none	none	0	0	Promethearchaeota archaeon	none	na	3	343	64	14180	7126	3881	2025-03-25	17	2053489	2	DZ2S.47	East china normal University	2053489	d__Archaea;p__Promethearchaeota;c__;o__;f__;g__;s__	d__Archaea;x__Promethearchaeati;p__Promethearchaeota;x__unclassified Promethearchaeota;s__Promethearchaeota archaeon	1700	3250827	11	33	na	3249127	0	JBHLOA000000000.1	3270	343	7234	1	none	none	none	none	none	none	815	JBHLOA010000142.1	362	326	3.85e-87	83.149	AB644695.1.902	Archaea;Asgardarchaeota;Lokiarchaeia;Incertae Sedis;Incertae Sedis;Incertae Sedis;uncultured archaeon	1700	15	36	0
GB_GCA_965372125.1	Archaea	Asgardarchaeota	Hermodarchaeia	Hermodarchaeales	Hermodarchaeaceae	YT-063	YT-063 sp965372125	0	81.63	2.03	General	83.18	1.55	149	k__Archaea (UID2)	107	25.0	1977779	88.4560854568744	516	1082096	48.39669965579671	2235888	GB_GCA_965372125.1	t	d__Archaea;p__Asgardarchaeota;c__Hermodarchaeia;o__Hermodarchaeales;f__Hermodarchaeaceae;g__YT-063;s__YT-063 sp965372125	not type material	none	f	143	143	22310	22310	none	0	none	none	8385	1	108	CBDVBC010000045.1	none	none	none	none	none	none	4333	4333	f	f	t	5086	5086	Contig	SRR22302347_concoct_51	na	PRJEB87526	SAMEA118545610	516	5086	none	2025-07-03	GCA_965372125.1	derived from metagenome	full	SRR22302347_concoct_51	none	none	0	none	Candidatus Hermodarchaeota archaeon	none	na	none	none	none	none	none	none	2025-07-03	0	2799008	none	SRR22302347_concoct_51	EMG	2799008	d__Archaea;p__Candidatus Hermodarchaeota;c__;o__;f__;g__;s__	d__Archaea;x__Promethearchaeati;p__Candidatus Hermodarchaeota;x__unclassified Candidatus Hermodarchaeota;s__Candidatus Hermodarchaeota archaeon	0	2235888	none	none	na	2235888	0	CBDVBC000000000.1	2610	516	10251	1	none	none	none	none	none	none	1540	CBDVBC010000021.1	1349	1916	0	92.365	JQ989578.1.1448	Archaea;Asgardarchaeota;Lokiarchaeia;Odinarchaeales;Incertae Sedis;LCB-4;uncultured archaeon	0	17	44	0
GB_GCA_037386725.1	Archaea	Asgardarchaeota	Lokiarchaeia	Sigyniarchaeales	SOKP01	JARRLT01	JARRLT01 sp037386725	78	86.98	4.94	General	86.37	2.34	149	k__Archaea (UID2)	107	0.0	3502999	83.99472101539888	473	1234410	29.617940302962392	4170499	GB_GCA_037386725.1	t	d__Archaea;p__Asgardarchaeota;c__Lokiarchaeia;o__Sigyniarchaeales;f__SOKP01;g__JARRLT01;s__JARRLT01 sp037386725	not type material	none	f	107	94	45414	45414	8933	2	1363	JARRLT010000209.1	none	0	none	none	1368	1519	0	86.842	JYIM01000373.485.3826	Archaea;Asgardarchaeota;Incertae Sedis;Incertae Sedis;Incertae Sedis;Incertae Sedis;Lokiarchaeum sp. GC14_75	8811	10171	f	f	t	12151	13898	Scaffold	ASM3738672v1	na	PRJNA703972	SAMN33973512	473	12151	none	2024-03-19	GCA_037386725.1	derived from metagenome	full	Spart_079_MAG	none	none	0	0	Promethearchaeota archaeon	none	na	2	410	94	13898	8050	4625	2024-03-19	63	2053489	0	Spart_079_MAG	Georgia Tech	2053489	d__Archaea;p__Promethearchaeota;c__;o__;f__;g__;s__	d__Archaea;x__Promethearchaeati;p__Promethearchaeota;x__unclassified Promethearchaeota;s__Promethearchaeota archaeon	2643	4170499	11	38	na	4167856	0	JARRLT000000000.1	4405	410	none	0	none	none	none	none	none	none	none	none	none	none	none	none	none	none	2643	17	40	1
GB_GCA_030614005.1	Archaea	Asgardarchaeota	Heimdallarchaeia	JABLTI01	JABLTI01	JABLTI01	JABLTI01 sp030614005	0	90.42	3.4	General	89.41	7.01	149	k__Archaea (UID2)	107	0.0	3175003	87.67565836072907	126	1213678	33.514934533269084	3621305	GB_GCA_030614005.1	t	d__Archaea;p__Asgardarchaeota;c__Heimdallarchaeia;o__JABLTI01;f__JABLTI01;g__JABLTI01;s__JABLTI01 sp030614005	not type material	none	f	23	23	173055	173055	36024	1	3234	JAUWKS010000032.1	none	0	none	none	2641	440	4.78e-121	70.655	KX764886.1.3038	Archaea;Incertae Sedis;Incertae Sedis;Incertae Sedis;Incertae Sedis;Incertae Sedis;uncultured archaeon	28740	28740	f	f	t	49413	49413	Contig	ASM3061400v1	na	PRJNA950938	SAMN34050545	126	49413	none	2023-08-03	GCA_030614005.1	derived from metagenome	full	CSMAG_2352	cold seep	none	0	none	Candidatus Heimdallarchaeota archaeon	none	na	none	none	none	none	none	none	2023-08-03	0	2026747	none	CSMAG_2352	Third Institute of Oceanography, Ministry of Natural Resources	2026747	d__Archaea;p__Candidatus Heimdallarchaeota;c__;o__;f__;g__;s__	d__Archaea;x__Promethearchaeati;p__Candidatus Heimdallarchaeota;x__unclassified Candidatus Heimdallarchaeota;s__Candidatus Heimdallarchaeota archaeon	0	3621305	none	none	na	3621305	0	JAUWKS000000000.1	3389	126	63465	1	none	none	none	none	none	none	399	JAUWKS010000013.1	399	715	0	98.997	AB948437.1.950	Archaea;Asgardarchaeota;Lokiarchaeia;Odinarchaeales;Incertae Sedis;Incertae Sedis;uncultured archaeon	0	18	37	0
GB_GCA_036478875.1	Archaea	Asgardarchaeota	Lokiarchaeia	Sigyniarchaeales	SOKP01	Loki-b32	Loki-b32 sp036478875	0	88.0	6.43	General	82.09	1.87	149	k__Archaea (UID2)	107	0.0	2930064	85.38604577699459	162	992487	28.922419583692378	3431549	GB_GCA_036478875.1	t	d__Archaea;p__Asgardarchaeota;c__Lokiarchaeia;o__Sigyniarchaeales;f__SOKP01;g__Loki-b32;s__Loki-b32 sp036478875	not type material	none	f	30	30	136230	136230	41348	1	1197	JAZGEW010000011.1	none	0	none	none	1198	1622	0	91.152	JYIM01000373.485.3826	Archaea;Asgardarchaeota;Incertae Sedis;Incertae Sedis;Incertae Sedis;Incertae Sedis;Lokiarchaeum sp. GC14_75	21182	21182	f	f	t	39075	39075	Contig	ASM3647887v1	na	PRJNA1051299	SAMN38797568	162	39075	none	2024-02-08	GCA_036478875.1	derived from metagenome	full	SCS4bin.30	none	none	0	0	Promethearchaeia archaeon	none	na	4	none	none	none	none	none	2024-02-08	0	3067280	3	SCS4bin.30	Tsinghua University	3067280	d__Archaea;p__Promethearchaeota;c__Promethearchaeia;o__;f__;g__;s__	d__Archaea;x__Promethearchaeati;p__Promethearchaeota;c__Promethearchaeia;x__unclassified Promethearchaeia;s__Promethearchaeia archaeon	0	3431549	11	41	na	3431549	0	JAZGEW000000000.1	3457	162	none	0	none	none	none	none	none	none	none	none	none	none	none	none	none	none	0	17	38	0
GB_GCA_004524385.1	Archaea	Asgardarchaeota	Lokiarchaeia	Sigyniarchaeales	SOKP01	LW40-45	LW40-45 sp004524385	0	64.81	1.05	General	62.23	0.0	149	k__Archaea (UID2)	107	0.0	1616481	88.01625420416634	310	559739	30.477395102067927	1836571	GB_GCA_004524385.1	t	d__Archaea;p__Asgardarchaeota;c__Lokiarchaeia;o__Sigyniarchaeales;f__SOKP01;g__LW40-45;s__LW40-45 sp004524385	not type material	none	f	97	97	20785	20785	none	0	none	none	none	0	none	none	none	none	none	none	none	none	5924	5924	f	f	t	6355	6355	Contig	ASM452438v1	na	PRJNA483005	SAMN10768458	310	6355	Romania: Tekirghiol	2019-03-29	GCA_004524385.1	derived from metagenome	full	TEKIR_6S	lake sediment	44.0552806 N 28.6053 E	0	0	Promethearchaeota archaeon	none	na	0	none	none	none	none	none	2019-03-29	0	2053489	0	TEKIR_6S	Babes-Bolyai University	2053489	d__Archaea;p__Promethearchaeota;c__;o__;f__;g__;s__	d__Archaea;x__Promethearchaeati;p__Promethearchaeota;x__unclassified Promethearchaeota;s__Promethearchaeota archaeon	0	1836571	11	30	na	1836571	0	SDNM00000000.1	1979	310	none	0	none	none	none	none	none	none	none	none	none	none	none	none	none	none	0	17	35	0
GB_GCA_038840935.1	Archaea	Asgardarchaeota	Jordiarchaeia	Jordiarchaeales	Freyrarchaeaceae	DTBI01	DTBI01 sp019057715	0	88.38	2.14	General	89.55	2.8	149	k__Archaea (UID2)	107	0.0	1692103	81.907565290926	200	981377	47.8289094372929	2065869	GB_GCA_038858525.1	f	d__Archaea;p__Asgardarchaeota;c__Jordiarchaeia;o__Jordiarchaeales;f__Freyrarchaeaceae;g__DTBI01;s__DTBI01 sp019057715	not type material	none	f	33	10	70327	276819	276819	1	3051	JAWBUR010000001.1	none	0	none	none	2922	2473	0	82.375	KX764886.1.3038	Archaea;Incertae Sedis;Incertae Sedis;Incertae Sedis;Incertae Sedis;Incertae Sedis;uncultured archaeon	10259	36243	f	f	t	16983	67816	Scaffold	ASM3884093v1	na	PRJNA544494	SAMN36039225	200	16983	none	2024-04-30	GCA_038840935.1	derived from metagenome	full	JZ-1_201709_bins_89	none	none	0	0	Candidatus Jordarchaeales archaeon	none	na	2	57	10	67816	28231	17162	2024-04-30	143	3058035	1	JZ-1_201709_bins_89	The University of Texas at Austin	3058035	d__Archaea;p__;c__Candidatus Jordarchaeia;o__Candidatus Jordarchaeales;f__;g__;s__	d__Archaea;x__Promethearchaeati;x__Promethearchaeati incertae sedis;c__Candidatus Jordarchaeia;o__Candidatus Jordarchaeales;x__unclassified Candidatus Jordarchaeales;s__Candidatus Jordarchaeales archaeon	14020	2065869	11	35	na	2051849	0	JAWBUR000000000.1	2093	57	19262	1	none	none	none	none	none	none	1493	JAWBUR010000033.1	1370	1592	0	87.956	JF935161.1.1360	Archaea;Thermoproteota;Bathyarchaeia;Incertae Sedis;Incertae Sedis;Incertae Sedis;uncultured crenarchaeote	14020	18	35	0
GB_GCA_018383895.1	Archaea	Asgardarchaeota	Jordiarchaeia	Jordiarchaeales	Jordiarchaeaceae	Jordiarchaeum	Jordiarchaeum sp018383815	105	83.83	2.73	General	88.01	2.34	149	k__Archaea (UID2)	107	25.0	2764862	79.60757982605811	411	1451344	41.86285046418964	3473114	GB_GCA_018383815.1	f	d__Archaea;p__Asgardarchaeota;c__Jordiarchaeia;o__Jordiarchaeales;f__Jordiarchaeaceae;g__Jordiarchaeum;s__Jordiarchaeum sp018383815	not type material	none	f	86	76	48380	48380	none	0	none	none	none	0	none	none	none	none	none	none	none	none	8435	11060	f	f	t	12965	14308	Scaffold	ASM1838389v1	na	PRJNA544494	SAMN18804110	411	12965	China: QuZhuoMu village; CuoNa county;Tibet Plateau; QZM_A2 pool	2021-05-17	GCA_018383895.1	derived from metagenome	full	QZM_A2_3	hot spring sediment	28.24816 N 91.80855 E	0	0	Candidatus Jordarchaeia archaeon	none	na	4	314	76	14308	8721	5359	2021-05-17	97	3067279	2	QZM_A2_3	The University of Texas at Austin	3067279	d__Archaea;p__;c__Candidatus Jordarchaeia;o__;f__;g__;s__	d__Archaea;x__Promethearchaeati;x__Promethearchaeati incertae sedis;c__Candidatus Jordarchaeia;x__unclassified Candidatus Jordarchaeia;s__Candidatus Jordarchaeia archaeon	6107	3473114	11	43	na	3467007	0	JAHAWS000000000.1	3516	314	782	2	none	none	none	none	none	none	535	JAHAWS010000314.1	476	869	0	99.58	KX213895.1.1475	Archaea;Thermoproteota;Bathyarchaeia;Incertae Sedis;Incertae Sedis;Incertae Sedis;uncultured archaeon	6107	19	38	0
GB_GCA_008080765.1	Archaea	Asgardarchaeota	Lokiarchaeia	Sigyniarchaeales	SOKP01	TEKIR-8	TEKIR-8 sp008080765	0	72.96	2.78	General	75.19	1.4	149	k__Archaea (UID2)	107	0.0	3241392	82.65485583814153	277	1301632	33.19161284679678	3921599	GB_GCA_008080765.1	t	d__Archaea;p__Asgardarchaeota;c__Lokiarchaeia;o__Sigyniarchaeales;f__SOKP01;g__TEKIR-8;s__TEKIR-8 sp008080765	not type material	none	f	64	63	69370	69370	6323	1	1793	SHMU01000207.1	none	0	none	none	621	749	0	88.567	JYIM01000373.485.3826	Archaea;Asgardarchaeota;Incertae Sedis;Incertae Sedis;Incertae Sedis;Incertae Sedis;Lokiarchaeum sp. GC14_75	14157	14312	f	f	t	19989	20187	Scaffold	ASM808076v1	na	PRJNA521734	SAMN10909895	277	19989	Mexico: Baja; California	2019-08-23	GCA_008080765.1	derived from metagenome	full	BC1	marine sediment	30.213 N 114.663 W	0	0	Promethearchaeota archaeon	none	na	0	274	63	20187	11831	7207	2019-08-23	3	2053489	0	BC1	University of Vienna	2053489	d__Archaea;p__Promethearchaeota;c__;o__;f__;g__;s__	d__Archaea;x__Promethearchaeati;p__Promethearchaeota;x__unclassified Promethearchaeota;s__Promethearchaeota archaeon	30	3921599	11	33	na	3921569	0	SHMU00000000.1	3544	274	22293	1	none	none	none	none	none	none	469	SHMU01000052.1	468	774	0	96.581	HM998486.1.933	Archaea;Asgardarchaeota;Lokiarchaeia;Incertae Sedis;Incertae Sedis;Incertae Sedis;uncultured archaeon	30	17	47	0
GB_GCA_016840065.1	Archaea	Asgardarchaeota	Hermodarchaeia	Hermodarchaeales	Hermodarchaeaceae	YT-063	YT-063 sp016840065	0	83.9	5.08	General	88.32	0.0	149	k__Archaea (UID2)	107	0.0	2335703	90.2428366435596	131	1213150	46.87158310544377	2588242	GB_GCA_016840065.1	t	d__Archaea;p__Asgardarchaeota;c__Hermodarchaeia;o__Hermodarchaeales;f__Hermodarchaeaceae;g__YT-063;s__YT-063 sp016840065	not type material	none	f	26	26	131885	131885	none	0	none	none	131885	1	111	JAEOTB010000037.1	none	none	none	none	none	none	19757	19757	f	f	t	27952	27952	Contig	ASM1684006v1	na	PRJNA680430	SAMN16492220	131	27952	China: Rongcheng Nation Swan Nature Reserve	2021-02-09	GCA_016840065.1	derived from metagenome	full	YT1_014	coastal marine sediment	37.350000 N 122.580000 E	0	none	Candidatus Hermodarchaeota archaeon	none	na	none	none	none	none	none	none	2021-02-09	0	2799008	none	YT1_014	Shenzhen Univeristy	2799008	d__Archaea;p__Candidatus Hermodarchaeota;c__;o__;f__;g__;s__	d__Archaea;x__Promethearchaeati;p__Candidatus Hermodarchaeota;x__unclassified Candidatus Hermodarchaeota;s__Candidatus Hermodarchaeota archaeon	0	2588242	none	none	na	2588242	0	JAEOTB000000000.1	2625	131	none	0	none	none	none	none	none	none	none	none	none	none	none	none	none	none	0	20	36	0
GB_GCA_021158895.1	Archaea	Asgardarchaeota	Baldrarchaeia	Baldrarchaeales	DXJG01	DXJG01	DXJG01 sp021158895	0	84.84	1.81	General	85.67	3.74	149	k__Archaea (UID2)	107	0.0	1090364	87.3453242193414	177	463038	37.09238771261286	1248337	GB_GCA_021158895.1	t	d__Archaea;p__Asgardarchaeota;c__Baldrarchaeia;o__Baldrarchaeales;f__DXJG01;g__DXJG01;s__DXJG01 sp021158895	not type material	none	f	40	40	38381	38381	4046	1	2850	JAGGSW010000054.1	none	0	none	none	1334	1317	0	85.007	CP002098.1280852.1283921	Archaea;Thermoproteota;Thermoproteia;Desulfurococcales;Ignisphaeraceae;Ignisphaera;Ignisphaera aggregans DSM 17230	7052	7052	f	f	t	9767	9767	Contig	ASM2115889v1	na	PRJNA713414	SAMN18353528	177	9767	Pacific Ocean: Mexico; Pescadero Basin	2021-12-10	GCA_021158895.1	derived from metagenome	full	AUK032	marine hydrothermal sediment	23.957043 N 108.862273 W	0	0	Candidatus Odinarchaeota archaeon	none	na	2	none	none	none	none	none	2021-12-10	0	2053490	0	AUK032	California Institute of Technology	2053490	d__Archaea;p__Candidatus Odinarchaeota;c__;o__;f__;g__;s__	d__Archaea;x__Promethearchaeati;p__Candidatus Odinarchaeota;x__unclassified Candidatus Odinarchaeota;s__Candidatus Odinarchaeota archaeon	0	1248337	11	25	na	1248337	0	JAGGSW000000000.1	1322	177	none	0	none	none	none	none	none	none	none	none	none	none	none	none	none	none	0	14	25	0
GB_GCA_048940745.1	Archaea	Asgardarchaeota	Thorarchaeia	Thorarchaeales	Thorarchaeaceae	SMTZ1-83	SMTZ1-83 sp048939765	0	81.35	3.03	General	84.11	5.61	149	k__Archaea (UID2)	107	0.0	2796014	90.44344886703652	165	1451490	47.00040475997733	3091450	GB_GCA_048939765.1	f	d__Archaea;p__Asgardarchaeota;c__Thorarchaeia;o__Thorarchaeales;f__Thorarchaeaceae;g__SMTZ1-83;s__SMTZ1-83 sp048939765	not type material	none	f	21	19	144149	144149	none	0	none	none	none	0	none	none	none	none	none	none	none	none	18716	23243	f	f	t	41675	46671	Scaffold	ASM4894074v1	na	PRJNA1162170	SAMN43852889	165	41675	none	2025-03-25	GCA_048940745.1	derived from metagenome	full	DZ3M.303	none	none	0	0	Promethearchaeota archaeon	none	na	2	133	19	46671	21711	8796	2025-03-25	32	2053489	1	DZ3M.303	East china normal University	2053489	d__Archaea;p__Promethearchaeota;c__;o__;f__;g__;s__	d__Archaea;x__Promethearchaeati;p__Promethearchaeota;x__unclassified Promethearchaeota;s__Promethearchaeota archaeon	3200	3091450	11	36	na	3088250	0	JBHLOH000000000.1	3037	133	none	0	none	none	none	none	none	none	none	none	none	none	none	none	none	none	3200	18	37	0
GB_GCA_020343655.1	Archaea	Asgardarchaeota	Lokiarchaeia	Sigyniarchaeales	SOKP01	Loki-b32	Loki-b32 sp020343655	0	81.68	3.84	General	79.91	2.34	149	k__Archaea (UID2)	107	25.0	1898922	83.80342853511415	138	665222	29.537538785608607	2265924	GB_GCA_020343655.1	t	d__Archaea;p__Asgardarchaeota;c__Lokiarchaeia;o__Sigyniarchaeales;f__SOKP01;g__Loki-b32;s__Loki-b32 sp020343655	not type material	none	f	22	1	120458	2265924	none	0	none	none	none	0	none	none	none	none	none	none	none	none	16319	2265924	f	f	t	30242	2265924	Chromosome	ASM2034365v1	na	PRJNA575161	SAMN17669560	138	30242	China:PRE	2021-10-07	GCA_020343655.1	derived from metagenome	full	bin132	environmental38	22.1315 N 113.8055 E	1	0	Promethearchaeota archaeon	none	na	0	1	1	2265924	2265924	2265924	2021-10-07	138	2053489	0	bin132	Tongji University	2053489	d__Archaea;p__Promethearchaeota;c__;o__;f__;g__;s__	d__Archaea;x__Promethearchaeati;p__Promethearchaeota;x__unclassified Promethearchaeota;s__Promethearchaeota archaeon	13800	2265924	11	34	na	2252124	0	na	2182	1	none	0	none	none	none	none	none	none	none	none	none	none	none	none	none	none	13800	14	33	1
GB_GCA_020355105.1	Archaea	Asgardarchaeota	Thorarchaeia	Thorarchaeales	Thorarchaeaceae	SMTZ1-83	SMTZ1-83 sp020355105	0	77.61	3.38	General	80.91	4.21	149	k__Archaea (UID2)	107	40.0	2079767	80.63809716195766	399	1262850	49.73344355016881	2579137	GB_GCA_020355105.1	t	d__Archaea;p__Asgardarchaeota;c__Thorarchaeia;o__Thorarchaeales;f__Thorarchaeaceae;g__SMTZ1-83;s__SMTZ1-83 sp020355105	not type material	none	f	97	1	51807	2579137	none	0	none	none	none	0	none	none	none	none	none	none	none	none	6364	2579137	f	f	t	7556	2579137	Chromosome	ASM2035510v1	na	PRJNA575161	SAMN17669708	399	7556	China:PRE	2021-10-07	GCA_020355105.1	derived from metagenome	full	bin8	environmental186	22.1315 N 113.8055 E	1	0	Candidatus Thorarchaeota archaeon	none	na	1	1	1	2579137	2579137	2579137	2021-10-07	399	2053491	0	bin8	Tongji University	2053491	d__Archaea;p__Candidatus Thorarchaeota;c__;o__;f__;g__;s__	d__Archaea;x__Promethearchaeati;p__Candidatus Thorarchaeota;x__unclassified Candidatus Thorarchaeota;s__Candidatus Thorarchaeota archaeon	39900	2579137	11	35	na	2539237	0	na	2620	1	none	0	none	none	none	none	none	none	none	none	none	none	none	none	none	none	39900	15	36	0
GB_GCA_038881135.1	Archaea	Asgardarchaeota	Jordiarchaeia	Jordiarchaeales	Freyrarchaeaceae	DTBI01	DTBI01 sp019057715	0	94.16	1.63	General	97.2	3.74	149	k__Archaea (UID2)	107	0.0	2000045	85.41714445806818	34	1108514	47.341985041232064	2341503	GB_GCA_038858525.1	f	d__Archaea;p__Asgardarchaeota;c__Jordiarchaeia;o__Jordiarchaeales;f__Freyrarchaeaceae;g__DTBI01;s__DTBI01 sp019057715	not type material	none	f	6	6	470836	470836	470836	1	3051	JAVZQJ010000001.1	none	0	none	none	2922	2473	0	82.375	KX764886.1.3038	Archaea;Incertae Sedis;Incertae Sedis;Incertae Sedis;Incertae Sedis;Incertae Sedis;uncultured archaeon	68867	68867	f	f	t	107176	107176	Contig	ASM3888113v1	na	PRJNA544494	SAMN36037444	34	107176	none	2024-04-30	GCA_038881135.1	derived from metagenome	full	DRTY-7_201803_bins_12	none	none	0	0	Candidatus Jordarchaeales archaeon	none	na	2	none	none	none	none	none	2024-04-30	0	3058035	1	DRTY-7_201803_bins_12	The University of Texas at Austin	3058035	d__Archaea;p__;c__Candidatus Jordarchaeia;o__Candidatus Jordarchaeales;f__;g__;s__	d__Archaea;x__Promethearchaeati;x__Promethearchaeati incertae sedis;c__Candidatus Jordarchaeia;o__Candidatus Jordarchaeales;x__unclassified Candidatus Jordarchaeales;s__Candidatus Jordarchaeales archaeon	0	2341503	11	44	na	2341503	0	JAVZQJ000000000.1	2404	34	221880	1	none	none	none	none	none	none	1493	JAVZQJ010000003.1	1370	1587	0	87.883	JF935161.1.1360	Archaea;Thermoproteota;Bathyarchaeia;Incertae Sedis;Incertae Sedis;Incertae Sedis;uncultured crenarchaeote	0	19	42	0
GB_GCA_008080735.1	Archaea	Asgardarchaeota	Lokiarchaeia	Sigyniarchaeales	SOKP01	TEKIR-8	TEKIR-8 sp008080735	0	93.19	7.16	General	88.32	3.74	149	k__Archaea (UID2)	107	0.0	3601445	86.88506437047594	163	1392685	33.60046882411327	4145068	GB_GCA_008080735.1	t	d__Archaea;p__Asgardarchaeota;c__Lokiarchaeia;o__Sigyniarchaeales;f__SOKP01;g__TEKIR-8;s__TEKIR-8 sp008080735	not type material	none	f	32	28	124570	143576	38472	1	1165	SHMW01000035.1	none	0	none	none	1162	1188	0	85.198	JYIM01000373.485.3826	Archaea;Asgardarchaeota;Incertae Sedis;Incertae Sedis;Incertae Sedis;Incertae Sedis;Lokiarchaeum sp. GC14_75	25428	29607	f	f	t	38188	42570	Scaffold	ASM808073v1	na	PRJNA521734	SAMN10909897	163	38188	Mexico: Baja; California	2019-08-23	GCA_008080735.1	derived from metagenome	full	BC3	marine sediment	30.213 N 114.663 W	0	0	Promethearchaeota archaeon	none	na	0	140	28	42570	27297	18097	2019-08-23	23	2053489	0	BC3	University of Vienna	2053489	d__Archaea;p__Promethearchaeota;c__;o__;f__;g__;s__	d__Archaea;x__Promethearchaeati;p__Promethearchaeota;x__unclassified Promethearchaeota;s__Promethearchaeota archaeon	230	4145068	11	17	na	4144838	0	SHMW00000000.1	4011	140	none	0	none	none	none	none	none	none	none	none	none	none	none	none	none	none	230	15	40	0
GB_GCA_964476035.1	Archaea	Asgardarchaeota	Baldrarchaeia	Baldrarchaeales	DXJG01	DXJG01	DXJG01 sp964476035	0	82.4	1.89	General	78.43	2.8	149	k__Archaea (UID2)	107	0.0	1192140	86.50744007233263	175	508517	36.91866838778625	1378078	GB_GCA_964476035.1	t	d__Archaea;p__Asgardarchaeota;c__Baldrarchaeia;o__Baldrarchaeales;f__DXJG01;g__DXJG01;s__DXJG01 sp964476035	not type material	none	f	50	49	30596	35242	none	0	none	none	none	0	none	none	none	none	none	none	none	none	7870	8559	f	f	t	8859	8866	Scaffold	binchicken_co6_428	na	PRJEB82487	SAMEA117384378	175	8859	none	2025-01-06	GCA_964476035.1	derived from metagenome	full	binchicken_co6_428	none	none	0	none	uncultured archaeon	none	na	none	161	49	8866	6675	4825	2025-01-06	14	115547	none	binchicken_co6_428	Centre for Microbiome Research	115547	d__Archaea;p__;c__;o__;f__;g__;s__	d__Archaea;x__environmental samples;s__uncultured archaeon	680	1378078	none	none	na	1377398	0	CAYYZD000000000.1	1513	161	none	0	none	none	none	none	none	none	none	none	none	none	none	none	none	none	680	11	16	0
GB_GCA_013375485.1	Archaea	Asgardarchaeota	Lokiarchaeia	Sigyniarchaeales	SOKP01	Loki-b32	Loki-b32 sp013375485	0	97.87	9.0	General	89.25	5.61	149	k__Archaea (UID2)	107	42.86	4008175	87.17942081287346	457	1375883	29.92600947969557	4597616	GB_GCA_013375485.1	t	d__Archaea;p__Asgardarchaeota;c__Lokiarchaeia;o__Sigyniarchaeales;f__SOKP01;g__Loki-b32;s__Loki-b32 sp013375485	not type material	none	f	110	110	56100	56100	8729	1	1177	JABXKB010000203.1	none	0	none	none	632	893	0	92.247	JYIM01000373.485.3826	Archaea;Asgardarchaeota;Incertae Sedis;Incertae Sedis;Incertae Sedis;Incertae Sedis;Lokiarchaeum sp. GC14_75	10060	10060	f	f	t	13068	13068	Contig	ASM1337548v1	na	PRJNA505997	SAMN14451652	457	13068	North Sea: German Bight (Helgoland Mud Area)	2020-06-28	GCA_013375485.1	derived from metagenome	full	Hel_238_bin13	marine sediment at depth 238-263 cm	54.08972 N 7.9678 E	0	0	Promethearchaeota archaeon	none	na	1	none	none	none	none	none	2020-06-28	0	2053489	0	Hel_238_bin13	University of Bremen	2053489	d__Archaea;p__Promethearchaeota;c__;o__;f__;g__;s__	d__Archaea;x__Promethearchaeati;p__Promethearchaeota;x__unclassified Promethearchaeota;s__Promethearchaeota archaeon	0	4597616	11	40	na	4597616	0	JABXKB000000000.1	4891	457	none	0	none	none	none	none	none	none	none	none	none	none	none	none	none	none	0	18	42	1
GB_GCA_048939625.1	Archaea	Asgardarchaeota	Hermodarchaeia	Hermodarchaeales	Hermodarchaeaceae	Hermodarchaeum	Hermodarchaeum sp048939625	0	87.64	6.34	General	94.86	0.0	149	k__Archaea (UID2)	107	0.0	2070379	89.44067475171796	90	1031837	44.588992643814656	2314807	GB_GCA_048939625.1	t	d__Archaea;p__Asgardarchaeota;c__Hermodarchaeia;o__Hermodarchaeales;f__Hermodarchaeaceae;g__Hermodarchaeum;s__Hermodarchaeum sp048939625	not type material	none	f	10	10	213648	213648	none	0	none	none	11488	1	109	JBHLPH010000042.1	none	none	none	none	none	none	25712	27889	f	f	t	73942	73942	Scaffold	ASM4893962v1	na	PRJNA1162170	SAMN43852915	90	73942	none	2025-03-25	GCA_048939625.1	derived from metagenome	full	H2M.135	none	none	0	0	Promethearchaeota archaeon	none	na	2	83	10	73942	26843	11350	2025-03-25	7	2053489	0	H2M.135	East china normal University	2053489	d__Archaea;p__Promethearchaeota;c__;o__;f__;g__;s__	d__Archaea;x__Promethearchaeati;p__Promethearchaeota;x__unclassified Promethearchaeota;s__Promethearchaeota archaeon	700	2314807	11	36	na	2314107	0	JBHLPH000000000.1	2320	83	none	0	none	none	none	none	none	none	none	none	none	none	none	none	none	none	700	16	34	0
GB_GCA_019058165.1	Archaea	Asgardarchaeota	Heimdallarchaeia	JABLTI01	JABLTI01	JABLTI01	JABLTI01 sp019058165	0	85.84	6.26	General	91.3	6.54	149	k__Archaea (UID2)	107	0.0	2990571	89.05886918022819	253	1134123	33.7740558212087	3357971	GB_GCA_019058165.1	t	d__Archaea;p__Asgardarchaeota;c__Heimdallarchaeia;o__JABLTI01;f__JABLTI01;g__JABLTI01;s__JABLTI01 sp019058165	not type material	none	f	46	46	95379	95379	none	0	none	none	none	0	none	none	none	none	none	none	none	none	13272	13272	f	f	t	19774	19774	Contig	ASM1905816v1	na	PRJNA678552	SAMN19663733	253	19774	New Zealand: Hikurangi Subduction Margin	2021-06-29	GCA_019058165.1	derived from metagenome	full	12R2_15	sediment collected in IODP Expedition 375 from site U1519C; depth 280.17 mbsf	38.72 S 178.61 E	0	none	Candidatus Heimdallarchaeota archaeon	none	na	none	none	none	none	none	none	2021-06-29	0	2026747	none	12R2_15	The University of Queensland	2026747	d__Archaea;p__Candidatus Heimdallarchaeota;c__;o__;f__;g__;s__	d__Archaea;x__Promethearchaeati;p__Candidatus Heimdallarchaeota;x__unclassified Candidatus Heimdallarchaeota;s__Candidatus Heimdallarchaeota archaeon	0	3357971	none	none	na	3357971	0	JAHLVZ000000000.1	3329	253	none	0	none	none	none	none	none	none	none	none	none	none	none	none	none	none	0	19	37	0
GB_GCA_048885865.1	Archaea	Asgardarchaeota	Thorarchaeia	Thorarchaeales	Thorarchaeaceae	SMTZ1-83	SMTZ1-83 sp048885865	0	87.04	5.31	General	87.85	3.27	149	k__Archaea (UID2)	107	20.0	3252859	90.94136641621527	132	1656993	46.34459322448694	3576875	GB_GCA_048885865.1	t	d__Archaea;p__Asgardarchaeota;c__Thorarchaeia;o__Thorarchaeales;f__Thorarchaeaceae;g__SMTZ1-83;s__SMTZ1-83 sp048885865	not type material	none	f	17	15	205675	205675	none	0	none	none	none	0	none	none	none	none	none	none	none	none	27086	30571	f	f	t	62814	76270	Scaffold	ASM4888586v1	na	PRJNA1162170	SAMN43852809	132	62814	none	2025-03-24	GCA_048885865.1	derived from metagenome	full	DZ1M.409	none	none	0	0	Candidatus Hermodarchaeota archaeon	none	na	4	117	15	76270	25617	12419	2025-03-24	15	2799008	2	DZ1M.409	East china normal University	2799008	d__Archaea;p__Candidatus Hermodarchaeota;c__;o__;f__;g__;s__	d__Archaea;x__Promethearchaeati;p__Candidatus Hermodarchaeota;x__unclassified Candidatus Hermodarchaeota;s__Candidatus Hermodarchaeota archaeon	1500	3576875	11	35	na	3575375	0	JBHLLF000000000.1	3439	117	none	0	none	none	none	none	none	none	none	none	none	none	none	none	none	none	1500	18	36	0
GB_GCA_018238725.1	Archaea	Asgardarchaeota	Lokiarchaeia	Sigyniarchaeales	SOKP01	SOKP01	SOKP01 sp018238625	0	98.45	7.6	General	89.25	5.68	149	k__Archaea (UID2)	107	36.36	3612427	87.86121417531007	174	1316304	32.01506014206442	4111515	GB_GCA_018238625.1	f	d__Archaea;p__Asgardarchaeota;c__Lokiarchaeia;o__Sigyniarchaeales;f__SOKP01;g__SOKP01;s__SOKP01 sp018238625	not type material	none	f	37	37	113024	113024	none	0	none	none	none	0	none	none	none	none	none	none	none	none	23629	23629	f	f	t	34691	34691	Contig	ASM1823872v1	na	PRJNA628571	SAMN14734417	174	34691	China: Haima cold seep	2021-05-03	GCA_018238725.1	derived from metagenome	full	HM4_B16	cold seep	none	0	none	Promethearchaeota archaeon	none	na	none	none	none	none	none	none	2021-05-03	0	2053489	none	HM4_B16	Institute of Deep-sea Science and Engineering, Chinese Academy of Sciences	2053489	d__Archaea;p__Promethearchaeota;c__;o__;f__;g__;s__	d__Archaea;x__Promethearchaeati;p__Promethearchaeota;x__unclassified Promethearchaeota;s__Promethearchaeota archaeon	0	4111515	none	none	na	4111515	0	JABCSU000000000.1	4005	174	102963	1	none	none	none	none	none	none	1490	JABCSU010000002.1	1456	2639	0	99.382	HQ700683.1.1459	Archaea;Asgardarchaeota;Lokiarchaeia;Incertae Sedis;Incertae Sedis;Incertae Sedis;uncultured crenarchaeote	0	16	43	0
GB_GCA_018238305.1	Archaea	Asgardarchaeota	Lokiarchaeia	Sigyniarchaeales	SOKP01	SOKP01	SOKP01 sp018238625	0	97.64	6.77	General	91.59	6.23	149	k__Archaea (UID2)	107	30.0	3312537	87.75546157400147	411	1221788	32.36750861517203	3774736	GB_GCA_018238625.1	f	d__Archaea;p__Asgardarchaeota;c__Lokiarchaeia;o__Sigyniarchaeales;f__SOKP01;g__SOKP01;s__SOKP01 sp018238625	not type material	none	f	102	102	41703	41703	41703	1	3025	JABCTO010000001.1	none	0	none	none	3058	3897	0	89.928	JYIM01000373.485.3826	Archaea;Asgardarchaeota;Incertae Sedis;Incertae Sedis;Incertae Sedis;Incertae Sedis;Lokiarchaeum sp. GC14_75	9184	9184	f	f	t	11523	11523	Contig	ASM1823830v1	na	PRJNA628571	SAMN14734423	411	11523	China: Haima cold seep	2021-05-03	GCA_018238305.1	derived from metagenome	full	HM5_B52	cold seep	none	0	none	Promethearchaeota archaeon	none	na	none	none	none	none	none	none	2021-05-03	0	2053489	none	HM5_B52	Institute of Deep-sea Science and Engineering, Chinese Academy of Sciences	2053489	d__Archaea;p__Promethearchaeota;c__;o__;f__;g__;s__	d__Archaea;x__Promethearchaeati;p__Promethearchaeota;x__unclassified Promethearchaeota;s__Promethearchaeota archaeon	0	3774736	none	none	na	3774736	0	JABCTO000000000.1	3906	411	27583	1	none	none	none	none	none	none	1490	JABCTO010000009.1	1456	2645	0	99.451	HQ700683.1.1459	Archaea;Asgardarchaeota;Lokiarchaeia;Incertae Sedis;Incertae Sedis;Incertae Sedis;uncultured crenarchaeote	0	15	39	0
GB_GCA_004524565.1	Archaea	Asgardarchaeota	Thorarchaeia	Thorarchaeales	Thorarchaeaceae	SMTZ1-45	SMTZ1-45 sp004524565	0	86.32	4.06	General	90.19	0.47	149	k__Archaea (UID2)	107	0.0	2850664	90.99798989168016	218	1302711	41.5847263689374	3132667	GB_GCA_004524565.1	t	d__Archaea;p__Asgardarchaeota;c__Thorarchaeia;o__Thorarchaeales;f__Thorarchaeaceae;g__SMTZ1-45;s__SMTZ1-45 sp004524565	not type material	none	f	51	51	123680	123680	none	0	none	none	none	0	none	none	none	none	none	none	none	none	14370	14370	f	f	t	18527	18527	Contig	ASM452456v1	na	PRJNA483005	SAMN10768445	218	18527	Romania: Amara	2019-03-29	GCA_004524565.1	derived from metagenome	full	AMARA_8	lake sediment	44.6085139 N 27.331375 E	0	0	Candidatus Thorarchaeota archaeon	none	na	1	none	none	none	none	none	2019-03-29	0	2053491	0	AMARA_8	Babes-Bolyai University	2053491	d__Archaea;p__Candidatus Thorarchaeota;c__;o__;f__;g__;s__	d__Archaea;x__Promethearchaeati;p__Candidatus Thorarchaeota;x__unclassified Candidatus Thorarchaeota;s__Candidatus Thorarchaeota archaeon	0	3132667	11	34	na	3132667	0	SDNZ00000000.1	3160	218	none	0	none	none	none	none	none	none	none	none	none	none	none	none	none	none	0	19	42	1
GB_GCA_018238445.1	Archaea	Asgardarchaeota	Thorarchaeia	Thorarchaeales	Thorarchaeaceae	WTCK01	WTCK01 sp018238375	0	94.84	5.72	General	93.93	4.21	149	k__Archaea (UID2)	107	0.0	2712206	89.27339216415577	113	1459031	48.02461414902126	3038090	GB_GCA_018238375.1	f	d__Archaea;p__Asgardarchaeota;c__Thorarchaeia;o__Thorarchaeales;f__Thorarchaeaceae;g__WTCK01;s__WTCK01 sp018238375	not type material	none	f	20	20	182411	182411	48574	1	861	JABCTI010000019.1	none	0	none	none	233	111	1.11e-22	76.395	CP002530.2616567.2619444	Bacteria;Bacteroidota;Bacteroidia;Bacteroidales;Bacteroidaceae;Bacteroides;Bacteroides salanitronis DSM 18170	26885	26885	f	f	t	47652	47652	Contig	ASM1823844v1	na	PRJNA628571	SAMN14734414	113	47652	China: Haima cold seep	2021-05-03	GCA_018238445.1	derived from metagenome	full	HM4_B91	cold seep	none	0	none	Candidatus Thorarchaeota archaeon	none	na	none	none	none	none	none	none	2021-05-03	0	2053491	none	HM4_B91	Institute of Deep-sea Science and Engineering, Chinese Academy of Sciences	2053491	d__Archaea;p__Candidatus Thorarchaeota;c__;o__;f__;g__;s__	d__Archaea;x__Promethearchaeati;p__Candidatus Thorarchaeota;x__unclassified Candidatus Thorarchaeota;s__Candidatus Thorarchaeota archaeon	0	3038090	none	none	na	3038090	0	JABCTI000000000.1	3013	113	28632	1	none	none	none	none	none	none	642	JABCTI010000034.1	355	193	3.18e-47	76.901	DQ228515.1.1464	Archaea;Asgardarchaeota;Lokiarchaeia;Odinarchaeales;Incertae Sedis;LCB-4;uncultured archaeon	0	19	50	1
GB_GCA_019894665.1	Archaea	Asgardarchaeota	Thorarchaeia	Thorarchaeales	Thorarchaeaceae	SMTZ1-45	SMTZ1-45 sp019894665	9	90.34	3.63	General	88.32	4.74	149	k__Archaea (UID2)	107	20.0	2720569	89.3476815841709	482	1349175	44.357541825972	3044924	GB_GCA_019894665.1	t	d__Archaea;p__Asgardarchaeota;c__Thorarchaeia;o__Thorarchaeales;f__Thorarchaeaceae;g__SMTZ1-45;s__SMTZ1-45 sp019894665	not type material	none	f	49	41	101271	160853	10781	2	1343	JAGXOC010000075.1	16207	1	114	JAGXOC010000054.1	651	115	1.35e-23	70.507	HE574566.25187.28291	Archaea;Thermoproteota;Nitrososphaeria;Nitrosocaldales;Nitrosocaldaceae;Candidatus Nitrosocaldus;uncultured archaeon	6310	6888	f	f	t	16280	20890	Scaffold	ASM1989466v1	na	PRJNA680161	SAMN18946039	482	16280	Russia: Cape Chukochii	2021-09-07	GCA_019894665.1	derived from metagenome	full	bin66	permafrost sediment	70.05 N 159.55 E	0	0	Candidatus Thorarchaeota archaeon	none	na	3	442	41	20890	9070	3607	2021-09-07	40	2053491	0	bin66	Princeton University	2053491	d__Archaea;p__Candidatus Thorarchaeota;c__;o__;f__;g__;s__	d__Archaea;x__Promethearchaeati;p__Candidatus Thorarchaeota;x__unclassified Candidatus Thorarchaeota;s__Candidatus Thorarchaeota archaeon	3324	3044924	11	57	na	3041600	0	JAGXOC000000000.1	3369	442	none	0	none	none	none	none	none	none	none	none	none	none	none	none	none	none	3324	17	59	0
GB_GCA_018383875.1	Archaea	Asgardarchaeota	Jordiarchaeia	Jordiarchaeales	Jordiarchaeaceae	Jordiarchaeum	Jordiarchaeum sp018383815	9	94.57	4.91	General	94.86	3.27	149	k__Archaea (UID2)	107	0.0	2942857	79.97539475332655	282	1546199	42.04884217396625	3679703	GB_GCA_018383815.1	f	d__Archaea;p__Asgardarchaeota;c__Jordiarchaeia;o__Jordiarchaeales;f__Jordiarchaeaceae;g__Jordiarchaeum;s__Jordiarchaeum sp018383815	not type material	none	f	53	52	93986	93986	none	0	none	none	none	0	none	none	none	none	none	none	none	none	13039	14544	f	f	t	20234	20424	Scaffold	ASM1838387v1	na	PRJNA544494	SAMN18804111	282	20234	China: QuZhuoMu village; CuoNa county;Tibet Plateau; QZM_A2 pool	2021-05-17	GCA_018383875.1	derived from metagenome	full	QZM_A2	hot spring sediment	28.24816 N 91.80855 E	0	0	Candidatus Jordarchaeia archaeon	none	na	2	253	52	20424	11949	6430	2021-05-17	29	3067279	1	QZM_A2	The University of Texas at Austin	3067279	d__Archaea;p__;c__Candidatus Jordarchaeia;o__;f__;g__;s__	d__Archaea;x__Promethearchaeati;x__Promethearchaeati incertae sedis;c__Candidatus Jordarchaeia;x__unclassified Candidatus Jordarchaeia;s__Candidatus Jordarchaeia archaeon	2544	3679703	11	43	na	3677159	0	JAHAWT000000000.1	3600	253	4538	1	none	none	none	none	none	none	1535	JAHAWT010000216.1	1519	2178	0	92.693	KP091068.1.1520	Archaea;Thermoproteota;Bathyarchaeia;Incertae Sedis;Incertae Sedis;Incertae Sedis;uncultured archaeon	2544	17	38	0
GB_GCA_004524445.1	Archaea	Asgardarchaeota	Thorarchaeia	Thorarchaeales	Thorarchaeaceae	TEKIR-14	TEKIR-14 sp004524445	0	90.08	5.41	General	90.19	0.93	149	k__Archaea (UID2)	107	0.0	2505193	89.70502033694262	64	1245067	44.58289662946374	2792701	GB_GCA_004524445.1	t	d__Archaea;p__Asgardarchaeota;c__Thorarchaeia;o__Thorarchaeales;f__Thorarchaeaceae;g__TEKIR-14;s__TEKIR-14 sp004524445	not type material	none	f	14	14	162459	162459	none	0	none	none	41981	1	115	SDNP01000027.1	none	none	none	none	none	none	43635	43635	f	f	t	73012	73012	Contig	ASM452444v1	na	PRJNA483005	SAMN10768455	64	73012	Romania: Tekirghiol	2019-03-29	GCA_004524445.1	derived from metagenome	full	TEKIR_14	lake sediment	44.0552806 N 28.6053 E	0	0	Candidatus Thorarchaeota archaeon	none	na	2	none	none	none	none	none	2019-03-29	0	2053491	1	TEKIR_14	Babes-Bolyai University	2053491	d__Archaea;p__Candidatus Thorarchaeota;c__;o__;f__;g__;s__	d__Archaea;x__Promethearchaeati;p__Candidatus Thorarchaeota;x__unclassified Candidatus Thorarchaeota;s__Candidatus Thorarchaeota archaeon	0	2792701	11	35	na	2792701	0	SDNP00000000.1	2728	64	97140	1	none	none	none	none	none	none	1612	SDNP01000007.1	573	392	7.53e-107	79.407	AB644695.1.902	Archaea;Asgardarchaeota;Lokiarchaeia;Incertae Sedis;Incertae Sedis;Incertae Sedis;uncultured archaeon	0	18	45	1
GB_GCA_964486045.1	Archaea	Asgardarchaeota	Lokiarchaeia	Sigyniarchaeales	SOKP01	Loki-b32	Loki-b32 sp964486045	0	99.01	7.8	General	88.65	4.21	149	k__Archaea (UID2)	107	0.0	4414195	85.1584815373996	58	1618235	31.22404805566876	5183506	GB_GCA_964486045.1	t	d__Archaea;p__Asgardarchaeota;c__Lokiarchaeia;o__Sigyniarchaeales;f__SOKP01;g__Loki-b32;s__Loki-b32 sp964486045	not type material	none	f	8	7	656595	998005	998005	1	3092	CAZALK010000001.1	none	0	none	none	2129	3295	0	94.598	JYIM01000373.485.3826	Archaea;Asgardarchaeota;Incertae Sedis;Incertae Sedis;Incertae Sedis;Incertae Sedis;Lokiarchaeum sp. GC14_75	89356	115189	f	f	t	215716	215716	Scaffold	binchicken_co136_26	na	PRJEB82487	SAMEA117383014	58	215716	none	2025-01-14	GCA_964486045.1	derived from metagenome	full	binchicken_co136_26	none	none	0	none	uncultured archaeon	none	na	none	45	7	215716	153243	70484	2025-01-14	13	115547	none	binchicken_co136_26	Centre for Microbiome Research	115547	d__Archaea;p__;c__;o__;f__;g__;s__	d__Archaea;x__environmental samples;s__uncultured archaeon	850	5183506	none	none	na	5182656	0	CAZALK000000000.1	4837	45	998005	1	none	none	none	none	none	none	1492	CAZALK010000001.1	1423	2562	0	99.157	JQ989731.1.1423	Archaea;Asgardarchaeota;Lokiarchaeia;Incertae Sedis;Incertae Sedis;Incertae Sedis;uncultured archaeon	850	18	40	1
GB_GCA_964391265.1	Archaea	Asgardarchaeota	Thorarchaeia	Thorarchaeales	Thorarchaeaceae	MP5-2226	MP5-2226 sp964391265	0	74.34	2.48	General	78.97	4.21	149	k__Archaea (UID2)	107	0.0	3132317	89.67429937592202	501	1518690	43.49350170673095	3492993	GB_GCA_964391265.1	t	d__Archaea;p__Asgardarchaeota;c__Thorarchaeia;o__Thorarchaeales;f__Thorarchaeaceae;g__MP5-2226;s__MP5-2226 sp964391265	not type material	none	f	112	103	72019	72019	24296	1	927	CAYMLT010000018.1	none	0	none	none	288	135	7.1e-30	75.694	MTMB01000003.340440.343536	Archaea;Thermoproteota;Nitrososphaeria;Caldarchaeales;Geothermarchaeaceae;Incertae Sedis;Candidatus Geothermarchaeota archaeon JdFR-14	6969	8066	f	f	t	9303	9994	Scaffold	binchicken_co129_606	na	PRJEB82487	SAMEA117382938	501	9303	none	2025-01-12	GCA_964391265.1	derived from metagenome	full	binchicken_co129_606	none	none	0	none	uncultured archaeon	none	na	none	433	103	9994	5934	4019	2025-01-12	68	115547	none	binchicken_co129_606	Centre for Microbiome Research	115547	d__Archaea;p__;c__;o__;f__;g__;s__	d__Archaea;x__environmental samples;s__uncultured archaeon	1230	3492993	none	none	na	3491763	0	CAYMLT000000000.1	3758	433	26415	1	none	none	none	none	none	none	500	CAYMLT010000014.1	100	119	4.21e-25	88	AB611659.1.945	Archaea;Micrarchaeota;Micrarchaeia;Micrarchaeales;Incertae Sedis;Incertae Sedis;uncultured euryarchaeote	1230	16	38	1
GB_GCA_030669595.1	Archaea	Asgardarchaeota	Thorarchaeia	Thorarchaeales	Thorarchaeaceae	WTCK01	WTCK01 sp030669595	0	84.59	4.51	General	90.12	3.27	149	k__Archaea (UID2)	107	25.0	1940319	89.4507428723167	161	1059493	48.84373956963748	2169148	GB_GCA_030669595.1	t	d__Archaea;p__Asgardarchaeota;c__Thorarchaeia;o__Thorarchaeales;f__Thorarchaeaceae;g__WTCK01;s__WTCK01 sp030669595	not type material	none	f	39	39	71640	71640	8126	1	2696	DAOVDG010000097.1	6329	1	111	DAOVDG010000113.1	2235	464	2.36e-128	71.275	KX764886.1.3038	Archaea;Incertae Sedis;Incertae Sedis;Incertae Sedis;Incertae Sedis;Incertae Sedis;uncultured archaeon	13472	13472	f	f	t	17664	17664	Contig	ASM3066959v1	na	PRJNA950938	SAMN34048754	161	17664	none	2023-08-07	GCA_030669595.1	derived from metagenome	full	CSMAG_1051	cold seep	none	0	none	Candidatus Thorarchaeota archaeon	none	na	none	none	none	none	none	none	2023-08-07	0	2053491	none	CSMAG_1051	Third Institute of Oceanography, Ministry of Natural Resources	2053491	d__Archaea;p__Candidatus Thorarchaeota;c__;o__;f__;g__;s__	d__Archaea;x__Promethearchaeati;p__Candidatus Thorarchaeota;x__unclassified Candidatus Thorarchaeota;s__Candidatus Thorarchaeota archaeon	0	2169148	none	none	na	2169148	0	DAOVDG000000000.1	2199	161	31695	1	none	none	none	none	none	none	1531	DAOVDG010000012.1	1018	656	0	78.585	EU420696.1.1474	Archaea;Asgardarchaeota;Lokiarchaeia;Incertae Sedis;Incertae Sedis;Incertae Sedis;uncultured archaeon	0	16	32	0
GB_GCA_038843635.1	Archaea	Asgardarchaeota	Njordarchaeia	Njordarchaeales	Panguiarchaeaceae	Panguiarchaeum	Panguiarchaeum symbiosum	0	77.8	1.14	General	84.27	0.47	149	k__Archaea (UID2)	107	0.0	1130704	89.88779765737662	36	505796	40.20968347144756	1257906	GB_GCA_024720975.1	f	d__Archaea;p__Asgardarchaeota;c__Njordarchaeia;o__Njordarchaeales;f__Panguiarchaeaceae;g__Panguiarchaeum;s__Panguiarchaeum symbiosum	not type material	none	f	6	6	183577	183577	83534	1	2979	JAWBRX010000004.1	none	0	none	none	2950	1083	0	74.068	CP000504.1594574.1597615	Archaea;Thermoproteota;Thermoproteia;Thermoproteales;Thermoproteaceae;Pyrobaculum;Pyrobaculum islandicum DSM 4184	34941	35940	f	f	t	57206	57206	Scaffold	ASM3884363v1	na	PRJNA544494	SAMN36039153	36	57206	none	2024-04-30	GCA_038843635.1	derived from metagenome	full	JZ-1_201705_bins_86	none	none	0	0	Thermoproteota archaeon	none	na	2	35	6	57206	27443	15632	2024-04-30	1	2056631	1	JZ-1_201705_bins_86	The University of Texas at Austin	2056631	d__Archaea;p__Thermoproteota;c__;o__;f__;g__;s__	d__Archaea;x__Thermoproteati;p__Thermoproteota;x__unclassified Thermoproteota;s__Thermoproteota archaeon	10	1257906	11	44	na	1257896	0	JAWBRX000000000.1	1201	35	83534	1	none	none	none	none	none	none	1515	JAWBRX010000004.1	1399	992	0	79.914	DQ228522.1.1438	Archaea;Incertae Sedis;Incertae Sedis;Incertae Sedis;Incertae Sedis;Incertae Sedis;uncultured archaeon	10	19	44	0
GB_GCA_024276395.1	Archaea	Asgardarchaeota	Heimdallarchaeia	Hodarchaeales	S146-22	JAJRXH01	JAJRXH01 sp024276395	0	85.67	5.86	General	84.35	1.4	149	k__Archaea (UID2)	107	0.0	3147847	83.81929407303817	759	1515232	40.346839156057385	3755516	GB_GCA_024276395.1	t	d__Archaea;p__Asgardarchaeota;c__Heimdallarchaeia;o__Hodarchaeales;f__S146-22;g__JAJRXH01;s__JAJRXH01 sp024276395	not type material	none	f	191	191	36252	36252	none	0	none	none	none	0	none	none	none	none	none	none	none	none	4947	4947	f	f	t	6346	6346	Contig	ASM2427639v1	na	PRJNA771178	SAMN22253154	759	6346	Indian Ocean: Longqi hydrothermal vent field; ultraslow-spreading Southwestern Indian Ridge	2022-07-15	GCA_024276395.1	derived from metagenome	full	Dive96_bin3.136	active black smoker DFF12	37.78 S 49.64 E	0	none	archaeon	none	na	none	none	none	none	none	none	2022-07-15	0	1906665	none	Dive96_bin3.136	Second Organization of Oceanography, State Oceanic Administration	1906665	d__Archaea;p__;c__;o__;f__;g__;s__	d__Archaea;x__unclassified Archaea;s__archaeon	0	3755516	none	none	na	3755516	0	JAJRXH000000000.1	3678	759	none	0	none	none	none	none	none	none	none	none	none	none	none	none	none	none	0	17	38	0
GB_GCA_048882825.1	Archaea	Asgardarchaeota	Thorarchaeia	Thorarchaeales	Thorarchaeaceae	SMTZ1-83	SMTZ1-83 sp048882485	0	86.62	5.47	General	90.65	7.48	149	k__Archaea (UID2)	107	20.0	3623607	89.96042950336904	166	1860190	46.20326216356718	4028001	GB_GCA_048882485.1	f	d__Archaea;p__Asgardarchaeota;c__Thorarchaeia;o__Thorarchaeales;f__Thorarchaeaceae;g__SMTZ1-83;s__SMTZ1-83 sp048882485	not type material	none	f	16	14	346037	399717	145891	1	3058	JBHLRF010000004.1	11110	1	112	JBHLRF010000072.1	1510	331	2.84e-88	71.457	CP006867.388300.391334	Archaea;Thermoproteota;Thermoproteia;Desulfurococcales;Ignicoccaceae;Ignicoccus;Ignicoccus islandicus DSM 13165	24253	27401	f	f	t	64357	75514	Scaffold	ASM4888282v1	na	PRJNA1162170	SAMN43852965	166	64357	none	2025-03-24	GCA_048882825.1	derived from metagenome	full	TM1M.175	none	none	0	0	Candidatus Thorarchaeota archaeon	none	na	2	147	14	75514	29106	11710	2025-03-24	19	2053491	0	TM1M.175	East china normal University	2053491	d__Archaea;p__Candidatus Thorarchaeota;c__;o__;f__;g__;s__	d__Archaea;x__Promethearchaeati;p__Candidatus Thorarchaeota;x__unclassified Candidatus Thorarchaeota;s__Candidatus Thorarchaeota archaeon	1900	4028001	11	37	na	4026101	0	JBHLRF000000000.1	3910	147	none	0	none	none	none	none	none	none	none	none	none	none	none	none	none	none	1900	19	38	0
GB_GCA_016840785.1	Archaea	Asgardarchaeota	Thorarchaeia	Thorarchaeales	Thorarchaeaceae	SMTZ1-45	SMTZ1-45 sp016839275	0	82.41	2.68	General	80.84	0.47	149	k__Archaea (UID2)	107	0.0	2818432	90.53039209262108	146	1343858	43.16584244601452	3113244	GB_GCA_016839275.1	f	d__Archaea;p__Asgardarchaeota;c__Thorarchaeia;o__Thorarchaeales;f__Thorarchaeaceae;g__SMTZ1-45;s__SMTZ1-45 sp016839275	not type material	none	f	20	20	200487	200487	none	0	none	none	none	0	none	none	none	none	none	none	none	none	21323	21323	f	f	t	45134	45134	Contig	ASM1684078v1	na	PRJNA680430	SAMN16492183	146	45134	China: Mai Po Nature Reserve	2021-02-09	GCA_016840785.1	derived from metagenome	full	MP5_5_633	coastal marine sediment	22.497917 N 114.029450 E	0	none	Candidatus Thorarchaeota archaeon	none	na	none	none	none	none	none	none	2021-02-09	0	2053491	none	MP5_5_633	Shenzhen Univeristy	2053491	d__Archaea;p__Candidatus Thorarchaeota;c__;o__;f__;g__;s__	d__Archaea;x__Promethearchaeati;p__Candidatus Thorarchaeota;x__unclassified Candidatus Thorarchaeota;s__Candidatus Thorarchaeota archaeon	0	3113244	none	none	na	3113244	0	JAEORQ000000000.1	3091	146	none	0	none	none	none	none	none	none	none	none	none	none	none	none	none	none	0	14	25	1
GB_GCA_048939905.1	Archaea	Asgardarchaeota	Thorarchaeia	Thorarchaeales	Thorarchaeaceae	SMTZ1-83	SMTZ1-83 sp048939905	0	74.38	4.59	General	82.71	1.4	149	k__Archaea (UID2)	107	0.0	2125270	90.77001203137124	292	1170646	50.01010330145132	2341379	GB_GCA_048939905.1	t	d__Archaea;p__Asgardarchaeota;c__Thorarchaeia;o__Thorarchaeales;f__Thorarchaeaceae;g__SMTZ1-83;s__SMTZ1-83 sp048939905	not type material	none	f	80	78	34735	34735	none	0	none	none	none	0	none	none	none	none	none	none	none	none	8016	8332	f	f	t	9842	9993	Scaffold	ASM4893990v1	na	PRJNA1162170	SAMN43852909	292	9842	none	2025-03-25	GCA_048939905.1	derived from metagenome	full	DZ3S.363	none	none	0	0	Promethearchaeota archaeon	none	na	2	281	78	9993	6370	4487	2025-03-25	11	2053489	0	DZ3S.363	East china normal University	2053489	d__Archaea;p__Promethearchaeota;c__;o__;f__;g__;s__	d__Archaea;x__Promethearchaeati;p__Promethearchaeota;x__unclassified Promethearchaeota;s__Promethearchaeota archaeon	560	2341379	11	27	na	2340819	0	JBHLPB000000000.1	2503	281	none	0	none	none	none	none	none	none	none	none	none	none	none	none	none	none	560	15	30	0
GB_GCA_030631995.1	Archaea	Asgardarchaeota	Heimdallarchaeia	Heimdallarchaeales	Heimdallarchaeaceae	UBA460	UBA460 sp030631995	0	76.35	1.02	General	81.16	0.78	149	k__Archaea (UID2)	107	50.0	1138764	91.36835416225377	116	419246	33.63806461137535	1246344	GB_GCA_030631995.1	t	d__Archaea;p__Asgardarchaeota;c__Heimdallarchaeia;o__Heimdallarchaeales;f__Heimdallarchaeaceae;g__UBA460;s__UBA460 sp030631995	not type material	none	f	24	24	70780	70780	none	0	none	none	none	0	none	none	none	none	none	none	none	none	10744	10744	f	f	t	15710	15710	Contig	ASM3063199v1	na	PRJNA950938	SAMN34049421	116	15710	none	2023-08-03	GCA_030631995.1	derived from metagenome	full	CSMAG_1408	cold seep	none	0	none	archaeon	none	na	none	none	none	none	none	none	2023-08-03	0	1906665	none	CSMAG_1408	Third Institute of Oceanography, Ministry of Natural Resources	1906665	d__Archaea;p__;c__;o__;f__;g__;s__	d__Archaea;x__unclassified Archaea;s__archaeon	0	1246344	none	none	na	1246344	0	DAOVKB000000000.1	1314	116	none	0	none	none	none	none	none	none	none	none	none	none	none	none	none	none	0	16	39	0
GB_GCA_021163045.1	Archaea	Asgardarchaeota	Njordarchaeia	Njordarchaeales	Njordarchaeaceae	Njordarchaeum	Njordarchaeum guaymasense	0	73.0	1.69	General	78.66	2.8	149	k__Archaea (UID2)	107	50.0	1354025	89.65331161564997	187	530408	35.1196127895967	1510290	GB_GCA_030587605.2	f	d__Archaea;p__Asgardarchaeota;c__Njordarchaeia;o__Njordarchaeales;f__Njordarchaeaceae;g__Njordarchaeum;s__Njordarchaeum guaymasense	not type material	none	f	46	46	48285	48285	none	0	none	none	none	0	none	none	none	none	none	none	none	none	8076	8076	f	f	t	10913	10913	Contig	ASM2116304v1	na	PRJNA713414	SAMN18353648	187	10913	Pacific Ocean: Mexico; Pescadero Basin	2021-12-10	GCA_021163045.1	derived from metagenome	full	AUK152	marine hydrothermal sediment	23.957043 N 108.862273 W	0	0	Thermoproteota archaeon	none	na	0	none	none	none	none	none	2021-12-10	0	2056631	0	AUK152	California Institute of Technology	2056631	d__Archaea;p__Thermoproteota;c__;o__;f__;g__;s__	d__Archaea;x__Thermoproteati;p__Thermoproteota;x__unclassified Thermoproteota;s__Thermoproteota archaeon	0	1510290	11	41	na	1510290	0	JAGGXM000000000.1	1548	187	none	0	none	none	none	none	none	none	none	none	none	none	none	none	none	none	0	17	41	0
GB_GCA_048882885.1	Archaea	Asgardarchaeota	Lokiarchaeia	Sigyniarchaeales	SOKP01	Loki-b32	Loki-b32 sp048940805	0	74.97	4.15	General	74.61	2.8	149	k__Archaea (UID2)	107	0.0	3004469	88.16372535124269	557	1074248	31.52657892914203	3407829	GB_GCA_048940805.1	f	d__Archaea;p__Asgardarchaeota;c__Lokiarchaeia;o__Sigyniarchaeales;f__SOKP01;g__Loki-b32;s__Loki-b32 sp048940805	not type material	none	f	159	153	28805	28805	none	0	none	none	none	0	none	none	none	none	none	none	none	none	6117	6466	f	f	t	7134	7378	Scaffold	ASM4888288v1	na	PRJNA1162170	SAMN43852964	557	7134	none	2025-03-24	GCA_048882885.1	derived from metagenome	full	TM1M.12	none	none	0	0	Candidatus Thorarchaeota archaeon	none	na	2	527	153	7378	4922	3578	2025-03-24	30	2053491	1	TM1M.12	East china normal University	2053491	d__Archaea;p__Candidatus Thorarchaeota;c__;o__;f__;g__;s__	d__Archaea;x__Promethearchaeati;p__Candidatus Thorarchaeota;x__unclassified Candidatus Thorarchaeota;s__Candidatus Thorarchaeota archaeon	393	3407829	11	29	na	3407436	0	JBHLRE000000000.1	3615	527	none	0	none	none	none	none	none	none	none	none	none	none	none	none	none	none	393	14	29	0
GB_GCA_965563855.1	Archaea	Asgardarchaeota	Jordiarchaeia	Jordiarchaeales	Freyrarchaeaceae	Freyrarchaeum	Freyrarchaeum sp029258835	0	92.89	4.52	General	95.33	3.58	149	k__Archaea (UID2)	107	16.67	2136405	83.52163840266218	331	1244682	48.66019314235942	2557906	GB_GCA_029258835.1	f	d__Archaea;p__Asgardarchaeota;c__Jordiarchaeia;o__Jordiarchaeales;f__Freyrarchaeaceae;g__Freyrarchaeum;s__Freyrarchaeum sp029258835	not type material	none	f	78	78	50968	50968	11758	1	1950	CBEXJZ010000062.1	none	0	none	none	1990	1583	0	81.558	CP000505.363018.366076	Archaea;Thermoproteota;Thermoproteia;Thermoproteales;Thermofilaceae;Thermofilum;Thermofilum pendens Hrk 5	7727	7727	f	f	t	10516	10516	Contig	SRR22064146_concoct_20	na	PRJEB88069	SAMEA118547569	331	10516	none	2025-07-03	GCA_965563855.1	derived from metagenome	full	SRR22064146_concoct_20	none	none	0	none	uncultured archaeon	none	na	none	none	none	none	none	none	2025-07-03	0	115547	none	SRR22064146_concoct_20	EMG	115547	d__Archaea;p__;c__;o__;f__;g__;s__	d__Archaea;x__environmental samples;s__uncultured archaeon	0	2557906	none	none	na	2557906	0	CBEXJZ000000000.1	2920	331	7462	1	none	none	none	none	none	none	490	CBEXJZ010000133.1	462	584	3.38e-165	89.61	KP091049.1.1471	Archaea;Thermoproteota;Thermoproteia;Gearchaeales;Incertae Sedis;Incertae Sedis;uncultured archaeon	0	20	36	0
GB_GCA_004524535.1	Archaea	Asgardarchaeota	Lokiarchaeia	Sigyniarchaeales	SOKP01	LW40-45	LW40-45 sp004524535	0	99.11	4.41	General	86.09	0.0	149	k__Archaea (UID2)	107	0.0	3200663	87.3395604455578	198	1113996	30.398677079751792	3664620	GB_GCA_004524535.1	t	d__Archaea;p__Asgardarchaeota;c__Lokiarchaeia;o__Sigyniarchaeales;f__SOKP01;g__LW40-45;s__LW40-45 sp004524535	not type material	none	f	43	43	110353	110353	58566	1	3496	SDNY01000005.1	none	0	none	none	1853	2180	0	88.073	JYIM01000373.485.3826	Archaea;Asgardarchaeota;Incertae Sedis;Incertae Sedis;Incertae Sedis;Incertae Sedis;Lokiarchaeum sp. GC14_75	18508	18508	f	f	t	28083	28083	Contig	ASM452453v1	na	PRJNA483005	SAMN10768446	198	28083	Romania: Amara	2019-03-29	GCA_004524535.1	derived from metagenome	full	AMARA_1S	lake sediment	44.6085139 N 27.331375 E	0	0	Promethearchaeota archaeon	none	na	3	none	none	none	none	none	2019-03-29	0	2053489	2	AMARA_1S	Babes-Bolyai University	2053489	d__Archaea;p__Promethearchaeota;c__;o__;f__;g__;s__	d__Archaea;x__Promethearchaeati;p__Promethearchaeota;x__unclassified Promethearchaeota;s__Promethearchaeota archaeon	0	3664620	11	20	na	3664620	0	SDNY00000000.1	3607	198	37342	1	none	none	none	none	none	none	1382	SDNY01000025.1	1361	2470	0	99.412	AB800544.1.1422	Archaea;Asgardarchaeota;Lokiarchaeia;Incertae Sedis;Incertae Sedis;Incertae Sedis;uncultured archaeon	0	15	33	0
GB_GCA_048940805.1	Archaea	Asgardarchaeota	Lokiarchaeia	Sigyniarchaeales	SOKP01	Loki-b32	Loki-b32 sp048940805	0	97.09	7.12	General	89.25	2.8	149	k__Archaea (UID2)	107	0.0	3825681	88.419663713783	226	1371997	31.72884910286021	4326731	GB_GCA_048940805.1	t	d__Archaea;p__Asgardarchaeota;c__Lokiarchaeia;o__Sigyniarchaeales;f__SOKP01;g__Loki-b32;s__Loki-b32 sp048940805	not type material	none	f	45	40	148172	151030	48431	1	1185	JBHLOF010000018.1	none	0	none	none	1186	1755	0	93.423	JYIM01000373.485.3826	Archaea;Asgardarchaeota;Incertae Sedis;Incertae Sedis;Incertae Sedis;Incertae Sedis;Lokiarchaeum sp. GC14_75	19133	21633	f	f	t	30066	33022	Scaffold	ASM4894080v1	na	PRJNA1162170	SAMN43852887	226	30066	none	2025-03-25	GCA_048940805.1	derived from metagenome	full	DZ3M.28	none	none	0	0	Promethearchaeota archaeon	none	na	3	200	40	33022	20046	9450	2025-03-25	26	2053489	2	DZ3M.28	East china normal University	2053489	d__Archaea;p__Promethearchaeota;c__;o__;f__;g__;s__	d__Archaea;x__Promethearchaeati;p__Promethearchaeota;x__unclassified Promethearchaeota;s__Promethearchaeota archaeon	2600	4326731	11	38	na	4324131	0	JBHLOF000000000.1	4117	200	59967	1	none	none	none	none	none	none	488	JBHLOF010000010.1	487	856	0	98.357	GQ926361.1.906	Archaea;Thermoproteota;Bathyarchaeia;Incertae Sedis;Incertae Sedis;Incertae Sedis;uncultured archaeon	2600	17	40	0
GB_GCA_048882965.1	Archaea	Asgardarchaeota	Thorarchaeia	Thorarchaeales	Thorarchaeaceae	SMTZ1-45	SMTZ1-45 sp048882965	0	93.75	6.21	General	90.65	5.14	149	k__Archaea (UID2)	107	28.57	3226166	91.20367962186062	313	1541895	43.59601106090851	3537320	GB_GCA_048882965.1	t	d__Archaea;p__Asgardarchaeota;c__Thorarchaeia;o__Thorarchaeales;f__Thorarchaeaceae;g__SMTZ1-45;s__SMTZ1-45 sp048882965	not type material	none	f	58	56	87346	92410	none	0	none	none	none	0	none	none	none	none	none	none	none	none	11299	11635	f	f	t	19157	19650	Scaffold	ASM4888296v1	na	PRJNA1162170	SAMN43852962	313	19157	none	2025-03-24	GCA_048882965.1	derived from metagenome	full	QM2B.38	none	none	0	0	Candidatus Thorarchaeota archaeon	none	na	2	304	56	19650	9548	4818	2025-03-24	9	2053491	0	QM2B.38	East china normal University	2053491	d__Archaea;p__Candidatus Thorarchaeota;c__;o__;f__;g__;s__	d__Archaea;x__Promethearchaeati;p__Candidatus Thorarchaeota;x__unclassified Candidatus Thorarchaeota;s__Candidatus Thorarchaeota archaeon	540	3537320	11	37	na	3536780	0	JBHLRC000000000.1	3590	304	none	0	none	none	none	none	none	none	none	none	none	none	none	none	none	none	540	20	37	0
GB_GCA_030612265.1	Archaea	Asgardarchaeota	Lokiarchaeia	Sigyniarchaeales	Promethearchaeaceae	Promethearchaeum	Promethearchaeum sp030612265	0	79.97	4.52	General	80.37	2.8	149	k__Archaea (UID2)	107	50.0	3335682	88.41347098099804	317	1173666	31.108446438354747	3772821	GB_GCA_030612265.1	t	d__Archaea;p__Asgardarchaeota;c__Lokiarchaeia;o__Sigyniarchaeales;f__Promethearchaeaceae;g__Promethearchaeum;s__Promethearchaeum sp030612265	not type material	none	f	78	78	70226	70226	34638	1	3103	JAUWOE010000010.1	none	0	none	none	1845	545	9.45e-153	72.683	KX764886.1.3038	Archaea;Incertae Sedis;Incertae Sedis;Incertae Sedis;Incertae Sedis;Incertae Sedis;uncultured archaeon	11901	11901	f	f	t	15400	15400	Contig	ASM3061226v1	na	PRJNA950938	SAMN34050635	317	15400	none	2023-08-03	GCA_030612265.1	derived from metagenome	full	CSMAG_2442	cold seep	none	0	none	Promethearchaeum sp.	none	na	none	none	none	none	none	none	2023-08-03	0	3061966	none	CSMAG_2442	Third Institute of Oceanography, Ministry of Natural Resources	3061966	d__Archaea;p__Promethearchaeota;c__Promethearchaeia;o__Promethearchaeales;f__Promethearchaeaceae;g__Promethearchaeum;s__	d__Archaea;x__Promethearchaeati;p__Promethearchaeota;c__Promethearchaeia;o__Promethearchaeales;f__Promethearchaeaceae;g__Promethearchaeum;x__unclassified Promethearchaeum;s__Promethearchaeum sp.	0	3772821	none	none	na	3772821	0	JAUWOE000000000.1	3693	317	38750	1	none	none	none	none	none	none	1493	JAUWOE010000009.1	1426	2555	0	98.948	JQ989444.1.1425	Archaea;Asgardarchaeota;Lokiarchaeia;Odinarchaeales;Incertae Sedis;LCB-4;uncultured archaeon	0	18	34	1
GB_GCA_038826135.1	Archaea	Asgardarchaeota	Odinarchaeia	Odinarchaeales	Odinarchaeaceae	Odinarchaeum	Odinarchaeum sp038826135	0	93.15	0.65	General	95.69	1.87	149	k__Archaea (UID2)	107	0.0	1145664	90.57906962402616	117	486037	38.43095053222024	1264822	GB_GCA_038826135.1	t	d__Archaea;p__Asgardarchaeota;c__Odinarchaeia;o__Odinarchaeales;f__Odinarchaeaceae;g__Odinarchaeum;s__Odinarchaeum sp038826135	not type material	none	f	24	22	54811	54811	17346	1	2932	JAWBON010000025.1	none	0	none	none	2933	4800	0	96.215	MDVT01000007.654100.657172	Archaea;Asgardarchaeota;Incertae Sedis;Incertae Sedis;Incertae Sedis;Incertae Sedis;Candidatus Odinarchaeota archaeon LCB_4	10809	12045	f	f	t	16962	18433	Scaffold	ASM3882613v1	na	PRJNA544494	SAMN36039065	117	16962	none	2024-04-30	GCA_038826135.1	derived from metagenome	full	HHBFW-2_201803_bins_221	none	none	0	0	Candidatus Odinarchaeota archaeon	none	na	2	105	22	18433	9362	5764	2024-04-30	12	2053490	1	HHBFW-2_201803_bins_221	The University of Texas at Austin	2053490	d__Archaea;p__Candidatus Odinarchaeota;c__;o__;f__;g__;s__	d__Archaea;x__Promethearchaeati;p__Candidatus Odinarchaeota;x__unclassified Candidatus Odinarchaeota;s__Candidatus Odinarchaeota archaeon	120	1264822	11	44	na	1264702	0	JAWBON000000000.1	1408	105	6301	1	none	none	none	none	none	none	656	JAWBON010000066.1	668	1066	0	95.808	MDVT01000007.652378.653923	Archaea;Asgardarchaeota;Lokiarchaeia;Odinarchaeales;Incertae Sedis;LCB-4;Candidatus Odinarchaeota archaeon LCB_4	120	18	42	0
GB_GCA_964448665.1	Archaea	Asgardarchaeota	Thorarchaeia	Thorarchaeales	Thorarchaeaceae	WJIL01	WJIL01 sp046482545	0	96.39	2.6	General	95.72	3.74	149	k__Archaea (UID2)	107	0.0	2292912	87.46344742035868	487	1189738	45.39259121341658	2621566	GB_GCA_046482545.1	f	d__Archaea;p__Asgardarchaeota;c__Thorarchaeia;o__Thorarchaeales;f__Thorarchaeaceae;g__WJIL01;s__WJIL01 sp046482545	not type material	none	f	96	89	45516	45516	3378	1	842	CAYUXA010000269.1	none	0	none	none	539	126	3.87e-27	72.356	CP003168.15024.17959	Archaea;Thermoplasmatota;Thermoplasmata;Thermoplasmatales;Aciduliprofundaceae;Aciduliprofundum;Aciduliprofundum sp. MAR08-339	5381	6096	f	f	t	7310	8158	Scaffold	SRP141376_co2_345	na	PRJEB82487	SAMEA117288578	487	7310	none	2025-01-10	GCA_964448665.1	derived from metagenome	full	SRP141376_co2_345	none	none	0	none	uncultured archaeon	none	na	none	430	89	8158	4390	2824	2025-01-10	57	115547	none	SRP141376_co2_345	Centre for Microbiome Research	115547	d__Archaea;p__;c__;o__;f__;g__;s__	d__Archaea;x__environmental samples;s__uncultured archaeon	570	2621566	none	none	na	2620996	0	CAYUXA000000000.1	2905	430	none	0	none	none	none	none	none	none	none	none	none	none	none	none	none	none	570	18	43	1
GB_GCA_049621745.1	Archaea	Asgardarchaeota	Heimdallarchaeia	Heimdallarchaeales	Kariarchaeaceae	Kariarchaeum	Kariarchaeum pelagium	0	73.38	0.56	General	58.65	0.0	149	k__Archaea (UID2)	107	0.0	882805	92.12583223759732	96	290569	30.322880250456564	958260	GB_GCA_002728275.1	f	d__Archaea;p__Asgardarchaeota;c__Heimdallarchaeia;o__Heimdallarchaeales;f__Kariarchaeaceae;g__Kariarchaeum;s__Kariarchaeum pelagium	not type material	none	f	23	23	35325	35325	35325	1	2562	JBMZRA010000001.1	none	0	none	none	2369	4348	0	99.789	BCSF01007275.2.2427	Archaea;Asgardarchaeota;Incertae Sedis;Incertae Sedis;Incertae Sedis;Incertae Sedis;uncultured marine virus	9981	10086	f	f	t	12515	12515	Scaffold	ASM4962174v1	na	PRJNA1214517	SAMN46378241	96	12515	none	2025-04-15	GCA_049621745.1	derived from metagenome	full	ME_XS_2302_8_bin_51	none	none	0	0	Candidatus Kariarchaeum pelagius	none	na	1	95	23	12515	7964	4684	2025-04-15	1	2798937	0	ME_XS_2302_8_bin_51	Southern University of Science and Technology	2798937	d__Archaea;p__Candidatus Kariarchaeota;c__Candidatus Kariarchaeia;o__Candidatus Kariarchaeales;f__Candidatus Kariarchaeaceae;g__Candidatus Kariarchaeum;s__Candidatus Kariarchaeum pelagius	d__Archaea;x__Promethearchaeati;p__Candidatus Kariarchaeota;c__Candidatus Kariarchaeia;o__Candidatus Kariarchaeales;f__Candidatus Kariarchaeaceae;g__Candidatus Kariarchaeum;s__Candidatus Kariarchaeum pelagius	10	958260	11	29	na	958250	0	JBMZRA000000000.1	949	95	none	0	none	none	none	none	none	none	none	none	none	none	none	none	none	none	10	17	30	0
GB_GCA_048937925.1	Archaea	Asgardarchaeota	Odinarchaeia	Odinarchaeales	JBHLKK01	JBHLKK01	JBHLKK01 sp048939565	0	89.48	5.09	General	91.98	6.61	149	k__Archaea (UID2)	107	44.44	1431576	87.49416329095047	130	681188	41.67087746515233	1636196	GB_GCA_048939565.1	f	d__Archaea;p__Asgardarchaeota;c__Odinarchaeia;o__Odinarchaeales;f__JBHLKK01;g__JBHLKK01;s__JBHLKK01 sp048939565	not type material	none	f	24	23	60566	61306	19302	1	2598	JBHLMS010000030.1	none	0	none	none	2589	2274	0	82.889	KX764886.1.3038	Archaea;Incertae Sedis;Incertae Sedis;Incertae Sedis;Incertae Sedis;Incertae Sedis;uncultured archaeon	12574	14352	f	f	t	21932	24356	Scaffold	ASM4893792v1	na	PRJNA1162170	SAMN43852848	130	21932	none	2025-03-25	GCA_048937925.1	derived from metagenome	full	DZ2M.355	none	none	0	0	Promethearchaeota archaeon	none	na	1	114	23	24356	11525	5955	2025-03-25	16	2053489	0	DZ2M.355	East china normal University	2053489	d__Archaea;p__Promethearchaeota;c__;o__;f__;g__;s__	d__Archaea;x__Promethearchaeati;p__Promethearchaeota;x__unclassified Promethearchaeota;s__Promethearchaeota archaeon	1510	1636196	11	38	na	1634686	0	JBHLMS000000000.1	1790	114	none	0	none	none	none	none	none	none	none	none	none	none	none	none	none	none	1510	18	39	0
GB_GCA_019058295.1	Archaea	Asgardarchaeota	Lokiarchaeia	Sigyniarchaeales	SOKP01	LW40-45	LW40-45 sp019058295	0	79.36	3.62	General	69.52	0.93	149	k__Archaea (UID2)	107	0.0	2848280	88.98458512360237	50	984198	30.766196128177945	3200869	GB_GCA_019058295.1	t	d__Archaea;p__Asgardarchaeota;c__Lokiarchaeia;o__Sigyniarchaeales;f__SOKP01;g__LW40-45;s__LW40-45 sp019058295	not type material	none	f	11	8	289140	289140	24554	1	896	JAHPZI010000011.1	none	0	none	none	912	1098	0	88.816	JYIM01000373.485.3826	Archaea;Asgardarchaeota;Incertae Sedis;Incertae Sedis;Incertae Sedis;Incertae Sedis;Lokiarchaeum sp. GC14_75	63979	106695	f	f	t	101477	143766	Scaffold	ASM1905829v1	na	PRJNA678545	SAMN19664031	50	101477	Australia: Lake Weyba; Sunshine Coast	2021-06-29	GCA_019058295.1	derived from metagenome	full	LW60_4	Saline water lake sediment	26.44 S 153.06 E	0	none	Promethearchaeota archaeon	none	na	none	30	8	143766	95647	62302	2021-06-29	20	2053489	none	LW60_4	The University of Queensland	2053489	d__Archaea;p__Promethearchaeota;c__;o__;f__;g__;s__	d__Archaea;x__Promethearchaeati;p__Promethearchaeota;x__unclassified Promethearchaeota;s__Promethearchaeota archaeon	1910	3200869	none	none	na	3198959	0	JAHPZI000000000.1	2854	30	none	0	none	none	none	none	none	none	none	none	none	none	none	none	none	none	1910	20	50	1
GB_GCA_019058075.1	Archaea	Asgardarchaeota	Lokiarchaeia	Sigyniarchaeales	SOKP01	Loki-b32	Loki-b32 sp019057865	0	86.63	4.62	General	80.92	4.21	149	k__Archaea (UID2)	107	20.0	2695464	86.7600273464306	519	912058	29.35679238213933	3106804	GB_GCA_019057865.1	f	d__Archaea;p__Asgardarchaeota;c__Lokiarchaeia;o__Sigyniarchaeales;f__SOKP01;g__Loki-b32;s__Loki-b32 sp019057865	not type material	none	f	135	135	35828	35828	6874	1	3318	JAHLWD010000519.1	none	0	none	none	2129	3025	0	92.344	JYIM01000373.485.3826	Archaea;Asgardarchaeota;Incertae Sedis;Incertae Sedis;Incertae Sedis;Incertae Sedis;Lokiarchaeum sp. GC14_75	5986	5986	f	f	t	6938	6938	Contig	ASM1905807v1	na	PRJNA678552	SAMN19663737	519	6938	New Zealand: Hikurangi Subduction Margin	2021-06-29	GCA_019058075.1	derived from metagenome	full	2R3_1	sediment collected in IODP Expedition 375 from site U1519C; depth 110.34 mbsf	38.72 S 178.61 E	0	none	Promethearchaeota archaeon	none	na	none	none	none	none	none	none	2021-06-29	0	2053489	none	2R3_1	The University of Queensland	2053489	d__Archaea;p__Promethearchaeota;c__;o__;f__;g__;s__	d__Archaea;x__Promethearchaeati;p__Promethearchaeota;x__unclassified Promethearchaeota;s__Promethearchaeota archaeon	0	3106804	none	none	na	3106804	0	JAHLWD000000000.1	3393	519	7933	1	none	none	none	none	none	none	1278	JAHLWD010000151.1	1259	2246	0	98.65	JQ989438.1.1442	Archaea;Asgardarchaeota;Lokiarchaeia;Incertae Sedis;Incertae Sedis;Incertae Sedis;uncultured archaeon	0	13	32	0
GB_GCA_048937855.1	Archaea	Asgardarchaeota	Lokiarchaeia	Sigyniarchaeales	SOKP01	Loki-b32	Loki-b32 sp048885925	0	74.09	2.78	General	73.08	2.34	149	k__Archaea (UID2)	107	0.0	2542825	86.9187952355788	237	847709	28.977561343789805	2925518	GB_GCA_048885925.1	f	d__Archaea;p__Asgardarchaeota;c__Lokiarchaeia;o__Sigyniarchaeales;f__SOKP01;g__Loki-b32;s__Loki-b32 sp048885925	not type material	none	f	56	56	57286	57286	none	0	none	none	none	0	none	none	none	none	none	none	none	none	12343	12502	f	f	t	16430	16430	Scaffold	ASM4893785v1	na	PRJNA1162170	SAMN43852847	237	16430	none	2025-03-25	GCA_048937855.1	derived from metagenome	full	DZ2M.352	none	none	0	0	Promethearchaeota archaeon	none	na	0	234	56	16430	10182	6036	2025-03-25	3	2053489	0	DZ2M.352	East china normal University	2053489	d__Archaea;p__Promethearchaeota;c__;o__;f__;g__;s__	d__Archaea;x__Promethearchaeati;p__Promethearchaeota;x__unclassified Promethearchaeota;s__Promethearchaeota archaeon	120	2925518	11	27	na	2925398	0	JBHLMR000000000.1	2968	234	none	0	none	none	none	none	none	none	none	none	none	none	none	none	none	none	120	15	28	0
GB_GCA_038886715.1	Archaea	Asgardarchaeota	Jordiarchaeia	Jordiarchaeales	Freyrarchaeaceae	DTBI01	DTBI01 sp038889235	0	76.5	0.11	General	70.87	0.0	149	k__Archaea (UID2)	107	0.0	805684	88.71911369419983	21	413375	45.55397602045314	908129	GB_GCA_038889235.1	f	d__Archaea;p__Asgardarchaeota;c__Jordiarchaeia;o__Jordiarchaeales;f__Freyrarchaeaceae;g__DTBI01;s__DTBI01 sp038889235	not type material	none	f	2	2	450959	450959	272540	1	3064	JAWALQ010000002.1	none	0	none	none	2923	2510	0	82.586	KX764886.1.3038	Archaea;Incertae Sedis;Incertae Sedis;Incertae Sedis;Incertae Sedis;Incertae Sedis;uncultured archaeon	43211	64866	f	f	t	271069	272540	Scaffold	ASM3888671v1	na	PRJNA544494	SAMN36038166	21	271069	none	2024-04-30	GCA_038886715.1	derived from metagenome	full	SRBZ-1_202007_bins_83	none	none	0	0	Candidatus Jordarchaeales archaeon	none	na	1	14	2	272540	272540	23155	2024-04-30	7	3058035	0	SRBZ-1_202007_bins_83	The University of Texas at Austin	3058035	d__Archaea;p__;c__Candidatus Jordarchaeia;o__Candidatus Jordarchaeales;f__;g__;s__	d__Archaea;x__Promethearchaeati;x__Promethearchaeati incertae sedis;c__Candidatus Jordarchaeia;o__Candidatus Jordarchaeales;x__unclassified Candidatus Jordarchaeales;s__Candidatus Jordarchaeales archaeon	689	908129	11	32	na	907440	0	JAWALQ000000000.1	947	14	none	0	none	none	none	none	none	none	none	none	none	none	none	none	none	none	689	16	32	0
GB_GCA_019057795.1	Archaea	Asgardarchaeota	Lokiarchaeia	Sigyniarchaeales	SOKP01	SOKP01	SOKP01 sp019057795	0	100.0	7.54	General	94.39	4.21	149	k__Archaea (UID2)	107	0.0	4284797	86.4893762397482	87	1553373	31.355105466528844	4954131	GB_GCA_019057795.1	t	d__Archaea;p__Asgardarchaeota;c__Lokiarchaeia;o__Sigyniarchaeales;f__SOKP01;g__SOKP01;s__SOKP01 sp019057795	not type material	none	f	18	18	202856	202856	202352	1	3314	JAHLWS010000070.1	none	0	none	none	3068	3882	0	89.765	JYIM01000373.485.3826	Archaea;Asgardarchaeota;Incertae Sedis;Incertae Sedis;Incertae Sedis;Incertae Sedis;Lokiarchaeum sp. GC14_75	56944	56944	f	f	t	100154	100154	Contig	ASM1905779v1	na	PRJNA678552	SAMN19663752	87	100154	New Zealand: Hikurangi Subduction Margin	2021-06-29	GCA_019057795.1	derived from metagenome	full	33X4	sediment collected in IODP Expedition 375 from site U1520D; depth 265.73 mbsf	38.97 S 179.13 E	0	none	Promethearchaeota archaeon	none	na	none	none	none	none	none	none	2021-06-29	0	2053489	none	33X4	The University of Queensland	2053489	d__Archaea;p__Promethearchaeota;c__;o__;f__;g__;s__	d__Archaea;x__Promethearchaeati;p__Promethearchaeota;x__unclassified Promethearchaeota;s__Promethearchaeota archaeon	0	4954131	none	none	na	4954131	0	JAHLWS000000000.1	4735	87	122260	1	none	none	none	none	none	none	1490	JAHLWS010000053.1	1456	2645	0	99.451	HQ700683.1.1459	Archaea;Asgardarchaeota;Lokiarchaeia;Incertae Sedis;Incertae Sedis;Incertae Sedis;uncultured crenarchaeote	0	16	42	0
GB_GCA_029856375.1	Archaea	Asgardarchaeota	Lokiarchaeia	Sigyniarchaeales	SOKP01	6H3-1	6H3-1 sp029856375	0	69.3	1.52	General	64.19	0.47	149	k__Archaea (UID2)	107	0.0	2308176	90.9263737679293	503	872416	34.36723338996758	2538511	GB_GCA_029856375.1	t	d__Archaea;p__Asgardarchaeota;c__Lokiarchaeia;o__Sigyniarchaeales;f__SOKP01;g__6H3-1;s__6H3-1 sp029856375	not type material	none	f	144	144	22941	22941	10532	1	1314	JAHQWX010000034.1	none	0	none	none	1344	1116	0	82.143	JYIM01000373.485.3826	Archaea;Asgardarchaeota;Incertae Sedis;Incertae Sedis;Incertae Sedis;Incertae Sedis;Lokiarchaeum sp. GC14_75	5046	5046	f	f	t	5716	5716	Contig	ASM2985637v1	na	PRJNA417281	SAMN08011054	503	5716	USA:White Oak River estuary; North Carolina	2023-04-24	GCA_029856375.1	derived from metagenome	full	WORB4	marine sediment	34.640199 N 77.109447 W	0	none	Promethearchaeia archaeon	none	na	none	none	none	none	none	none	2023-04-24	0	3067280	none	WORB4	Uppsala University	3067280	d__Archaea;p__Promethearchaeota;c__Promethearchaeia;o__;f__;g__;s__	d__Archaea;x__Promethearchaeati;p__Promethearchaeota;c__Promethearchaeia;x__unclassified Promethearchaeia;s__Promethearchaeia archaeon	0	2538511	none	none	na	2538511	0	JAHQWX000000000.1	2772	503	none	0	none	none	none	none	none	none	none	none	none	none	none	none	none	none	0	16	31	0
GB_GCA_030642465.1	Archaea	Asgardarchaeota	Thorarchaeia	Thorarchaeales	Thorarchaeaceae	WTCK01	WTCK01 sp030642465	0	87.37	4.82	General	90.04	3.74	149	k__Archaea (UID2)	107	60.0	1936499	90.12773804160446	380	1033276	48.09030557344821	2148616	GB_GCA_030642465.1	t	d__Archaea;p__Asgardarchaeota;c__Thorarchaeia;o__Thorarchaeales;f__Thorarchaeaceae;g__WTCK01;s__WTCK01 sp030642465	not type material	none	f	94	94	27414	27414	none	0	none	none	none	0	none	none	none	none	none	none	none	none	5654	5654	f	f	t	7162	7162	Contig	ASM3064246v1	na	PRJNA950938	SAMN34051227	380	7162	none	2023-08-03	GCA_030642465.1	derived from metagenome	full	CSMAG_3034	cold seep	none	0	none	Candidatus Thorarchaeota archaeon	none	na	none	none	none	none	none	none	2023-08-03	0	2053491	none	CSMAG_3034	Third Institute of Oceanography, Ministry of Natural Resources	2053491	d__Archaea;p__Candidatus Thorarchaeota;c__;o__;f__;g__;s__	d__Archaea;x__Promethearchaeati;p__Candidatus Thorarchaeota;x__unclassified Candidatus Thorarchaeota;s__Candidatus Thorarchaeota archaeon	0	2148616	none	none	na	2148616	0	DAOWNS000000000.1	2415	380	8524	1	none	none	none	none	none	none	1531	DAOWNS010000063.1	944	652	0	79.343	EU420696.1.1474	Archaea;Asgardarchaeota;Lokiarchaeia;Incertae Sedis;Incertae Sedis;Incertae Sedis;uncultured archaeon	0	17	35	1
GB_GCA_027061945.1	Archaea	Asgardarchaeota	Heimdallarchaeia	Heimdallarchaeales	JAJRWK01	JAJRWK01	JAJRWK01 sp027061945	0	87.11	3.78	General	93.46	1.71	149	k__Archaea (UID2)	107	33.33	2503347	85.0018794254357	377	1014440	34.44560684728845	2945049	GB_GCA_027061945.1	t	d__Archaea;p__Asgardarchaeota;c__Heimdallarchaeia;o__Heimdallarchaeales;f__JAJRWK01;g__JAJRWK01;s__JAJRWK01 sp027061945	not type material	none	f	64	64	57087	57087	26871	1	3360	JAMOVR010000286.1	none	0	none	none	2063	730	0	73.873	CP014854.1051184.1054186	Archaea;Methanobacteriota;Thermococci;Thermococcales;Thermococcaceae;Thermococcus;Thermococcus celer	7811	7811	f	f	t	13830	13830	Contig	ASM2706194v1	na	PRJNA821212	SAMN27358259	377	13830	Pacific Ocean: East Pacific Rise	2022-12-19	GCA_027061945.1	derived from metagenome	full	PIR-30_metabat2_scaf2bin.046	marine hydrothermal vent	none	0	none	Candidatus Heimdallarchaeota archaeon	none	na	none	none	none	none	none	none	2022-12-19	0	2026747	none	PIR-30_metabat2_scaf2bin.046	Portland State University	2026747	d__Archaea;p__Candidatus Heimdallarchaeota;c__;o__;f__;g__;s__	d__Archaea;x__Promethearchaeati;p__Candidatus Heimdallarchaeota;x__unclassified Candidatus Heimdallarchaeota;s__Candidatus Heimdallarchaeota archaeon	0	2945049	none	none	na	2945049	0	JAMOVR000000000.1	2877	377	11969	2	none	none	none	none	none	none	872	JAMOVR010000111.1	805	407	1.44e-111	76.398	AB293223.1.1340	Archaea;Thermoproteota;Thermoproteia;Desulfurococcales;Pyrodictiaceae;Incertae Sedis;uncultured archaeon	0	17	51	0
GB_GCA_030587525.2	Archaea	Asgardarchaeota	Lokiarchaeia	Sigyniarchaeales	Sigyniarchaeaceae	Sigyniarchaeum	Sigyniarchaeum tengchongense	0	94.13	8.0	General	93.46	6.54	149	k__Archaea (UID2)	107	0.0	4923975	89.00174027844456	486	2970905	53.69964616025311	5532448	GB_GCA_030587475.2	f	d__Archaea;p__Asgardarchaeota;c__Lokiarchaeia;o__Sigyniarchaeales;f__Sigyniarchaeaceae;g__Sigyniarchaeum;s__Sigyniarchaeum tengchongense	not type material	none	f	91	91	72593	72593	none	0	none	none	none	0	none	none	none	none	none	none	none	none	11383	11383	f	f	t	18543	18543	Contig	ASM3058752v2	na	PRJNA923143	SAMN32689770	486	18543	China: Tengchong County; Yunnan	2024-07-27	GCA_030587525.2	derived from metagenome	full	SQRJ_79	hot spring sediment	24.95 N 98.44 E	0	0	Candidatus Sigynarchaeota archaeon	none	na	2	none	none	none	none	none	2024-07-27	0	3036967	0	SQRJ_79	an eLibrary of Microbial Systematics and Genomics	3036967	d__Archaea;p__Candidatus Sigynarchaeota;c__;o__;f__;g__;s__	d__Archaea;x__Promethearchaeati;p__Candidatus Sigynarchaeota;x__unclassified Candidatus Sigynarchaeota;s__Candidatus Sigynarchaeota archaeon	0	5532448	11	67	na	5532448	0	JAUQYW000000000.2	5224	486	none	0	none	none	none	none	none	none	none	none	none	none	none	none	none	none	0	19	64	1
GB_GCA_048939565.1	Archaea	Asgardarchaeota	Odinarchaeia	Odinarchaeales	JBHLKK01	JBHLKK01	JBHLKK01 sp048939565	0	82.74	1.42	General	87.54	0.0	149	k__Archaea (UID2)	107	0.0	1217928	87.98049000372747	191	577493	41.7234787182392	1384316	GB_GCA_048939565.1	t	d__Archaea;p__Asgardarchaeota;c__Odinarchaeia;o__Odinarchaeales;f__JBHLKK01;g__JBHLKK01;s__JBHLKK01 sp048939565	not type material	none	f	45	44	32742	32742	none	0	none	none	none	0	none	none	none	none	none	none	none	none	7246	7402	f	f	t	9007	9350	Scaffold	ASM4893956v1	na	PRJNA1162170	SAMN43852917	191	9007	none	2025-03-25	GCA_048939565.1	derived from metagenome	full	H2M.176	none	none	0	0	Promethearchaeota archaeon	none	na	1	187	44	9350	5237	3655	2025-03-25	4	2053489	1	H2M.176	East china normal University	2053489	d__Archaea;p__Promethearchaeota;c__;o__;f__;g__;s__	d__Archaea;x__Promethearchaeati;p__Promethearchaeota;x__unclassified Promethearchaeota;s__Promethearchaeota archaeon	220	1384316	11	35	na	1384096	0	JBHLPJ000000000.1	1561	187	none	0	none	none	none	none	none	none	none	none	none	none	none	none	none	none	220	18	35	0
GB_GCA_021399395.1	Archaea	Asgardarchaeota	Heimdallarchaeia	Heimdallarchaeales	Heimdallarchaeaceae	UBA460	UBA460 sp021399395	0	81.8	2.56	General	92.52	3.74	149	k__Archaea (UID2)	107	0.0	2581514	91.66774378196725	201	965621	34.28852154917114	2816164	GB_GCA_021399395.1	t	d__Archaea;p__Asgardarchaeota;c__Heimdallarchaeia;o__Heimdallarchaeales;f__Heimdallarchaeaceae;g__UBA460;s__UBA460 sp021399395	not type material	none	f	33	33	94885	94885	none	0	none	none	none	0	none	none	none	none	none	none	none	none	14010	14010	f	f	t	25712	25712	Contig	ASM2139939v1	na	PRJNA593668	SAMN13483392	201	25712	Pacific Ocean: South China Sea	2022-01-10	GCA_021399395.1	derived from metagenome	full	C4.bin.22	cold seep sediment	22.115325 N 119.285121 E	0	0	Candidatus Heimdallarchaeota archaeon	none	na	2	none	none	none	none	none	2022-01-10	0	2026747	1	C4.bin.22	Institute of Oceanology, Chinese Academy of Sciences	2026747	d__Archaea;p__Candidatus Heimdallarchaeota;c__;o__;f__;g__;s__	d__Archaea;x__Promethearchaeati;p__Candidatus Heimdallarchaeota;x__unclassified Candidatus Heimdallarchaeota;s__Candidatus Heimdallarchaeota archaeon	0	2816164	11	40	na	2816164	0	JAAFKJ000000000.1	2708	201	10938	1	none	none	none	none	none	none	534	JAAFKJ010000110.1	451	811	0	99.113	JQ989637.1.1412	Archaea;Asgardarchaeota;Heimdallarchaeia;Incertae Sedis;Incertae Sedis;AB_125;uncultured archaeon	0	18	43	0
GB_GCA_048939995.1	Archaea	Asgardarchaeota	Lokiarchaeia	Sigyniarchaeales	SOKP01	SOKP01	SOKP01 sp048939995	0	98.26	5.33	General	86.76	4.21	149	k__Archaea (UID2)	107	0.0	3354009	89.33665712395334	40	1145213	30.505270436860776	3754348	GB_GCA_048939995.1	t	d__Archaea;p__Asgardarchaeota;c__Lokiarchaeia;o__Sigyniarchaeales;f__SOKP01;g__SOKP01;s__SOKP01 sp048939995	not type material	none	f	6	5	528484	535264	none	0	none	none	none	0	none	none	none	none	none	none	none	none	93853	98798	f	f	t	178565	218535	Scaffold	ASM4893999v1	na	PRJNA1162170	SAMN43852906	40	178565	none	2025-03-25	GCA_048939995.1	derived from metagenome	full	DZ3S.305	none	none	0	0	Promethearchaeota archaeon	none	na	1	38	5	218535	145886	34613	2025-03-25	2	2053489	0	DZ3S.305	East china normal University	2053489	d__Archaea;p__Promethearchaeota;c__;o__;f__;g__;s__	d__Archaea;x__Promethearchaeati;p__Promethearchaeota;x__unclassified Promethearchaeota;s__Promethearchaeota archaeon	200	3754348	11	36	na	3754148	0	JBHLOY000000000.1	3566	38	none	0	none	none	none	none	none	none	none	none	none	none	none	none	none	none	200	16	37	0
GB_GCA_964493715.1	Archaea	Asgardarchaeota	Lokiarchaeia	Sigyniarchaeales	SOKP01	SOKP01	SOKP01 sp964493715	0	100.0	3.85	General	87.85	3.27	149	k__Archaea (UID2)	107	0.0	3235024	87.95056317848531	180	1152242	31.34303348811146	3678230	GB_GCA_964493715.1	t	d__Archaea;p__Asgardarchaeota;c__Lokiarchaeia;o__Sigyniarchaeales;f__SOKP01;g__SOKP01;s__SOKP01 sp964493715	not type material	none	f	33	28	143469	169287	none	0	none	none	none	0	none	none	none	none	none	none	none	none	20423	22988	f	f	t	31595	34689	Scaffold	SRP214966_co1_316	na	PRJEB82487	SAMEA117292151	180	31595	none	2025-01-12	GCA_964493715.1	derived from metagenome	full	SRP214966_co1_316	none	none	0	none	uncultured archaeon	none	na	none	160	28	34689	19818	11550	2025-01-12	20	115547	none	SRP214966_co1_316	Centre for Microbiome Research	115547	d__Archaea;p__;c__;o__;f__;g__;s__	d__Archaea;x__environmental samples;s__uncultured archaeon	2000	3678230	none	none	na	3676230	0	CAZBPC000000000.1	3623	160	40244	1	none	none	none	none	none	none	1180	CAZBPC010000023.1	1178	2054	0	98.132	JYIM01000321.1.1179	Archaea;Asgardarchaeota;Lokiarchaeia;Incertae Sedis;Incertae Sedis;Incertae Sedis;Lokiarchaeum sp. GC14_75	2000	17	42	1
GB_GCA_048887225.1	Archaea	Asgardarchaeota	Lokiarchaeia	Sigyniarchaeales	SOKP01	LW40-45	LW40-45 sp048887225	0	98.34	4.28	General	90.34	2.34	149	k__Archaea (UID2)	107	33.33	2917976	89.19824243169003	53	996198	30.45603432409908	3271338	GB_GCA_048887225.1	t	d__Archaea;p__Asgardarchaeota;c__Lokiarchaeia;o__Sigyniarchaeales;f__SOKP01;g__LW40-45;s__LW40-45 sp048887225	not type material	none	f	6	6	436370	436370	none	0	none	none	none	0	none	none	none	none	none	none	none	none	61715	66762	f	f	t	142237	142237	Scaffold	ASM4888722v1	na	PRJNA1162170	SAMN43852776	53	142237	none	2025-03-24	GCA_048887225.1	derived from metagenome	full	DZ1B.199	none	none	0	0	Candidatus Hodarchaeota archaeon	none	na	2	49	6	142237	53479	29663	2025-03-24	4	2800102	2	DZ1B.199	East china normal University	2800102	d__Archaea;p__Candidatus Hodarchaeota;c__;o__;f__;g__;s__	d__Archaea;x__Promethearchaeati;p__Candidatus Hodarchaeota;x__unclassified Candidatus Hodarchaeota;s__Candidatus Hodarchaeota archaeon	400	3271338	11	43	na	3270938	0	JBHLJY000000000.1	3051	49	none	0	none	none	none	none	none	none	none	none	none	none	none	none	none	none	400	19	43	0
GB_GCA_019057715.1	Archaea	Asgardarchaeota	Jordiarchaeia	Jordiarchaeales	Freyrarchaeaceae	DTBI01	DTBI01 sp019057715	0	70.15	1.8	General	78.65	3.74	149	k__Archaea (UID2)	107	0.0	1578451	86.02648836984963	219	872330	47.54248728637818	1834843	GB_GCA_038858525.1	f	d__Archaea;p__Asgardarchaeota;c__Jordiarchaeia;o__Jordiarchaeales;f__Freyrarchaeaceae;g__DTBI01;s__DTBI01 sp019057715	not type material	none	f	59	59	42855	42855	7455	1	2093	JAHLWW010000092.1	none	0	none	none	1960	1866	0	84.133	KX764886.1.3038	Archaea;Incertae Sedis;Incertae Sedis;Incertae Sedis;Incertae Sedis;Incertae Sedis;uncultured archaeon	8378	8378	f	f	t	9815	9815	Contig	ASM1905771v1	na	PRJNA678817	SAMN18623300	219	9815	China:Jinze Hot Spring; China	2021-06-29	GCA_019057715.1	derived from metagenome	full	JNZ_1113	hot spring sediment	25.4413 N 98.4600 E	0	none	Candidatus Jordarchaeum sp. JNZ_1113	none	na	none	none	none	none	none	none	2021-06-29	0	2823883	none	JNZ_1113	The University of Queensland	2823883	d__Archaea;p__;c__Candidatus Jordarchaeia;o__Candidatus Jordarchaeales;f__Candidatus Jordarchaeaceae;g__Candidatus Jordarchaeum;s__	d__Archaea;x__Promethearchaeati;x__Promethearchaeati incertae sedis;c__Candidatus Jordarchaeia;o__Candidatus Jordarchaeales;f__Candidatus Jordarchaeaceae;g__Candidatus Jordarchaeum;x__unclassified Candidatus Jordarchaeum;s__Candidatus Jordarchaeum sp. JNZ_1113	0	1834843	none	none	na	1834843	0	JAHLWW000000000.1	1998	219	none	0	none	none	none	none	none	none	none	none	none	none	none	none	none	none	0	14	30	0
GB_GCA_048938025.1	Archaea	Asgardarchaeota	Lokiarchaeia	Sigyniarchaeales	SOKP01	Loki-b32	Loki-b32 sp048938025	0	96.69	5.14	General	89.72	3.27	149	k__Archaea (UID2)	107	0.0	3084833	87.54535364419813	122	1032411	29.32738345656631	3523697	GB_GCA_048938025.1	t	d__Archaea;p__Asgardarchaeota;c__Lokiarchaeia;o__Sigyniarchaeales;f__SOKP01;g__Loki-b32;s__Loki-b32 sp048938025	not type material	none	f	25	21	138365	138365	31867	1	1165	JBHLMP010000044.1	none	0	none	none	1166	1581	0	91.166	JYIM01000373.485.3826	Archaea;Asgardarchaeota;Incertae Sedis;Incertae Sedis;Incertae Sedis;Incertae Sedis;Lokiarchaeum sp. GC14_75	28854	40042	f	f	t	46775	57603	Scaffold	ASM4893802v1	na	PRJNA1162170	SAMN43852845	122	46775	none	2025-03-25	GCA_048938025.1	derived from metagenome	full	DZ2M.348	none	none	0	0	Promethearchaeota archaeon	none	na	3	88	21	57603	35290	19966	2025-03-25	34	2053489	1	DZ2M.348	East china normal University	2053489	d__Archaea;p__Promethearchaeota;c__;o__;f__;g__;s__	d__Archaea;x__Promethearchaeati;p__Promethearchaeota;x__unclassified Promethearchaeota;s__Promethearchaeota archaeon	3400	3523697	11	38	na	3520297	0	JBHLMP000000000.1	3348	88	71973	1	none	none	none	none	none	none	423	JBHLMP010000014.1	422	769	0	99.526	AB177261.1.935	Archaea;Thermoproteota;Bathyarchaeia;Incertae Sedis;Incertae Sedis;Incertae Sedis;uncultured archaeon	3400	15	38	0
GB_GCA_019058095.1	Archaea	Asgardarchaeota	Lokiarchaeia	Sigyniarchaeales	SOKP01	Loki-b32	Loki-b32 sp019057865	0	99.64	3.91	General	91.28	4.21	149	k__Archaea (UID2)	107	20.0	3594207	85.8286935017523	174	1223048	29.206056281658554	4187652	GB_GCA_019057865.1	f	d__Archaea;p__Asgardarchaeota;c__Lokiarchaeia;o__Sigyniarchaeales;f__SOKP01;g__Loki-b32;s__Loki-b32 sp019057865	not type material	none	f	37	37	88388	88388	47504	2	1233	JAHLWC010000152.1	none	0	none	none	920	1238	0	91.304	JYIM01000373.485.3826	Archaea;Asgardarchaeota;Incertae Sedis;Incertae Sedis;Incertae Sedis;Incertae Sedis;Lokiarchaeum sp. GC14_75	24066	24066	f	f	t	38013	38013	Contig	ASM1905809v1	na	PRJNA678552	SAMN19663736	174	38013	New Zealand: Hikurangi Subduction Margin	2021-06-29	GCA_019058095.1	derived from metagenome	full	2H5_5	sediment collected in IODP Expedition 375 from site U1519E; depth 10.35 mbsf	38.72 S 178.61 E	0	none	Promethearchaeota archaeon	none	na	none	none	none	none	none	none	2021-06-29	0	2053489	none	2H5_5	The University of Queensland	2053489	d__Archaea;p__Promethearchaeota;c__;o__;f__;g__;s__	d__Archaea;x__Promethearchaeati;p__Promethearchaeota;x__unclassified Promethearchaeota;s__Promethearchaeota archaeon	0	4187652	none	none	na	4187652	0	JAHLWC000000000.1	4238	174	52123	1	none	none	none	none	none	none	1492	JAHLWC010000078.1	1440	2591	0	98.958	JQ989438.1.1442	Archaea;Asgardarchaeota;Lokiarchaeia;Incertae Sedis;Incertae Sedis;Incertae Sedis;uncultured archaeon	0	18	42	0
GB_GCA_048886825.1	Archaea	Asgardarchaeota	Lokiarchaeia	Sigyniarchaeales	SOKP01	Loki-b32	Loki-b32 sp048885705	0	91.79	6.89	General	81.93	5.61	149	k__Archaea (UID2)	107	0.0	3271137	87.50026414824829	468	1191108	31.86978400346121	3738431	GB_GCA_048885705.1	f	d__Archaea;p__Asgardarchaeota;c__Lokiarchaeia;o__Sigyniarchaeales;f__SOKP01;g__Loki-b32;s__Loki-b32 sp048885705	not type material	none	f	114	112	50692	50692	9478	1	1197	JBHLKI010000133.1	none	0	none	none	1198	1672	0	91.903	JYIM01000373.485.3826	Archaea;Asgardarchaeota;Incertae Sedis;Incertae Sedis;Incertae Sedis;Incertae Sedis;Lokiarchaeum sp. GC14_75	7985	8344	f	f	t	10256	10454	Scaffold	ASM4888682v1	na	PRJNA1162170	SAMN43852786	468	10256	none	2025-03-24	GCA_048886825.1	derived from metagenome	full	DZ1B.299	none	none	0	0	Candidatus Hodarchaeota archaeon	none	na	3	448	112	10454	6690	3945	2025-03-24	20	2800102	2	DZ1B.299	East china normal University	2800102	d__Archaea;p__Candidatus Hodarchaeota;c__;o__;f__;g__;s__	d__Archaea;x__Promethearchaeati;p__Candidatus Hodarchaeota;x__unclassified Candidatus Hodarchaeota;s__Candidatus Hodarchaeota archaeon	1010	3738431	11	37	na	3737421	0	JBHLKI000000000.1	3780	448	none	0	none	none	none	none	none	none	none	none	none	none	none	none	none	none	1010	17	37	1
GB_GCA_048937605.1	Archaea	Asgardarchaeota	Thorarchaeia	Thorarchaeales	Thorarchaeaceae	SMTZ1-83	SMTZ1-83 sp048885865	0	81.78	3.33	General	87.4	4.67	149	k__Archaea (UID2)	107	16.67	3155357	91.15247896580364	320	1605355	46.37951432174487	3461625	GB_GCA_048885865.1	f	d__Archaea;p__Asgardarchaeota;c__Thorarchaeia;o__Thorarchaeales;f__Thorarchaeaceae;g__SMTZ1-83;s__SMTZ1-83 sp048885865	not type material	none	f	73	69	60419	93511	none	0	none	none	none	0	none	none	none	none	none	none	none	none	10816	11166	f	f	t	15526	15994	Scaffold	ASM4893760v1	na	PRJNA1162170	SAMN43852855	320	15526	none	2025-03-25	GCA_048937605.1	derived from metagenome	full	DZ2M.75	none	none	0	0	Promethearchaeota archaeon	none	na	1	310	69	15994	8590	5071	2025-03-25	10	2053489	0	DZ2M.75	East china normal University	2053489	d__Archaea;p__Promethearchaeota;c__;o__;f__;g__;s__	d__Archaea;x__Promethearchaeati;p__Promethearchaeota;x__unclassified Promethearchaeota;s__Promethearchaeota archaeon	280	3461625	11	32	na	3461345	0	JBHLMZ000000000.1	3471	310	none	0	none	none	none	none	none	none	none	none	none	none	none	none	none	none	280	16	34	0
GB_GCA_030589605.1	Archaea	Asgardarchaeota	Heimdallarchaeia	Hodarchaeales	Hodarchaeaceae	Hodarchaeum	Hodarchaeum sp030589605	0	74.59	2.37	General	77.19	1.87	149	k__Archaea (UID2)	107	0.0	3033660	83.71158155633242	438	1195075	32.977201904113834	3623943	GB_GCA_030589605.1	t	d__Archaea;p__Asgardarchaeota;c__Heimdallarchaeia;o__Hodarchaeales;f__Hodarchaeaceae;g__Hodarchaeum;s__Hodarchaeum sp030589605	not type material	none	f	134	134	49891	49891	15393	1	2073	JAUUVJ010000031.1	none	0	none	none	1205	359	8.79e-97	72.78	KX764886.1.3038	Archaea;Incertae Sedis;Incertae Sedis;Incertae Sedis;Incertae Sedis;Incertae Sedis;uncultured archaeon	8273	8273	f	f	t	9354	9354	Contig	ASM3058960v1	na	PRJNA950938	SAMN34042573	438	9354	none	2023-08-03	GCA_030589605.1	derived from metagenome	full	CSMAG_10	cold seep	none	0	none	Candidatus Hodarchaeota archaeon	none	na	none	none	none	none	none	none	2023-08-03	0	2800102	none	CSMAG_10	Third Institute of Oceanography, Ministry of Natural Resources	2800102	d__Archaea;p__Candidatus Hodarchaeota;c__;o__;f__;g__;s__	d__Archaea;x__Promethearchaeati;p__Candidatus Hodarchaeota;x__unclassified Candidatus Hodarchaeota;s__Candidatus Hodarchaeota archaeon	0	3623943	none	none	na	3623943	0	JAUUVJ000000000.1	3686	438	none	0	none	none	none	none	none	none	none	none	none	none	none	none	none	none	0	15	32	0
GB_GCA_038131915.1	Archaea	Asgardarchaeota	Heimdallarchaeia	Heimdallarchaeales	Kariarchaeaceae	Kariarchaeum	Kariarchaeum pelagium	0	89.37	2.86	General	88.79	0.93	149	k__Archaea (UID2)	107	0.0	1577158	88.58104241073559	23	530251	29.781535089911703	1780469	GB_GCA_002728275.1	f	d__Archaea;p__Asgardarchaeota;c__Heimdallarchaeia;o__Heimdallarchaeales;f__Kariarchaeaceae;g__Kariarchaeum;s__Kariarchaeum pelagium	not type material	none	f	1	1	1600295	1600295	1600295	1	2562	JAYPQJ010000001.1	none	0	none	none	2369	4375	0	100	BCSF01007275.2.2427	Archaea;Asgardarchaeota;Incertae Sedis;Incertae Sedis;Incertae Sedis;Incertae Sedis;uncultured marine virus	77411	77411	f	f	t	1600295	1600295	Contig	SD3109_NP.scaffolds.fasta	na	PRJNA1024631	SAMN37862050	23	1600295	none	2024-04-15	GCA_038131915.1	derived from metagenome	full	SD3109_NP_concoct_bins.tsv.216	none	none	0	none	Candidatus Heimdallarchaeota archaeon	none	na	none	none	none	none	none	none	2024-04-15	0	2026747	none	SD3109_NP_concoct_bins.tsv.216	Australian Centre for Ecogenomics	2026747	d__Archaea;p__Candidatus Heimdallarchaeota;c__;o__;f__;g__;s__	d__Archaea;x__Promethearchaeati;p__Candidatus Heimdallarchaeota;x__unclassified Candidatus Heimdallarchaeota;s__Candidatus Heimdallarchaeota archaeon	0	1780469	none	none	na	1780469	0	JAYPQJ000000000.1	1854	23	1600295	1	none	none	none	none	none	none	1469	JAYPQJ010000001.1	356	222	9.51e-56	78.652	JN509596.1.1473	Bacteria;Dependentiae;Babeliae;Babeliales;Incertae Sedis;Incertae Sedis;uncultured organism	0	20	44	0
GB_GCA_024278115.1	Archaea	Asgardarchaeota	Heimdallarchaeia	Heimdallarchaeales	Kariarchaeaceae	JAJRQD01	JAJRQD01 sp024280435	0	72.3	1.61	General	81.16	2.88	149	k__Archaea (UID2)	107	25.0	3151560	86.99562338775459	475	1204468	33.248119823389686	3622665	GB_GCA_024280435.1	f	d__Archaea;p__Asgardarchaeota;c__Heimdallarchaeia;o__Heimdallarchaeales;f__Kariarchaeaceae;g__JAJRQD01;s__JAJRQD01 sp024280435	not type material	none	f	118	118	41561	41561	none	0	none	none	none	0	none	none	none	none	none	none	none	none	7626	7626	f	f	t	9251	9251	Contig	ASM2427811v1	na	PRJNA771178	SAMN22253147	475	9251	Indian Ocean: Longqi hydrothermal vent field; ultraslow-spreading Southwestern Indian Ridge	2022-07-15	GCA_024278115.1	derived from metagenome	full	Dive96_bin10.124	active black smoker DFF12	37.78 S 49.64 E	0	none	archaeon	none	na	none	none	none	none	none	none	2022-07-15	0	1906665	none	Dive96_bin10.124	Second Organization of Oceanography, State Oceanic Administration	1906665	d__Archaea;p__;c__;o__;f__;g__;s__	d__Archaea;x__unclassified Archaea;s__archaeon	0	3622665	none	none	na	3622665	0	JAJRTV000000000.1	3699	475	28868	1	none	none	none	none	none	none	1457	JAJRTV010000045.1	637	230	5.64e-58	74.097	AB540930.1.912	Archaea;Asgardarchaeota;Lokiarchaeia;Odinarchaeales;Incertae Sedis;Incertae Sedis;uncultured archaeon	0	18	34	0
GB_GCA_046761065.1	Archaea	Asgardarchaeota	Wukongarchaeia	Wukongarchaeales	JBHIFL01	JBHIFL01	JBHIFL01 sp046761065	0	91.49	8.2	General	95.33	3.27	149	k__Archaea (UID2)	107	0.0	3496295	79.11449476555596	234	1857674	42.035623409669206	4419285	GB_GCA_046761065.1	t	d__Archaea;p__Asgardarchaeota;c__Wukongarchaeia;o__Wukongarchaeales;f__JBHIFL01;g__JBHIFL01;s__JBHIFL01 sp046761065	not type material	none	f	36	36	175025	175025	57975	1	3088	JBHIFL010000017.1	none	0	none	none	2623	1157	0	75.295	KX764886.1.3038	Archaea;Incertae Sedis;Incertae Sedis;Incertae Sedis;Incertae Sedis;Incertae Sedis;uncultured archaeon	18885	18885	f	f	t	44397	44397	Contig	ASM4676106v1	na	PRJNA1121395	SAMN43446045	234	44397	none	2025-01-17	GCA_046761065.1	derived from metagenome	full	b1.sp2_bin.26	none	none	0	0	Candidatus Heimdallarchaeota archaeon	none	na	2	none	none	none	none	none	2025-01-17	0	2026747	1	b1.sp2_bin.26	King Abdullah University of Science and Technology (KAUST)	2026747	d__Archaea;p__Candidatus Heimdallarchaeota;c__;o__;f__;g__;s__	d__Archaea;x__Promethearchaeati;p__Candidatus Heimdallarchaeota;x__unclassified Candidatus Heimdallarchaeota;s__Candidatus Heimdallarchaeota archaeon	0	4419285	11	46	na	4419285	0	JBHIFL000000000.1	4337	234	175025	2	none	none	none	none	none	none	850	JBHIFL010000001.1	834	929	0	87.05	JN605069.1.1411	Archaea;Asgardarchaeota;Incertae Sedis;Incertae Sedis;Incertae Sedis;Incertae Sedis;uncultured archaeon	0	18	43	0
GB_GCA_023136245.1	Archaea	Asgardarchaeota	Heimdallarchaeia	Heimdallarchaeales	Heimdallarchaeaceae	UBA460	UBA460 sp023136245	0	82.64	2.83	General	82.67	2.34	149	k__Archaea (UID2)	107	0.0	2072281	91.43358749188702	264	745279	32.88334576843878	2266433	GB_GCA_023136245.1	t	d__Archaea;p__Asgardarchaeota;c__Heimdallarchaeia;o__Heimdallarchaeales;f__Heimdallarchaeaceae;g__UBA460;s__UBA460 sp023136245	not type material	none	f	48	48	61968	61968	none	0	none	none	none	0	none	none	none	none	none	none	none	none	8584	8584	f	f	t	13723	13723	Contig	ASM2313624v1	na	PRJNA707313	SAMN18452163	264	13723	China: South China Sea	2022-04-26	GCA_023136245.1	derived from metagenome	full	RS_9_2	deep sea sediment	22.01 N 119.28 E	0	0	Candidatus Heimdallarchaeota archaeon	none	na	1	none	none	none	none	none	2022-04-26	0	2026747	0	RS_9_2	Institute of Oceanology, Chinese Academy of Sciences	2026747	d__Archaea;p__Candidatus Heimdallarchaeota;c__;o__;f__;g__;s__	d__Archaea;x__Promethearchaeati;p__Candidatus Heimdallarchaeota;x__unclassified Candidatus Heimdallarchaeota;s__Candidatus Heimdallarchaeota archaeon	0	2266433	11	37	na	2266433	0	JAGLRO000000000.1	2313	264	none	0	none	none	none	none	none	none	none	none	none	none	none	none	none	none	0	19	37	0
GB_GCA_048883045.1	Archaea	Asgardarchaeota	Lokiarchaeia	Sigyniarchaeales	SOKP01	Loki-b32	Loki-b32 sp048883045	0	88.88	4.51	General	81.0	2.34	149	k__Archaea (UID2)	107	0.0	2626032	86.12996479406793	375	905395	29.802160487528383	3048918	GB_GCA_048883045.1	t	d__Archaea;p__Asgardarchaeota;c__Lokiarchaeia;o__Sigyniarchaeales;f__SOKP01;g__Loki-b32;s__Loki-b32 sp048883045	not type material	none	f	85	61	84609	84609	none	0	none	none	none	0	none	none	none	none	none	none	none	none	8101	11462	f	f	t	10965	14230	Scaffold	ASM4888304v1	na	PRJNA1162170	SAMN43852960	375	10965	none	2025-03-24	GCA_048883045.1	derived from metagenome	full	QM1B.7	none	none	0	0	Candidatus Thorarchaeota archaeon	none	na	3	266	61	14230	8916	5431	2025-03-24	109	2053491	2	QM1B.7	East china normal University	2053491	d__Archaea;p__Candidatus Thorarchaeota;c__;o__;f__;g__;s__	d__Archaea;x__Promethearchaeati;p__Candidatus Thorarchaeota;x__unclassified Candidatus Thorarchaeota;s__Candidatus Thorarchaeota archaeon	10900	3048918	11	36	na	3038018	0	JBHLRA000000000.1	3069	266	none	0	none	none	none	none	none	none	none	none	none	none	none	none	none	none	10900	16	36	1
GB_GCA_048882285.1	Archaea	Asgardarchaeota	Thorarchaeia	Thorarchaeales	Thorarchaeaceae	SMTZ1-45	SMTZ1-45 sp048882045	0	91.87	5.11	General	90.65	5.19	149	k__Archaea (UID2)	107	0.0	3485073	91.27392420154013	339	1701069	44.562951063691	3818257	GB_GCA_048882045.1	f	d__Archaea;p__Asgardarchaeota;c__Thorarchaeia;o__Thorarchaeales;f__Thorarchaeaceae;g__SMTZ1-45;s__SMTZ1-45 sp048882045	not type material	none	f	57	57	180745	180745	none	0	none	none	none	0	none	none	none	none	none	none	none	none	11260	11712	f	f	t	16761	16861	Scaffold	ASM4888228v1	na	PRJNA1162170	SAMN43852980	339	16761	none	2025-03-24	GCA_048882285.1	derived from metagenome	full	TM1S.93	none	none	0	0	Candidatus Thorarchaeota archaeon	none	na	3	326	57	16861	9885	4628	2025-03-24	13	2053491	0	TM1S.93	East china normal University	2053491	d__Archaea;p__Candidatus Thorarchaeota;c__;o__;f__;g__;s__	d__Archaea;x__Promethearchaeati;p__Candidatus Thorarchaeota;x__unclassified Candidatus Thorarchaeota;s__Candidatus Thorarchaeota archaeon	1030	3818257	11	42	na	3817227	0	JBHLRU000000000.1	3791	326	none	0	none	none	none	none	none	none	none	none	none	none	none	none	none	none	1030	17	44	0
GB_GCA_019058275.1	Archaea	Asgardarchaeota	Heimdallarchaeia	JABLTI01	JABLTI01	JABLTI01	JABLTI01 sp019058275	0	92.78	6.78	General	95.33	7.01	149	k__Archaea (UID2)	107	0.0	3586658	87.02557199232102	118	1337609	32.455335392188644	4121384	GB_GCA_019058275.1	t	d__Archaea;p__Asgardarchaeota;c__Heimdallarchaeia;o__JABLTI01;f__JABLTI01;g__JABLTI01;s__JABLTI01 sp019058275	not type material	none	f	16	16	294780	294780	130185	1	3387	JAHLVW010000103.1	none	0	none	none	154	143	1.58e-31	84.416	CP017686.305957.308743	Archaea;Thermoplasmatota;Thermoplasmata;Methanomassiliicoccales;Methanomethylophilaceae;Candidatus Methanomethylophilus;Candidatus Methanomethylophilus alvus	34926	34926	f	f	t	78540	78540	Contig	ASM1905827v1	na	PRJNA678552	SAMN19663730	118	78540	New Zealand: Hikurangi Subduction Margin	2021-06-29	GCA_019058275.1	derived from metagenome	full	12F4_9	sediment collected in IODP Expedition 375 from site U1519E; depth 80.64 mbsf	38.72 S 178.61 E	0	none	Candidatus Heimdallarchaeota archaeon	none	na	none	none	none	none	none	none	2021-06-29	0	2026747	none	12F4_9	The University of Queensland	2026747	d__Archaea;p__Candidatus Heimdallarchaeota;c__;o__;f__;g__;s__	d__Archaea;x__Promethearchaeati;p__Candidatus Heimdallarchaeota;x__unclassified Candidatus Heimdallarchaeota;s__Candidatus Heimdallarchaeota archaeon	0	4121384	none	none	na	4121384	0	JAHLVW000000000.1	4171	118	61807	1	none	none	none	none	none	none	1519	JAHLVW010000012.1	1452	2599	0	98.967	AB797836.1.1452	Archaea;Asgardarchaeota;Lokiarchaeia;Odinarchaeales;Incertae Sedis;Incertae Sedis;uncultured archaeon	0	19	44	0
GB_GCA_016839625.1	Archaea	Asgardarchaeota	Heimdallarchaeia	Hodarchaeales	Hodarchaeaceae	Hodarchaeum	Hodarchaeum sp016839625	0	83.23	5.04	General	80.61	0.93	149	k__Archaea (UID2)	107	0.0	4191673	86.74080355731257	494	1747397	36.15993421090752	4832412	GB_GCA_016839625.1	t	d__Archaea;p__Asgardarchaeota;c__Heimdallarchaeia;o__Hodarchaeales;f__Hodarchaeaceae;g__Hodarchaeum;s__Hodarchaeum sp016839625	not type material	none	f	100	100	60501	60501	none	0	none	none	none	0	none	none	none	none	none	none	none	none	9782	9782	f	f	t	14826	14826	Contig	ASM1683962v1	na	PRJNA680430	SAMN16492243	494	14826	China: Rongcheng Nation Swan Nature Reserve	2021-02-09	GCA_016839625.1	derived from metagenome	full	YT5_056	coastal marine sediment	37.350000 N 122.580000 E	0	none	Candidatus Hodarchaeota archaeon	none	na	none	none	none	none	none	none	2021-02-09	0	2800102	none	YT5_056	Shenzhen Univeristy	2800102	d__Archaea;p__Candidatus Hodarchaeota;c__;o__;f__;g__;s__	d__Archaea;x__Promethearchaeati;p__Candidatus Hodarchaeota;x__unclassified Candidatus Hodarchaeota;s__Candidatus Hodarchaeota archaeon	0	4832412	none	none	na	4832412	0	JAEOTY000000000.1	4643	494	none	0	none	none	none	none	none	none	none	none	none	none	none	none	none	none	0	16	34	0
GB_GCA_048940825.1	Archaea	Asgardarchaeota	Thorarchaeia	Thorarchaeales	Thorarchaeaceae	SMTZ1-83	SMTZ1-83 sp048940825	0	65.25	2.39	General	72.47	2.34	149	k__Archaea (UID2)	107	0.0	1779753	89.78362674288908	426	980983	49.555883688658376	1982269	GB_GCA_048940825.1	t	d__Archaea;p__Asgardarchaeota;c__Thorarchaeia;o__Thorarchaeales;f__Thorarchaeaceae;g__SMTZ1-83;s__SMTZ1-83 sp048940825	not type material	none	f	129	122	28763	28763	none	0	none	none	none	0	none	none	none	none	none	none	none	none	4646	4993	f	f	t	5119	5320	Scaffold	ASM4894082v1	na	PRJNA1162170	SAMN43852885	426	5119	none	2025-03-25	GCA_048940825.1	derived from metagenome	full	DZ3M.167	none	none	0	0	Promethearchaeota archaeon	none	na	1	397	122	5320	3683	2955	2025-03-25	29	2053489	0	DZ3M.167	East china normal University	2053489	d__Archaea;p__Promethearchaeota;c__;o__;f__;g__;s__	d__Archaea;x__Promethearchaeati;p__Promethearchaeota;x__unclassified Promethearchaeota;s__Promethearchaeota archaeon	2720	1982269	11	17	na	1979549	0	JBHLOD000000000.1	2206	397	none	0	none	none	none	none	none	none	none	none	none	none	none	none	none	none	2720	10	18	0
GB_GCA_048938885.1	Archaea	Asgardarchaeota	Heimdallarchaeia	Hodarchaeales	Hodarchaeaceae	Hodarchaeum	Hodarchaeum sp048886185	0	95.63	4.59	General	95.33	4.67	149	k__Archaea (UID2)	107	0.0	4235936	86.55054497427146	280	1726515	35.281614933689944	4894176	GB_GCA_048886185.1	f	d__Archaea;p__Asgardarchaeota;c__Heimdallarchaeia;o__Hodarchaeales;f__Hodarchaeaceae;g__Hodarchaeum;s__Hodarchaeum sp048886185	not type material	none	f	34	32	175615	175615	none	0	none	none	none	0	none	none	none	none	none	none	none	none	17476	18193	f	f	t	38486	41579	Scaffold	ASM4893888v1	na	PRJNA1162170	SAMN43852822	280	38486	none	2025-03-25	GCA_048938885.1	derived from metagenome	full	DZ1S.177	none	none	0	0	Promethearchaeota archaeon	none	na	0	269	32	41579	17556	6487	2025-03-25	11	2053489	0	DZ1S.177	East china normal University	2053489	d__Archaea;p__Promethearchaeota;c__;o__;f__;g__;s__	d__Archaea;x__Promethearchaeati;p__Promethearchaeota;x__unclassified Promethearchaeota;s__Promethearchaeota archaeon	650	4894176	11	48	na	4893526	0	JBHLLS000000000.1	4339	269	none	0	none	none	none	none	none	none	none	none	none	none	none	none	none	none	650	18	47	0
GB_GCA_019894975.1	Archaea	Asgardarchaeota	Lokiarchaeia	Sigyniarchaeales	SOKP01	Loki-b32	Loki-b32 sp019894975	8	95.38	8.55	General	88.32	5.14	149	k__Archaea (UID2)	107	0.0	3464962	88.25898143688217	182	1243114	31.66574030156877	3925903	GB_GCA_019894975.1	t	d__Archaea;p__Asgardarchaeota;c__Lokiarchaeia;o__Sigyniarchaeales;f__SOKP01;g__Loki-b32;s__Loki-b32 sp019894975	not type material	none	f	20	20	229676	229676	none	0	none	none	none	0	none	none	none	none	none	none	none	none	21570	22433	f	f	t	62429	62838	Scaffold	ASM1989497v1	na	PRJNA680161	SAMN18946025	182	62429	Russia: Cape Chukochii	2021-09-07	GCA_019894975.1	derived from metagenome	full	bin60	permafrost sediment	70.05 N 159.55 E	0	0	Promethearchaeota archaeon	none	na	5	175	20	62838	30225	12241	2021-09-07	7	2053489	4	bin60	Princeton University	2053489	d__Archaea;p__Promethearchaeota;c__;o__;f__;g__;s__	d__Archaea;x__Promethearchaeati;p__Promethearchaeota;x__unclassified Promethearchaeota;s__Promethearchaeota archaeon	157	3925903	11	48	na	3925746	0	JAGXNO000000000.1	3887	175	1117	3	none	none	none	none	none	none	632	JAGXNO010000147.1	621	1114	0	99.034	LDXO01000018.13368.14914	Bacteria;MBNT15;Incertae Sedis;Incertae Sedis;Incertae Sedis;Incertae Sedis;Deltaproteobacteria bacterium CSP1-8	157	19	46	1
GB_GCA_037386705.1	Archaea	Asgardarchaeota	Lokiarchaeia	Sigyniarchaeales	SOKP01	JARRLT01	JARRLT01 sp037386725	74	91.77	5.37	General	86.92	2.34	149	k__Archaea (UID2)	107	14.29	4095107	84.81453544388634	814	1422968	29.49144863471004	4828308	GB_GCA_037386725.1	f	d__Archaea;p__Asgardarchaeota;c__Lokiarchaeia;o__Sigyniarchaeales;f__SOKP01;g__JARRLT01;s__JARRLT01 sp037386725	not type material	none	f	189	173	44821	44821	10931	1	4397	JARRLU010000236.1	none	0	none	none	1843	2032	0	86.706	JYIM01000373.485.3826	Archaea;Asgardarchaeota;Incertae Sedis;Incertae Sedis;Incertae Sedis;Incertae Sedis;Lokiarchaeum sp. GC14_75	5927	6578	f	f	t	7813	8686	Scaffold	ASM3738670v1	na	PRJNA703972	SAMN33973513	814	7813	none	2024-03-19	GCA_037386705.1	derived from metagenome	full	Spart_080_MAG	none	none	0	0	Promethearchaeota archaeon	none	na	1	734	173	8686	4977	3216	2024-03-19	80	2053489	0	Spart_080_MAG	Georgia Tech	2053489	d__Archaea;p__Promethearchaeota;c__;o__;f__;g__;s__	d__Archaea;x__Promethearchaeati;p__Promethearchaeota;x__unclassified Promethearchaeota;s__Promethearchaeota archaeon	3215	4828308	11	37	na	4825093	0	JARRLU000000000.1	5009	734	none	0	none	none	none	none	none	none	none	none	none	none	none	none	none	none	3215	17	37	1
GB_GCA_029856325.1	Archaea	Asgardarchaeota	Hermodarchaeia	Hermodarchaeales	Hermodarchaeaceae	Hermodarchaeum	Hermodarchaeum yapensis	0	85.72	3.98	General	92.99	0.93	149	k__Archaea (UID2)	107	0.0	2367587	88.85950992637787	130	1189350	44.63829972496787	2664416	GB_GCA_016840405.1	f	d__Archaea;p__Asgardarchaeota;c__Hermodarchaeia;o__Hermodarchaeales;f__Hermodarchaeaceae;g__Hermodarchaeum;s__Hermodarchaeum yapensis	not type material	none	f	24	24	98043	98043	none	0	none	none	22773	1	102	JAHQWV010000037.1	none	none	none	none	none	none	20495	20495	f	f	t	34656	34656	Contig	ASM2985632v1	na	PRJNA417281	SAMN08011052	130	34656	USA:White Oak River estuary; North Carolina	2023-04-24	GCA_029856325.1	derived from metagenome	full	WORB2	marine sediment	34.6478111 N 77.1112083 W	0	none	Candidatus Heimdallarchaeota archaeon	none	na	none	none	none	none	none	none	2023-04-24	0	2026747	none	WORB2	Uppsala University	2026747	d__Archaea;p__Candidatus Heimdallarchaeota;c__;o__;f__;g__;s__	d__Archaea;x__Promethearchaeati;p__Candidatus Heimdallarchaeota;x__unclassified Candidatus Heimdallarchaeota;s__Candidatus Heimdallarchaeota archaeon	0	2664416	none	none	na	2664416	0	JAHQWV000000000.1	2708	130	2783	1	none	none	none	none	none	none	557	JAHQWV010000120.1	486	749	0	94.444	JQ989578.1.1448	Archaea;Asgardarchaeota;Lokiarchaeia;Odinarchaeales;Incertae Sedis;LCB-4;uncultured archaeon	0	18	42	0
GB_GCA_024720815.1	Archaea	Asgardarchaeota	Njordarchaeia	Njordarchaeales	Panguiarchaeaceae	Panguiarchaeum	Panguiarchaeum symbiosum	0	77.63	0.69	General	81.09	0.47	149	k__Archaea (UID2)	107	0.0	1106195	90.01534710829883	62	492284	40.05904486628648	1228896	GB_GCA_024720975.1	f	d__Archaea;p__Asgardarchaeota;c__Njordarchaeia;o__Njordarchaeales;f__Panguiarchaeaceae;g__Panguiarchaeum;s__Panguiarchaeum symbiosum	not type material	none	f	13	13	74458	74458	none	0	none	none	none	0	none	none	none	none	none	none	none	none	19820	19820	f	f	t	31118	31118	Contig	ASM2472081v1	na	PRJNA544494	SAMN28868083	62	31118	China: Tengchong county; Yunnan; ZhenZhuQuan pool	2022-08-19	GCA_024720815.1	derived from metagenome	full	ZZQ.bin_139	hot spring sediment	24.95 N 98.44 E	0	0	Thermoproteota archaeon	none	na	1	none	none	none	none	none	2022-08-19	0	2056631	1	ZZQ.bin_139	The University of Texas at Austin	2056631	d__Archaea;p__Thermoproteota;c__;o__;f__;g__;s__	d__Archaea;x__Thermoproteati;p__Thermoproteota;x__unclassified Thermoproteota;s__Thermoproteota archaeon	0	1228896	11	44	na	1228896	0	JANJYE000000000.1	1229	62	none	0	none	none	none	none	none	none	none	none	none	none	none	none	none	none	0	18	44	0
GB_GCA_038893995.1	Archaea	Asgardarchaeota	Thorarchaeia	Thorarchaeales	Thorarchaeaceae	JAWAQK01	JAWAQK01 sp038893995	0	91.16	1.64	General	92.06	1.4	149	k__Archaea (UID2)	107	0.0	2083897	89.55937104209885	94	1248177	53.64550763244112	2326833	GB_GCA_038893995.1	t	d__Archaea;p__Asgardarchaeota;c__Thorarchaeia;o__Thorarchaeales;f__Thorarchaeaceae;g__JAWAQK01;s__JAWAQK01 sp038893995	not type material	none	f	22	20	125955	125955	25235	1	3050	JAWAQK010000036.1	none	0	none	none	944	257	4.87e-66	72.458	ADKI01001867.2741.5749	Archaea;Thermoproteota;Nitrososphaeria;Incertae Sedis;Incertae Sedis;Incertae Sedis;hot springs metagenome	24752	28376	f	f	t	32223	38231	Scaffold	ASM3889399v1	na	PRJNA544494	SAMN36038290	94	32223	none	2024-04-30	GCA_038893995.1	derived from metagenome	full	SZTDM-2_201709_bins_98	none	none	0	0	Candidatus Thorarchaeota archaeon	none	na	3	82	20	38231	23492	13612	2024-04-30	12	2053491	1	SZTDM-2_201709_bins_98	The University of Texas at Austin	2053491	d__Archaea;p__Candidatus Thorarchaeota;c__;o__;f__;g__;s__	d__Archaea;x__Promethearchaeati;p__Candidatus Thorarchaeota;x__unclassified Candidatus Thorarchaeota;s__Candidatus Thorarchaeota archaeon	120	2326833	11	43	na	2326713	0	JAWAQK000000000.1	2228	82	10556	1	none	none	none	none	none	none	1502	JAWAQK010000068.1	1210	708	0	77.686	KP308702.3376.4870	Archaea;Asgardarchaeota;Lokiarchaeia;Incertae Sedis;Incertae Sedis;Incertae Sedis;uncultured archaeon	120	20	44	0
GB_GCA_029856625.1	Archaea	Asgardarchaeota	Njordarchaeia	Njordarchaeales	Njordarchaeaceae	Njordarchaeum	Njordarchaeum sp029856625	0	88.76	5.97	General	92.06	4.67	149	k__Archaea (UID2)	107	0.0	1430854	89.40747600248442	232	611273	38.19563427048927	1600374	GB_GCA_029856625.1	t	d__Archaea;p__Asgardarchaeota;c__Njordarchaeia;o__Njordarchaeales;f__Njordarchaeaceae;g__Njordarchaeum;s__Njordarchaeum sp029856625	not type material	none	f	53	53	52609	52609	none	0	none	none	none	0	none	none	none	none	none	none	none	none	6898	6898	f	f	t	7915	7915	Contig	ASM2985662v1	na	PRJNA417281	SAMN18753885	232	7915	Mexico: Guaymas Basin; Gulf of California	2023-04-24	GCA_029856625.1	derived from metagenome	full	B77_G9	subseafloor sediment	27.0183 N 111.3802 W	0	none	Candidatus Njordarchaeota archaeon	none	na	none	none	none	none	none	none	2023-04-24	0	3036966	none	B77_G9	Uppsala University	3036966	d__Archaea;p__Candidatus Njordarchaeota;c__;o__;f__;g__;s__	d__Archaea;x__Promethearchaeati;p__Candidatus Njordarchaeota;x__unclassified Candidatus Njordarchaeota;s__Candidatus Njordarchaeota archaeon	0	1600374	none	none	na	1600374	0	JAHKLG000000000.1	1763	232	none	0	none	none	none	none	none	none	none	none	none	none	none	none	none	none	0	18	42	0
GB_GCA_003345555.1	Archaea	Asgardarchaeota	Thorarchaeia	Thorarchaeales	Thorarchaeaceae	OWC5	OWC5 sp003345555	0	93.47	3.36	General	87.85	3.74	149	k__Archaea (UID2)	107	0.0	2034405	89.33404060332823	82	1164069	51.11616777931419	2277301	GB_GCA_003345555.1	t	d__Archaea;p__Asgardarchaeota;c__Thorarchaeia;o__Thorarchaeales;f__Thorarchaeaceae;g__OWC5;s__OWC5 sp003345555	not type material	none	f	16	16	114002	114002	28091	1	3055	PRDJ01000047.1	36428	1	113	PRDJ01000018.1	2283	490	4.42e-136	71.222	KX764886.1.3038	Archaea;Incertae Sedis;Incertae Sedis;Incertae Sedis;Incertae Sedis;Incertae Sedis;uncultured archaeon	27771	27771	f	f	t	43518	43518	Contig	ASM334555v1	na	PRJNA406094	SAMN08287974	82	43518	USA: Ohio; Lake Erie; Old Woman Creek	2018-07-30	GCA_003345555.1	derived from metagenome	full	OWC5	freshwater wetland soil	41.3778 N 82.5108 W	0	0	Candidatus Thorarchaeota archaeon	none	na	2	none	none	none	none	none	2018-07-30	0	2053491	0	OWC5	DOE Joint Genome Institute	2053491	d__Archaea;p__Candidatus Thorarchaeota;c__;o__;f__;g__;s__	d__Archaea;x__Promethearchaeati;p__Candidatus Thorarchaeota;x__unclassified Candidatus Thorarchaeota;s__Candidatus Thorarchaeota archaeon	0	2277301	11	31	na	2277301	0	PRDJ00000000.1	2206	82	none	0	none	none	none	none	none	none	none	none	none	none	none	none	none	none	0	17	39	0
GB_GCA_029932625.1	Archaea	Asgardarchaeota	Heimdallarchaeia	JABLTI01	JABLTI01	JABLTI01	JABLTI01 sp019056785	0	87.35	4.14	General	90.04	7.94	149	k__Archaea (UID2)	107	20.0	2729588	87.10515146776783	262	1203836	38.51967042636589	3133670	GB_GCA_019056785.1	f	d__Archaea;p__Asgardarchaeota;c__Heimdallarchaeia;o__JABLTI01;f__JABLTI01;g__JABLTI01;s__JABLTI01 sp019056785	not type material	none	f	42	30	145833	155356	none	0	none	none	none	0	none	none	none	none	none	none	none	none	11928	17804	f	f	t	22338	33229	Scaffold	ASM2993262v1	na	PRJNA879229	SAMN30800750	262	22338	Mexico: Gulf of California; Guaymas Basin	2023-05-03	GCA_029932625.1	derived from metagenome	full	GMC4.metabat2.265_sub	microbial mat from hydrothermal sediment	27.006471 N 111.409348 W	0	none	archaeon	none	na	none	176	30	33229	16680	7427	2023-05-03	86	1906665	none	GMC4.metabat2.265_sub	Harvard University	1906665	d__Archaea;p__;c__;o__;f__;g__;s__	d__Archaea;x__unclassified Archaea;s__archaeon	8420	3133670	none	none	na	3125250	0	JAOZPS000000000.1	2859	176	36660	1	none	none	none	none	none	none	1489	JAOZPS010000025.1	1458	2693	0	100	FR682492.1.1462	Archaea;Asgardarchaeota;Heimdallarchaeia;Incertae Sedis;Incertae Sedis;LC_3;uncultured archaeon	8420	18	42	0
GB_GCA_027031765.1	Archaea	Asgardarchaeota	Thorarchaeia	Thorarchaeales	Thorarchaeaceae	JALVPN01	JALVPN01 sp027031765	0	95.26	1.38	General	92.99	4.21	149	k__Archaea (UID2)	107	0.0	2548718	86.27961683413896	318	1747496	59.17452783867378	2954021	GB_GCA_027031765.1	t	d__Archaea;p__Asgardarchaeota;c__Thorarchaeia;o__Thorarchaeales;f__Thorarchaeaceae;g__JALVPN01;s__JALVPN01 sp027031765	not type material	none	f	51	38	100271	179310	13677	1	2142	JALVPN010000103.1	59718	1	114	JALVPN010000217.1	1861	411	2.47e-112	71.682	CP001939.54530.57594	Archaea;Thermoproteota;Thermoproteia;Desulfurococcales;Desulfurococcaceae;Thermosphaera;Thermosphaera aggregans DSM 11486	9286	12899	t	f	f	15887	19793	Scaffold	ASM2703176v1	na	PRJNA821212	SAMN27360195	318	15887	Pacific Ocean: Lau Basin	2022-12-19	GCA_027031765.1	derived from metagenome	full	A3_metabat1_scaf2bin.173	marine hydrothermal vent	none	0	none	Promethearchaeota archaeon	none	na	none	229	38	19793	10954	5471	2022-12-19	89	2053489	none	A3_metabat1_scaf2bin.173	Portland State University	2053489	d__Archaea;p__Promethearchaeota;c__;o__;f__;g__;s__	d__Archaea;x__Promethearchaeati;p__Promethearchaeota;x__unclassified Promethearchaeota;s__Promethearchaeota archaeon	899	2954021	none	none	na	2953122	0	JALVPN000000000.1	2842	229	6192	2	none	none	none	none	none	none	974	JALVPN010000048.1	553	377	1.26e-102	79.385	HM187532.1.1326	Archaea;Thermoproteota;Nitrososphaeria;Group 1.1c;Incertae Sedis;Incertae Sedis;uncultured archaeon	899	19	46	1
GB_GCA_048941095.1	Archaea	Asgardarchaeota	Heimdallarchaeia	Hodarchaeales	Hodarchaeaceae	Hodarchaeum	Hodarchaeum sp048886185	0	95.97	5.23	General	95.33	4.67	149	k__Archaea (UID2)	107	0.0	4163187	86.01775320067539	110	1701546	35.1688721627972	4839916	GB_GCA_048886185.1	f	d__Archaea;p__Asgardarchaeota;c__Heimdallarchaeia;o__Hodarchaeales;f__Hodarchaeaceae;g__Hodarchaeum;s__Hodarchaeum sp048886185	not type material	none	f	11	10	372439	372439	none	0	none	none	none	0	none	none	none	none	none	none	none	none	43983	52042	f	f	t	137536	149448	Scaffold	ASM4894109v1	na	PRJNA1162170	SAMN43852879	110	137536	none	2025-03-25	GCA_048941095.1	derived from metagenome	full	DZ2S.395	none	none	0	0	Promethearchaeota archaeon	none	na	0	93	10	149448	50640	28509	2025-03-25	17	2053489	0	DZ2S.395	East china normal University	2053489	d__Archaea;p__Promethearchaeota;c__;o__;f__;g__;s__	d__Archaea;x__Promethearchaeati;p__Promethearchaeota;x__unclassified Promethearchaeota;s__Promethearchaeota archaeon	1700	4839916	11	45	na	4838216	0	JBHLNX000000000.1	4186	93	none	0	none	none	none	none	none	none	none	none	none	none	none	none	none	none	1700	18	44	0
GB_GCA_018383855.1	Archaea	Asgardarchaeota	Jordiarchaeia	Jordiarchaeales	Freyrarchaeaceae	DTBI01	DTBI01 sp019057715	0	92.13	7.64	General	97.2	7.01	149	k__Archaea (UID2)	107	0.0	1975879	86.29668047527225	125	1087698	47.50530106326991	2289635	GB_GCA_038858525.1	f	d__Archaea;p__Asgardarchaeota;c__Jordiarchaeia;o__Jordiarchaeales;f__Freyrarchaeaceae;g__DTBI01;s__DTBI01 sp019057715	not type material	none	f	30	30	90682	90682	34185	1	2261	JAHAWQ010000015.1	none	0	none	none	2282	1788	0	81.332	KX764886.1.3038	Archaea;Incertae Sedis;Incertae Sedis;Incertae Sedis;Incertae Sedis;Incertae Sedis;uncultured archaeon	18317	18317	f	f	t	24627	24627	Contig	ASM1838385v1	na	PRJNA544494	SAMN18804108	125	24627	China: DiReTiYan Zone;Tengchong; Yunnan; DRTY-7 pool	2021-05-17	GCA_018383855.1	derived from metagenome	full	JZ	hot spring sediment	24.95 N 98.44 E	0	0	Candidatus Jordarchaeia archaeon	none	na	3	none	none	none	none	none	2021-05-17	0	3067279	1	JZ	The University of Texas at Austin	3067279	d__Archaea;p__;c__Candidatus Jordarchaeia;o__;f__;g__;s__	d__Archaea;x__Promethearchaeati;x__Promethearchaeati incertae sedis;c__Candidatus Jordarchaeia;x__unclassified Candidatus Jordarchaeia;s__Candidatus Jordarchaeia archaeon	0	2289635	11	34	na	2289635	0	JAHAWQ000000000.1	2398	125	90682	1	none	none	none	none	none	none	1502	JAHAWQ010000125.1	1376	1808	0	90.48	EF100623.1.1383	Archaea;Thermoproteota;Thermoproteia;Fervidicoccales;Fervidicoccaceae;Incertae Sedis;uncultured crenarchaeote	0	17	33	0
GB_GCA_024720875.1	Archaea	Asgardarchaeota	Njordarchaeia	Njordarchaeales	Panguiarchaeaceae	Panguiarchaeum	Panguiarchaeum symbiosum	0	78.84	2.38	General	81.94	0.47	149	k__Archaea (UID2)	107	0.0	1123915	90.01149254986446	59	502166	40.21719717931982	1248635	GB_GCA_024720975.1	f	d__Archaea;p__Asgardarchaeota;c__Njordarchaeia;o__Njordarchaeales;f__Panguiarchaeaceae;g__Panguiarchaeum;s__Panguiarchaeum symbiosum	not type material	none	f	9	9	110592	110592	68705	1	2979	JANJYD010000004.1	none	0	none	none	2950	1083	0	74.068	CP000504.1594574.1597615	Archaea;Thermoproteota;Thermoproteia;Thermoproteales;Thermoproteaceae;Pyrobaculum;Pyrobaculum islandicum DSM 4184	21163	21163	f	f	t	47189	47189	Contig	ASM2472087v1	na	PRJNA544494	SAMN28868082	59	47189	China: Tengchong county; Yunnan; JinZe-1 pool	2022-08-19	GCA_024720875.1	derived from metagenome	full	JZ-1.bin_103	hot spring sediment	25.44 N 98.46 E	0	0	Thermoproteota archaeon	none	na	2	none	none	none	none	none	2022-08-19	0	2056631	1	JZ-1.bin_103	The University of Texas at Austin	2056631	d__Archaea;p__Thermoproteota;c__;o__;f__;g__;s__	d__Archaea;x__Thermoproteati;p__Thermoproteota;x__unclassified Thermoproteota;s__Thermoproteota archaeon	0	1248635	11	40	na	1248635	0	JANJYD000000000.1	1209	59	68705	1	none	none	none	none	none	none	1515	JANJYD010000004.1	1399	998	0	79.986	DQ228522.1.1438	Archaea;Incertae Sedis;Incertae Sedis;Incertae Sedis;Incertae Sedis;Incertae Sedis;uncultured archaeon	0	18	40	0
GB_GCA_016839765.1	Archaea	Asgardarchaeota	Lokiarchaeia	Sigyniarchaeales	SOKP01	SOKP01	SOKP01 sp016839765	0	95.94	3.45	General	82.4	0.93	149	k__Archaea (UID2)	107	0.0	2924598	88.06852281408725	96	985933	29.68943523303424	3320821	GB_GCA_016839765.1	t	d__Archaea;p__Asgardarchaeota;c__Lokiarchaeia;o__Sigyniarchaeales;f__SOKP01;g__SOKP01;s__SOKP01 sp016839765	not type material	none	f	14	14	198784	198784	36235	1	1160	JAEOTP010000024.1	none	0	none	none	1163	1411	0	88.736	JYIM01000373.485.3826	Archaea;Asgardarchaeota;Incertae Sedis;Incertae Sedis;Incertae Sedis;Incertae Sedis;Lokiarchaeum sp. GC14_75	34591	34591	f	f	t	57043	57043	Contig	ASM1683976v1	na	PRJNA680430	SAMN16492234	96	57043	China: Rongcheng Nation Swan Nature Reserve	2021-02-09	GCA_016839765.1	derived from metagenome	full	YT2_053	coastal marine sediment	37.350000 N 122.580000 E	0	none	Promethearchaeota archaeon	none	na	none	none	none	none	none	none	2021-02-09	0	2053489	none	YT2_053	Shenzhen Univeristy	2053489	d__Archaea;p__Promethearchaeota;c__;o__;f__;g__;s__	d__Archaea;x__Promethearchaeati;p__Promethearchaeota;x__unclassified Promethearchaeota;s__Promethearchaeota archaeon	0	3320821	none	none	na	3320821	0	JAEOTP000000000.1	3220	96	none	0	none	none	none	none	none	none	none	none	none	none	none	none	none	none	0	18	38	1
GB_GCA_027077875.1	Archaea	Asgardarchaeota	Heimdallarchaeia	Heimdallarchaeales	Kariarchaeaceae	S139-21	S139-21 sp027077875	0	80.33	3.69	General	87.94	2.49	149	k__Archaea (UID2)	107	60.0	3568102	90.55285148310315	546	1861630	47.246098820820734	3940353	GB_GCA_027077875.1	t	d__Archaea;p__Asgardarchaeota;c__Heimdallarchaeia;o__Heimdallarchaeales;f__Kariarchaeaceae;g__S139-21;s__S139-21 sp027077875	not type material	none	f	110	110	65847	65847	18875	1	2559	JALWRB010000243.1	none	0	none	none	2420	1179	0	76.24	BCSF01007275.2.2427	Archaea;Asgardarchaeota;Incertae Sedis;Incertae Sedis;Incertae Sedis;Incertae Sedis;uncultured marine virus	7216	7310	f	f	t	10170	10214	Scaffold	ASM2707787v1	na	PRJNA821212	SAMN27360667	546	10170	Pacific Ocean: Lau Basin	2022-12-19	GCA_027077875.1	derived from metagenome	full	M2_metabat1_scaf2bin.168	marine hydrothermal vent	none	0	none	Candidatus Heimdallarchaeota archaeon	none	na	none	539	110	10214	5580	3245	2022-12-19	7	2026747	none	M2_metabat1_scaf2bin.168	Portland State University	2026747	d__Archaea;p__Candidatus Heimdallarchaeota;c__;o__;f__;g__;s__	d__Archaea;x__Promethearchaeati;p__Candidatus Heimdallarchaeota;x__unclassified Candidatus Heimdallarchaeota;s__Candidatus Heimdallarchaeota archaeon	70	3940353	none	none	na	3940283	0	JALWRB000000000.1	4026	539	8519	1	none	none	none	none	none	none	1461	JALWRB010000068.1	327	183	4.46e-44	77.37	HM448063.1.927	Archaea;Thermoproteota;Thermoproteia;Thermoproteales;Thermoproteaceae;Pyrobaculum;uncultured Thermoproteales archaeon	70	18	38	0
GB_GCA_015520535.1	Archaea	Asgardarchaeota	Heimdallarchaeia	Hodarchaeales	S146-22	S146-22	S146-22 sp015520535	0	80.3	5.43	General	83.06	1.87	149	k__Archaea (UID2)	107	0.0	3577580	88.44069501089446	860	1493993	36.93272526719493	4045174	GB_GCA_015520535.1	t	d__Archaea;p__Asgardarchaeota;c__Heimdallarchaeia;o__Hodarchaeales;f__S146-22;g__S146-22;s__S146-22 sp015520535	not type material	none	f	249	249	26079	26079	none	0	none	none	2327	1	103	WAPZ01000798.1	none	none	none	none	none	none	4703	4703	f	f	t	5308	5308	Contig	ASM1552053v1	na	PRJNA546572	SAMN12837336	860	5308	Pacific Ocean	2020-11-16	GCA_015520535.1	derived from metagenome	full	S146_22	deep-sea hydrothermal deposit	34.86208959 S 179.0573881 E	0	none	Candidatus Heimdallarchaeota archaeon	none	na	none	none	none	none	none	none	2020-11-16	0	2026747	none	S146_22	Portland State University	2026747	d__Archaea;p__Candidatus Heimdallarchaeota;c__;o__;f__;g__;s__	d__Archaea;x__Promethearchaeati;p__Candidatus Heimdallarchaeota;x__unclassified Candidatus Heimdallarchaeota;s__Candidatus Heimdallarchaeota archaeon	0	4045174	none	none	na	4045174	0	WAPZ00000000.1	3909	860	none	0	none	none	none	none	none	none	none	none	none	none	none	none	none	none	0	18	58	0
GB_GCA_937881325.1	Archaea	Asgardarchaeota	Lokiarchaeia	Helarchaeales	HEL-GB-A	HEL-GB-A	HEL-GB-A sp005191415	0	96.04	6.22	General	91.74	6.15	149	k__Archaea (UID2)	107	0.0	4313262	89.40837348830672	426	1750519	36.28600733050234	4824226	GB_GCA_005191415.1	f	d__Archaea;p__Asgardarchaeota;c__Lokiarchaeia;o__Helarchaeales;f__HEL-GB-A;g__HEL-GB-A;s__HEL-GB-A sp005191415	not type material	none	f	97	97	69014	69014	13822	2	1690	CALGFY010000300.1	none	0	none	none	1105	822	0	80.452	KX764886.1.3038	Archaea;Incertae Sedis;Incertae Sedis;Incertae Sedis;Incertae Sedis;Incertae Sedis;uncultured archaeon	11324	11324	f	f	t	15749	15749	Contig	SRR6823441_bin.196_CONCOCT_v1.1_MAG	na	PRJEB51078	SAMEA14075605	426	15749	none	2023-01-12	GCA_937881325.1	derived from metagenome	full	SRR6823441_bin.196_CONCOCT_v1.1_MAG	marine metagenome	none	0	none	Candidatus Helarchaeota archaeon	none	na	none	none	none	none	none	none	2023-01-12	0	2719382	none	SRR6823441_bin.196_CONCOCT_v1.1_MAG	European Bioinformatics Institute	2719382	d__Archaea;p__Candidatus Helarchaeota;c__;o__;f__;g__;s__	d__Archaea;x__Promethearchaeati;p__Candidatus Helarchaeota;x__unclassified Candidatus Helarchaeota;s__Candidatus Helarchaeota archaeon	0	4824226	none	none	na	4824226	0	CALGFY000000000.1	4566	426	none	0	none	none	none	none	none	none	none	none	none	none	none	none	none	none	0	17	40	1
GB_GCA_048882305.1	Archaea	Asgardarchaeota	Thorarchaeia	Thorarchaeales	Thorarchaeaceae	SMTZ1-45	SMTZ1-45 sp048882305	0	71.47	1.24	General	76.8	2.34	149	k__Archaea (UID2)	107	0.0	2222064	91.42035241489656	523	1034309	42.5615116097724	2430601	GB_GCA_048882305.1	t	d__Archaea;p__Asgardarchaeota;c__Thorarchaeia;o__Thorarchaeales;f__Thorarchaeaceae;g__SMTZ1-45;s__SMTZ1-45 sp048882305	not type material	none	f	163	155	18197	18197	none	0	none	none	none	0	none	none	none	none	none	none	none	none	4646	5084	f	f	t	5204	5414	Scaffold	ASM4888230v1	na	PRJNA1162170	SAMN43852979	523	5204	none	2025-03-24	GCA_048882305.1	derived from metagenome	full	TM1S.7	none	none	0	0	Candidatus Thorarchaeota archaeon	none	na	2	478	155	5414	3835	3144	2025-03-24	45	2053491	0	TM1S.7	East china normal University	2053491	d__Archaea;p__Candidatus Thorarchaeota;c__;o__;f__;g__;s__	d__Archaea;x__Promethearchaeati;p__Candidatus Thorarchaeota;x__unclassified Candidatus Thorarchaeota;s__Candidatus Thorarchaeota archaeon	450	2430601	11	30	na	2430151	0	JBHLRT000000000.1	2752	478	none	0	none	none	none	none	none	none	none	none	none	none	none	none	none	none	450	15	34	0
GB_GCA_964549075.1	Archaea	Asgardarchaeota	Heimdallarchaeia	Heimdallarchaeales	Heimdallarchaeaceae	UBA460	UBA460 sp964549075	0	89.71	3.39	General	83.11	4.67	149	k__Archaea (UID2)	107	0.0	2929037	90.736224237387	255	1044128	32.37336172579713	3228079	GB_GCA_964549075.1	t	d__Archaea;p__Asgardarchaeota;c__Heimdallarchaeia;o__Heimdallarchaeales;f__Heimdallarchaeaceae;g__UBA460;s__UBA460 sp964549075	not type material	none	f	39	30	88282	106609	15077	1	1892	CAZJUB010000065.1	none	0	none	none	1891	2876	0	94.13	MEHH01000225.593.3133	Archaea;Asgardarchaeota;Incertae Sedis;Incertae Sedis;Incertae Sedis;Incertae Sedis;Candidatus Heimdallarchaeota archaeon AB_125	12648	14875	f	f	t	22976	29461	Scaffold	SRP214966_co4_346	na	PRJEB82487	SAMEA117292279	255	22976	none	2025-01-11	GCA_964549075.1	derived from metagenome	full	SRP214966_co4_346	none	none	0	none	uncultured archaeon	none	na	none	217	30	29461	13914	6545	2025-01-11	38	115547	none	SRP214966_co4_346	Centre for Microbiome Research	115547	d__Archaea;p__;c__;o__;f__;g__;s__	d__Archaea;x__environmental samples;s__uncultured archaeon	2810	3228079	none	none	na	3225269	0	CAZJUB000000000.1	3128	217	none	0	none	none	none	none	none	none	none	none	none	none	none	none	none	none	2810	18	37	0
GB_GCA_048941015.1	Archaea	Asgardarchaeota	Lokiarchaeia	Sigyniarchaeales	SOKP01	SOKP01	SOKP01 sp048941015	0	95.34	5.14	General	85.67	3.27	149	k__Archaea (UID2)	107	0.0	3185858	88.79871116276865	158	1053678	29.379659939438213	3587730	GB_GCA_048941015.1	t	d__Archaea;p__Asgardarchaeota;c__Lokiarchaeia;o__Sigyniarchaeales;f__SOKP01;g__SOKP01;s__SOKP01 sp048941015	not type material	none	f	27	26	136654	136654	14931	2	1436	JBHLNZ010000071.1	none	0	none	none	1440	1836	0	89.792	JYIM01000373.485.3826	Archaea;Asgardarchaeota;Incertae Sedis;Incertae Sedis;Incertae Sedis;Incertae Sedis;Lokiarchaeum sp. GC14_75	22698	24914	f	f	t	40280	44253	Scaffold	ASM4894101v1	na	PRJNA1162170	SAMN43852881	158	40280	none	2025-03-25	GCA_048941015.1	derived from metagenome	full	DZ2S.411	none	none	0	0	Promethearchaeota archaeon	none	na	4	144	26	44253	19224	10493	2025-03-25	14	2053489	2	DZ2S.411	East china normal University	2053489	d__Archaea;p__Promethearchaeota;c__;o__;f__;g__;s__	d__Archaea;x__Promethearchaeati;p__Promethearchaeota;x__unclassified Promethearchaeota;s__Promethearchaeota archaeon	1310	3587730	11	41	na	3586420	0	JBHLNZ000000000.1	3441	144	124796	1	none	none	none	none	none	none	611	JBHLNZ010000003.1	610	1009	0	96.557	AB899915.1.940	Archaea;Asgardarchaeota;Lokiarchaeia;Incertae Sedis;Incertae Sedis;Incertae Sedis;uncultured archaeon	1310	17	42	1
GB_GCA_048886745.1	Archaea	Asgardarchaeota	Odinarchaeia	Odinarchaeales	JBHLKK01	JBHLKK01	JBHLKK01 sp048886745	0	78.06	1.99	General	80.49	2.8	149	k__Archaea (UID2)	107	0.0	1532957	87.73907852495769	123	725252	41.52015145868291	1747177	GB_GCA_048886745.1	t	d__Archaea;p__Asgardarchaeota;c__Odinarchaeia;o__Odinarchaeales;f__JBHLKK01;g__JBHLKK01;s__JBHLKK01 sp048886745	not type material	none	f	23	21	110925	110925	none	0	none	none	none	0	none	none	none	none	none	none	none	none	14201	15061	f	f	t	18941	19330	Scaffold	ASM4888674v1	na	PRJNA1162170	SAMN43852788	123	18941	none	2025-03-24	GCA_048886745.1	derived from metagenome	full	DZ1B.307	none	none	0	0	Candidatus Hodarchaeota archaeon	none	na	0	116	21	19330	12556	6351	2025-03-24	7	2800102	0	DZ1B.307	East china normal University	2800102	d__Archaea;p__Candidatus Hodarchaeota;c__;o__;f__;g__;s__	d__Archaea;x__Promethearchaeati;p__Candidatus Hodarchaeota;x__unclassified Candidatus Hodarchaeota;s__Candidatus Hodarchaeota archaeon	430	1747177	11	33	na	1746747	0	JBHLKK000000000.1	1863	116	none	0	none	none	none	none	none	none	none	none	none	none	none	none	none	none	430	18	33	0
GB_GCA_029856155.1	Archaea	Asgardarchaeota	Lokiarchaeia	Sigyniarchaeales	SOKP01	Loki-b32	Loki-b32 sp029856155	0	97.25	5.72	General	86.92	2.34	149	k__Archaea (UID2)	107	0.0	3589727	87.56303066256349	104	1228436	29.96483552509616	4099592	GB_GCA_029856155.1	t	d__Archaea;p__Asgardarchaeota;c__Lokiarchaeia;o__Sigyniarchaeales;f__SOKP01;g__Loki-b32;s__Loki-b32 sp029856155	not type material	none	f	19	19	219756	219756	47248	1	3024	JAHQWL010000034.1	none	0	none	none	3048	4156	0	91.437	JYIM01000373.485.3826	Archaea;Asgardarchaeota;Incertae Sedis;Incertae Sedis;Incertae Sedis;Incertae Sedis;Lokiarchaeum sp. GC14_75	39419	39419	f	f	t	66407	66407	Contig	ASM2985615v1	na	PRJNA417281	SAMN08011042	104	66407	Denmark: Aarhus Bay Station M5	2023-04-24	GCA_029856155.1	derived from metagenome	full	ABR06	marine sediment	56.1033 N 10.4578 E	0	none	Promethearchaeia archaeon	none	na	none	none	none	none	none	none	2023-04-24	0	3067280	none	ABR06	Uppsala University	3067280	d__Archaea;p__Promethearchaeota;c__Promethearchaeia;o__;f__;g__;s__	d__Archaea;x__Promethearchaeati;p__Promethearchaeota;c__Promethearchaeia;x__unclassified Promethearchaeia;s__Promethearchaeia archaeon	0	4099592	none	none	na	4099592	0	JAHQWL000000000.1	3905	104	119560	1	none	none	none	none	none	none	543	JAHQWL010000075.1	542	979	0	99.262	GQ410972.1.924	Archaea;Thermoproteota;Bathyarchaeia;Incertae Sedis;Incertae Sedis;Incertae Sedis;uncultured archaeon	0	16	36	1
GB_GCA_021513695.1	Archaea	Asgardarchaeota	Heimdallarchaeia	Heimdallarchaeales	Heimdallarchaeaceae	Heimdallarchaeum	Heimdallarchaeum aukensis	0	93.14	2.53	General	93.46	2.65	149	k__Archaea (UID2)	107	20.0	2759974	89.55741024786545	1	962718	31.238892423988247	3081793	GB_GCA_021513695.1	t	d__Archaea;p__Asgardarchaeota;c__Heimdallarchaeia;o__Heimdallarchaeales;f__Heimdallarchaeaceae;g__Heimdallarchaeum;s__Heimdallarchaeum aukensis	type strain of species	LPSN	f	1	1	3081793	3081793	3081793	1	2542	CP084166.1	none	0	none	none	2547	2998	0	88.025	MEHH01000225.593.3133	Archaea;Asgardarchaeota;Incertae Sedis;Incertae Sedis;Incertae Sedis;Incertae Sedis;Candidatus Heimdallarchaeota archaeon AB_125	3081793	3081793	f	f	t	3081793	3081793	Complete Genome	ASM2151369v1	na	PRJNA721962	SAMN21379712	none	none	Mexico: Gulf of California; Pescadero basin auka vent field	2022-01-19	GCA_021513695.1	derived from metagenome	full	PM71	sediment	23.954822 N 108.863009 W	1	0	Candidatus Heimdallarchaeum aukensis	none	na	2	1	1	3081793	3081793	3081793	2022-01-19	0	2876573	1	PM71	California Institute of Technology	2876573	d__Archaea;p__Candidatus Heimdallarchaeota;c__Candidatus Heimdallarchaeia (ex Rinke et al. 2021) (nom. nud.);o__Candidatus Heimdallarchaeales;f__Candidatus Heimdallarchaeaceae;g__Candidatus Heimdallarchaeum;s__Candidatus Heimdallarchaeum aukensis	d__Archaea;x__Promethearchaeati;p__Candidatus Heimdallarchaeota;c__Candidatus Heimdallarchaeia (ex Rinke et al. 2021) (nom. nud.);o__Candidatus Heimdallarchaeales;f__Candidatus Heimdallarchaeaceae;g__Candidatus Heimdallarchaeum;s__Candidatus Heimdallarchaeum aukensis	0	3081793	11	45	na	3081793	0	na	2679	1	3081793	1	none	none	none	none	none	none	1475	CP084166.1	1452	2006	0	91.667	MEHH01000036.3025.4474	Archaea;Asgardarchaeota;Heimdallarchaeia;Incertae Sedis;Incertae Sedis;AB_125;Candidatus Heimdallarchaeota archaeon AB_125	0	19	45	0
GB_GCA_004375715.1	Archaea	Asgardarchaeota	Lokiarchaeia	Sigyniarchaeales	SOKP01	SOKP01	SOKP01 sp004375715	0	83.66	3.04	General	75.7	2.8	149	k__Archaea (UID2)	107	33.33	2703130	87.9459634971854	320	992811	32.30096960397915	3073626	GB_GCA_004375715.1	t	d__Archaea;p__Asgardarchaeota;c__Lokiarchaeia;o__Sigyniarchaeales;f__SOKP01;g__SOKP01;s__SOKP01 sp004375715	not type material	none	f	55	55	111287	111287	none	0	none	none	none	0	none	none	none	none	none	none	none	none	9605	9605	f	f	t	16299	16299	Contig	ASM437571v1	na	PRJNA485648	SAMN11124430	320	16299	Atlantic Ocean	2019-03-25	GCA_004375715.1	derived from metagenome	full	E44_bin85	deep sea sediments associated with petroleum seepage	26.28 N 86.81 W	0	0	Promethearchaeota archaeon	none	na	1	none	none	none	none	none	2019-03-25	0	2053489	1	E44_bin85	University of Calgary	2053489	d__Archaea;p__Promethearchaeota;c__;o__;f__;g__;s__	d__Archaea;x__Promethearchaeati;p__Promethearchaeota;x__unclassified Promethearchaeota;s__Promethearchaeota archaeon	0	3073626	11	25	na	3073626	0	SOKP00000000.1	3063	320	8422	1	none	none	none	none	none	none	1407	SOKP01000259.1	1357	2433	0	99.042	KP204832.1.1417	Archaea;Asgardarchaeota;Lokiarchaeia;Incertae Sedis;Incertae Sedis;Incertae Sedis;uncultured archaeon	0	14	30	0
GB_GCA_019057675.1	Archaea	Asgardarchaeota	Jordiarchaeia	Jordiarchaeales	Freyrarchaeaceae	DTBI01	DTBI01 sp019057675	0	83.86	2.41	General	86.13	2.34	149	k__Archaea (UID2)	107	0.0	1615050	85.0992864527184	120	912022	48.05573909735374	1897842	GB_GCA_019057675.1	t	d__Archaea;p__Asgardarchaeota;c__Jordiarchaeia;o__Jordiarchaeales;f__Freyrarchaeaceae;g__DTBI01;s__DTBI01 sp019057675	not type material	none	f	27	27	75765	75765	75765	1	2891	JAHLWX010000001.1	none	0	none	none	2771	2353	0	82.461	KX764886.1.3038	Archaea;Incertae Sedis;Incertae Sedis;Incertae Sedis;Incertae Sedis;Incertae Sedis;uncultured archaeon	15815	15815	f	f	t	22881	22881	Contig	ASM1905767v1	na	PRJNA678817	SAMN18623301	120	22881	USA:Little Hot Creek 4	2021-06-29	GCA_019057675.1	derived from metagenome	full	LHC_1308	hot spring sediment	37.6906 N 118.8442 W	0	none	Candidatus Jordarchaeum sp. LHC_1308	none	na	none	none	none	none	none	none	2021-06-29	0	2823884	none	LHC_1308	The University of Queensland	2823884	d__Archaea;p__;c__Candidatus Jordarchaeia;o__Candidatus Jordarchaeales;f__Candidatus Jordarchaeaceae;g__Candidatus Jordarchaeum;s__	d__Archaea;x__Promethearchaeati;x__Promethearchaeati incertae sedis;c__Candidatus Jordarchaeia;o__Candidatus Jordarchaeales;f__Candidatus Jordarchaeaceae;g__Candidatus Jordarchaeum;x__unclassified Candidatus Jordarchaeum;s__Candidatus Jordarchaeum sp. LHC_1308	0	1897842	none	none	na	1897842	0	JAHLWX000000000.1	1964	120	none	0	none	none	none	none	none	none	none	none	none	none	none	none	none	none	0	17	33	0
GB_GCA_038825165.1	Archaea	Asgardarchaeota	Thorarchaeia	Thorarchaeales	Thorarchaeaceae	JAWAQK01	JAWAQK01 sp038893995	0	76.94	0.5	General	84.58	1.01	149	k__Archaea (UID2)	107	0.0	1875110	89.59283758034215	269	1122112	53.61865934238166	2092924	GB_GCA_038893995.1	f	d__Archaea;p__Asgardarchaeota;c__Thorarchaeia;o__Thorarchaeales;f__Thorarchaeaceae;g__JAWAQK01;s__JAWAQK01 sp038893995	not type material	none	f	75	72	39045	39045	14761	1	3050	JAWBPJ010000025.1	none	0	none	none	944	257	4.87e-66	72.458	ADKI01001867.2741.5749	Archaea;Thermoproteota;Nitrososphaeria;Incertae Sedis;Incertae Sedis;Incertae Sedis;hot springs metagenome	7779	8272	f	f	t	10013	10165	Scaffold	ASM3882516v1	na	PRJNA544494	SAMN36039087	269	10013	none	2024-04-30	GCA_038825165.1	derived from metagenome	full	HHBFW-2_201803_bins_95	none	none	0	0	Candidatus Thorarchaeota archaeon	none	na	3	253	72	10165	6133	4300	2024-04-30	16	2053491	1	HHBFW-2_201803_bins_95	The University of Texas at Austin	2053491	d__Archaea;p__Candidatus Thorarchaeota;c__;o__;f__;g__;s__	d__Archaea;x__Promethearchaeati;p__Candidatus Thorarchaeota;x__unclassified Candidatus Thorarchaeota;s__Candidatus Thorarchaeota archaeon	160	2092924	11	41	na	2092764	0	JAWBPJ000000000.1	2180	253	23343	1	none	none	none	none	none	none	895	JAWBPJ010000005.1	863	562	2.97e-158	78.563	JN229418.1.1470	Archaea;Thermoproteota;Bathyarchaeia;Incertae Sedis;Incertae Sedis;Incertae Sedis;uncultured archaeon	160	18	42	0
GB_GCA_029856445.1	Archaea	Asgardarchaeota	Lokiarchaeia	Sigyniarchaeales	SOKP01	Loki-b32	Loki-b32 sp029856445	0	94.44	6.4	General	87.38	3.27	149	k__Archaea (UID2)	107	0.0	3360028	88.49409846730025	505	1166831	30.731189564104355	3796895	GB_GCA_029856445.1	t	d__Archaea;p__Asgardarchaeota;c__Lokiarchaeia;o__Sigyniarchaeales;f__SOKP01;g__Loki-b32;s__Loki-b32 sp029856445	not type material	none	f	119	119	40338	40338	none	0	none	none	none	0	none	none	none	none	none	none	none	none	7518	7518	f	f	t	9692	9692	Contig	ASM2985644v1	na	PRJNA417281	SAMN08011055	505	9692	USA:White Oak River estuary; North Carolina	2023-04-24	GCA_029856445.1	derived from metagenome	full	WORC5	marine sediment	34.640199 N 77.109447 W	0	none	Promethearchaeia archaeon	none	na	none	none	none	none	none	none	2023-04-24	0	3067280	none	WORC5	Uppsala University	3067280	d__Archaea;p__Promethearchaeota;c__Promethearchaeia;o__;f__;g__;s__	d__Archaea;x__Promethearchaeati;p__Promethearchaeota;c__Promethearchaeia;x__unclassified Promethearchaeia;s__Promethearchaeia archaeon	0	3796895	none	none	na	3796895	0	JAHQWY000000000.1	3868	505	none	0	none	none	none	none	none	none	none	none	none	none	none	none	none	none	0	16	35	1
GB_GCA_048939245.1	Archaea	Asgardarchaeota	Hermodarchaeia	Hermodarchaeales	Hermodarchaeaceae	Hermodarchaeum	Hermodarchaeum sp048939245	0	88.34	3.59	General	93.46	0.93	149	k__Archaea (UID2)	107	100.0	2242056	88.9515916263809	127	1114067	44.20681513813799	2520535	GB_GCA_048939245.1	t	d__Archaea;p__Asgardarchaeota;c__Hermodarchaeia;o__Hermodarchaeales;f__Hermodarchaeaceae;g__Hermodarchaeum;s__Hermodarchaeum sp048939245	not type material	none	f	22	21	149323	149323	none	0	none	none	12769	1	110	JBHLPR010000064.1	none	none	none	none	none	none	19843	20660	f	f	t	35266	36831	Scaffold	ASM4893924v1	na	PRJNA1162170	SAMN43852925	127	35266	none	2025-03-25	GCA_048939245.1	derived from metagenome	full	H2S.129	none	none	0	0	Promethearchaeota archaeon	none	na	3	122	21	36831	17445	9375	2025-03-25	5	2053489	0	H2S.129	East china normal University	2053489	d__Archaea;p__Promethearchaeota;c__;o__;f__;g__;s__	d__Archaea;x__Promethearchaeati;p__Promethearchaeota;x__unclassified Promethearchaeota;s__Promethearchaeota archaeon	410	2520535	11	41	na	2520125	0	JBHLPR000000000.1	2534	122	none	0	none	none	none	none	none	none	none	none	none	none	none	none	none	none	410	16	36	0
GB_GCA_041306025.1	Archaea	Asgardarchaeota	Lokiarchaeia	Sigyniarchaeales	Sigyniarchaeaceae	JBGLND01	JBGLND01 sp041305945	0	87.96	6.02	General	83.8	4.21	149	k__Archaea (UID2)	107	20.0	4261170	90.34362494368324	707	2526271	53.56098905467363	4716625	GB_GCA_041305945.1	f	d__Archaea;p__Asgardarchaeota;c__Lokiarchaeia;o__Sigyniarchaeales;f__Sigyniarchaeaceae;g__JBGLND01;s__JBGLND01 sp041305945	not type material	none	f	189	189	29038	29038	none	0	none	none	none	0	none	none	none	none	none	none	none	none	6671	6671	f	f	t	8238	8238	Contig	ASM4130602v1	na	PRJNA1007388	SAMN40438304	707	8238	none	2024-08-15	GCA_041306025.1	derived from metagenome	full	PPR_0006	none	none	0	none	Promethearchaeota archaeon	none	na	none	none	none	none	none	none	2024-08-15	0	2053489	none	PPR_0006	Colorado State University	2053489	d__Archaea;p__Promethearchaeota;c__;o__;f__;g__;s__	d__Archaea;x__Promethearchaeati;p__Promethearchaeota;x__unclassified Promethearchaeota;s__Promethearchaeota archaeon	0	4716625	none	none	na	4716625	0	JBFYKL000000000.1	4537	707	none	0	none	none	none	none	none	none	none	none	none	none	none	none	none	none	0	18	41	1
GB_GCA_016550395.1	Archaea	Asgardarchaeota	Hermodarchaeia	Hermodarchaeales	Hermodarchaeaceae	Hermodarchaeum	Hermodarchaeum sp016550395	0	74.73	2.73	General	78.04	0.0	149	k__Archaea (UID2)	107	0.0	2351377	88.49927266089438	469	1143750	43.04756026187972	2656945	GB_GCA_016550395.1	t	d__Archaea;p__Asgardarchaeota;c__Hermodarchaeia;o__Hermodarchaeales;f__Hermodarchaeaceae;g__Hermodarchaeum;s__Hermodarchaeum sp016550395	not type material	none	f	106	106	32924	32924	none	0	none	none	4494	1	102	JABXGY010000350.1	none	none	none	none	none	none	5665	5665	f	f	t	6995	6995	Contig	ASM1655039v1	na	PRJNA629047	SAMN14986677	469	6995	China: Techeng Island of Zhanjiang; Guangdong	2021-01-06	GCA_016550395.1	derived from metagenome	full	H03M_Hermod_104	mangrove sediment	21.153 N 110.43879722222222 E	0	none	archaeon	none	na	none	none	none	none	none	none	2021-01-06	0	1906665	none	H03M_Hermod_104	East china normal University	1906665	d__Archaea;p__;c__;o__;f__;g__;s__	d__Archaea;x__unclassified Archaea;s__archaeon	0	2656945	none	none	na	2656945	0	JABXGY000000000.1	2924	469	none	0	none	none	none	none	none	none	none	none	none	none	none	none	none	none	0	17	41	0
GB_GCA_048885925.1	Archaea	Asgardarchaeota	Lokiarchaeia	Sigyniarchaeales	SOKP01	Loki-b32	Loki-b32 sp048885925	0	95.01	4.42	General	85.2	3.27	149	k__Archaea (UID2)	107	0.0	3394159	87.08862558828254	194	1131585	29.04365640765556	3897362	GB_GCA_048885925.1	t	d__Archaea;p__Asgardarchaeota;c__Lokiarchaeia;o__Sigyniarchaeales;f__SOKP01;g__Loki-b32;s__Loki-b32 sp048885925	not type material	none	f	24	23	384893	387997	none	0	none	none	none	0	none	none	none	none	none	none	none	none	20083	21532	f	f	t	37939	42427	Scaffold	ASM4888592v1	na	PRJNA1162170	SAMN43852810	194	37939	none	2025-03-24	GCA_048885925.1	derived from metagenome	full	DZ1M.411	none	none	0	0	Candidatus Hermodarchaeota archaeon	none	na	1	181	23	42427	16130	8834	2025-03-24	13	2799008	1	DZ1M.411	East china normal University	2799008	d__Archaea;p__Candidatus Hermodarchaeota;c__;o__;f__;g__;s__	d__Archaea;x__Promethearchaeati;p__Candidatus Hermodarchaeota;x__unclassified Candidatus Hermodarchaeota;s__Candidatus Hermodarchaeota archaeon	1210	3897362	11	40	na	3896152	0	JBHLLG000000000.1	3764	181	none	0	none	none	none	none	none	none	none	none	none	none	none	none	none	none	1210	16	39	0
GB_GCA_027031745.1	Archaea	Asgardarchaeota	Thorarchaeia	Thorarchaeales	Thorarchaeaceae	B65-G9	B65-G9 sp029855935	0	97.33	2.97	General	94.86	3.74	149	k__Archaea (UID2)	107	0.0	2607871	88.38167453600715	22	1642144	55.65322069006653	2950692	GB_GCA_029855935.1	f	d__Archaea;p__Asgardarchaeota;c__Thorarchaeia;o__Thorarchaeales;f__Thorarchaeaceae;g__B65-G9;s__B65-G9 sp029855935	not type material	none	f	4	3	571596	571596	146254	1	2578	JALVPO010000005.1	none	0	none	none	1583	483	6.23e-134	72.71	KX764886.1.3038	Archaea;Incertae Sedis;Incertae Sedis;Incertae Sedis;Incertae Sedis;Incertae Sedis;uncultured archaeon	134121	147534	f	f	t	325532	454507	Scaffold	ASM2703174v1	na	PRJNA821212	SAMN27360196	22	325532	Pacific Ocean: Lau Basin	2022-12-19	GCA_027031745.1	derived from metagenome	full	A3_metabat1_scaf2bin.174	marine hydrothermal vent	none	0	none	Promethearchaeota archaeon	none	na	none	20	3	454507	135449	78757	2022-12-19	2	2053489	none	A3_metabat1_scaf2bin.174	Portland State University	2053489	d__Archaea;p__Promethearchaeota;c__;o__;f__;g__;s__	d__Archaea;x__Promethearchaeati;p__Promethearchaeota;x__unclassified Promethearchaeota;s__Promethearchaeota archaeon	20	2950692	none	none	na	2950672	0	JALVPO000000000.1	2719	20	none	0	none	none	none	none	none	none	none	none	none	none	none	none	none	none	20	19	47	1
GB_GCA_964538145.1	Archaea	Asgardarchaeota	Lokiarchaeia	Sigyniarchaeales	SOKP01	SOKP01	SOKP01 sp964538145	0	81.78	1.89	General	76.33	0.93	149	k__Archaea (UID2)	107	0.0	2170371	82.19436591448324	404	782411	29.81709466527695	2640535	GB_GCA_964538145.1	t	d__Archaea;p__Asgardarchaeota;c__Lokiarchaeia;o__Sigyniarchaeales;f__SOKP01;g__SOKP01;s__SOKP01 sp964538145	not type material	none	f	85	52	32681	81805	none	0	none	none	none	0	none	none	none	none	none	none	none	none	6495	11048	f	f	t	8554	14911	Scaffold	binchicken_co19_559	na	PRJEB82487	SAMEA117374099	404	8554	none	2025-01-10	GCA_964538145.1	derived from metagenome	full	binchicken_co19_559	none	none	0	none	uncultured archaeon	none	na	none	239	52	14911	8202	5390	2025-01-10	165	115547	none	binchicken_co19_559	Centre for Microbiome Research	115547	d__Archaea;p__;c__;o__;f__;g__;s__	d__Archaea;x__environmental samples;s__uncultured archaeon	16500	2640535	none	none	na	2624035	0	CAZIEC000000000.1	2497	239	none	0	none	none	none	none	none	none	none	none	none	none	none	none	none	none	16500	15	29	1
GB_GCA_019058365.1	Archaea	Asgardarchaeota	Lokiarchaeia	Sigyniarchaeales	SOKP01	Loki-b32	Loki-b32 sp019058365	0	100.0	6.57	General	91.59	2.8	149	k__Archaea (UID2)	107	0.0	4094134	86.37818058145339	58	1399527	29.52976107835247	4739778	GB_GCA_019058365.1	t	d__Archaea;p__Asgardarchaeota;c__Lokiarchaeia;o__Sigyniarchaeales;f__SOKP01;g__Loki-b32;s__Loki-b32 sp019058365	not type material	none	f	10	10	473737	473737	323447	1	2847	JAHPZE010000003.1	none	0	none	none	2870	3773	0	90.627	JYIM01000373.485.3826	Archaea;Asgardarchaeota;Incertae Sedis;Incertae Sedis;Incertae Sedis;Incertae Sedis;Lokiarchaeum sp. GC14_75	81713	87773	f	f	t	126760	126760	Scaffold	ASM1905836v1	na	PRJNA678545	SAMN19664027	58	126760	Australia: Lake Weyba; Sunshine Coast	2021-06-29	GCA_019058365.1	derived from metagenome	full	LW40_87	Saline water lake sediment	26.44 S 153.06 E	0	none	Promethearchaeota archaeon	none	na	none	54	10	126760	72749	38714	2021-06-29	4	2053489	none	LW40_87	The University of Queensland	2053489	d__Archaea;p__Promethearchaeota;c__;o__;f__;g__;s__	d__Archaea;x__Promethearchaeati;p__Promethearchaeota;x__unclassified Promethearchaeota;s__Promethearchaeota archaeon	400	4739778	none	none	na	4739378	0	JAHPZE000000000.1	4340	54	323447	1	none	none	none	none	none	none	1492	JAHPZE010000003.1	1461	2566	0	98.357	FJ649533.1.1461	Archaea;Asgardarchaeota;Lokiarchaeia;Incertae Sedis;Incertae Sedis;Incertae Sedis;uncultured archaeon	400	15	39	0
GB_GCA_048940645.1	Archaea	Asgardarchaeota	Lokiarchaeia	Sigyniarchaeales	SOKP01	SOKP01	SOKP01 sp048940645	0	89.56	3.74	General	81.62	3.27	149	k__Archaea (UID2)	107	0.0	3389789	88.41408641436915	135	1141721	29.785201954929352	3833992	GB_GCA_048940645.1	t	d__Archaea;p__Asgardarchaeota;c__Lokiarchaeia;o__Sigyniarchaeales;f__SOKP01;g__SOKP01;s__SOKP01 sp048940645	not type material	none	f	23	23	167635	167635	44761	1	1930	JBHLOI010000030.1	none	0	none	none	1936	2532	0	90.393	JYIM01000373.485.3826	Archaea;Asgardarchaeota;Incertae Sedis;Incertae Sedis;Incertae Sedis;Incertae Sedis;Lokiarchaeum sp. GC14_75	28393	30428	f	f	t	51087	51087	Scaffold	ASM4894064v1	na	PRJNA1162170	SAMN43852890	135	51087	none	2025-03-25	GCA_048940645.1	derived from metagenome	full	DZ3M.320	none	none	0	0	Promethearchaeota archaeon	none	na	3	126	23	51087	23975	13252	2025-03-25	9	2053489	1	DZ3M.320	East china normal University	2053489	d__Archaea;p__Promethearchaeota;c__;o__;f__;g__;s__	d__Archaea;x__Promethearchaeati;p__Promethearchaeota;x__unclassified Promethearchaeota;s__Promethearchaeota archaeon	810	3833992	11	43	na	3833182	0	JBHLOI000000000.1	3667	126	none	0	none	none	none	none	none	none	none	none	none	none	none	none	none	none	810	19	44	1
GB_GCA_048887065.1	Archaea	Asgardarchaeota	Heimdallarchaeia	Hodarchaeales	Hodarchaeaceae	Hodarchaeum	Hodarchaeum sp048887065	0	88.12	3.33	General	88.32	3.74	149	k__Archaea (UID2)	107	0.0	3405171	85.2839801399739	500	1381368	34.62904896511545	3992744	GB_GCA_048887065.1	t	d__Archaea;p__Asgardarchaeota;c__Heimdallarchaeia;o__Hodarchaeales;f__Hodarchaeaceae;g__Hodarchaeum;s__Hodarchaeum sp048887065	not type material	none	f	98	90	69875	69875	none	0	none	none	none	0	none	none	none	none	none	none	none	none	7978	8623	f	f	t	10554	11402	Scaffold	ASM4888706v1	na	PRJNA1162170	SAMN43852780	500	10554	none	2025-03-24	GCA_048887065.1	derived from metagenome	full	DZ1B.236	none	none	0	0	Candidatus Hodarchaeota archaeon	none	na	0	463	90	11402	6071	3850	2025-03-24	37	2800102	0	DZ1B.236	East china normal University	2800102	d__Archaea;p__Candidatus Hodarchaeota;c__;o__;f__;g__;s__	d__Archaea;x__Promethearchaeati;p__Candidatus Hodarchaeota;x__unclassified Candidatus Hodarchaeota;s__Candidatus Hodarchaeota archaeon	3700	3992744	11	40	na	3989044	0	JBHLKC000000000.1	3858	463	none	0	none	none	none	none	none	none	none	none	none	none	none	none	none	none	3700	18	40	0
GB_GCA_029210805.1	Archaea	Asgardarchaeota	Thorarchaeia	Thorarchaeales	Thorarchaeaceae	MP5-2226	MP5-2226 sp029210805	0	93.01	5.09	General	90.19	3.27	149	k__Archaea (UID2)	107	0.0	3612716	89.71490370348296	703	1722518	42.77873875440045	4026885	GB_GCA_029210805.1	t	d__Archaea;p__Asgardarchaeota;c__Thorarchaeia;o__Thorarchaeales;f__Thorarchaeaceae;g__MP5-2226;s__MP5-2226 sp029210805	not type material	none	f	140	138	56745	56745	7181	1	3088	JARGGA010000162.1	none	0	none	none	365	141	5.18e-31	74.795	CP017686.305957.308743	Archaea;Thermoplasmatota;Thermoplasmata;Methanomassiliicoccales;Methanomethylophilaceae;Candidatus Methanomethylophilus;Candidatus Methanomethylophilus alvus	5727	5760	f	f	t	7979	7996	Scaffold	ASM2921080v1	na	PRJNA940400	SAMN33565511	703	7979	Russia: Krasnodar Krai; Gladkovsky mud volcano	2023-03-14	GCA_029210805.1	derived from metagenome	full	C14-20	pool on the surface of a mud volcano	45.00543464 N 37.72355954 E	0	0	Candidatus Thorarchaeota archaeon	none	na	3	699	138	7996	4294	2622	2023-03-14	4	2053491	1	C14-20	Research Center of Biotechnology RAS	2053491	d__Archaea;p__Candidatus Thorarchaeota;c__;o__;f__;g__;s__	d__Archaea;x__Promethearchaeati;p__Candidatus Thorarchaeota;x__unclassified Candidatus Thorarchaeota;s__Candidatus Thorarchaeota archaeon	310	4026885	11	50	na	4026575	0	JARGGA000000000.1	4442	699	4232	1	none	none	none	none	none	none	1552	JARGGA010000317.1	570	409	7.2e-112	79.825	AB644695.1.902	Archaea;Asgardarchaeota;Lokiarchaeia;Incertae Sedis;Incertae Sedis;Incertae Sedis;uncultured archaeon	310	16	50	1
GB_GCA_011364925.1	Archaea	Asgardarchaeota	Lokiarchaeia	Sigyniarchaeales	SOKP01	SOKP01	SOKP01 sp011364925	27	100.0	4.2	General	87.85	3.74	149	k__Archaea (UID2)	107	0.0	3494835	89.16924023710187	121	1292537	32.98101011626845	3919328	GB_GCA_011364925.1	t	d__Archaea;p__Asgardarchaeota;c__Lokiarchaeia;o__Sigyniarchaeales;f__SOKP01;g__SOKP01;s__SOKP01 sp011364925	not type material	none	f	19	18	193043	209599	none	0	none	none	none	0	none	none	none	none	none	none	none	none	32388	34994	f	f	t	58180	66139	Scaffold	ASM1136492v1	na	PRJNA495098	SAMN10218969	121	58180	China: Xinying Bay; Danzhou	2020-03-16	GCA_011364925.1	derived from metagenome	full	DZG_bin1.240	Danzhou intertidal mangrove sediment	19.7410 N 109.2727 E	0	0	Promethearchaeota archaeon	none	na	2	112	18	66139	34001	17421	2020-03-16	9	2053489	2	DZG_bin1.240	Shenzhen University	2053489	d__Archaea;p__Promethearchaeota;c__;o__;f__;g__;s__	d__Archaea;x__Promethearchaeati;p__Promethearchaeota;x__unclassified Promethearchaeota;s__Promethearchaeota archaeon	267	3919328	11	25	na	3919061	0	RDOA00000000.1	3734	112	47969	1	none	none	none	none	none	none	803	RDOA01000026.1	803	1437	0	99.004	KT907925.1.912	Archaea;Thermoproteota;Bathyarchaeia;Incertae Sedis;Incertae Sedis;Incertae Sedis;uncultured archaeon	267	15	39	0
GB_GCA_048938105.1	Archaea	Asgardarchaeota	Heimdallarchaeia	Hodarchaeales	Hodarchaeaceae	Hodarchaeum	Hodarchaeum sp048938105	0	99.06	7.25	General	94.39	4.67	149	k__Archaea (UID2)	107	0.0	5082994	86.88245949953046	68	2051808	35.07234604671007	5850426	GB_GCA_048938105.1	t	d__Archaea;p__Asgardarchaeota;c__Heimdallarchaeia;o__Hodarchaeales;f__Hodarchaeaceae;g__Hodarchaeum;s__Hodarchaeum sp048938105	not type material	none	f	10	9	492920	492920	163061	1	1442	JBHLMN010000014.1	none	0	none	none	1462	300	3.74e-79	71.135	CP002278.769694.772677	Archaea;Methanobacteriota;Methanobacteria;Methanobacteriales;Methanothermaceae;Methanothermus;Methanothermus fervidus DSM 2088	86032	90006	f	f	t	207708	233269	Scaffold	ASM4893810v1	na	PRJNA1162170	SAMN43852843	68	207708	none	2025-03-25	GCA_048938105.1	derived from metagenome	full	DZ2M.341	none	none	0	0	Promethearchaeota archaeon	none	na	3	65	9	233269	136959	70942	2025-03-25	3	2053489	1	DZ2M.341	East china normal University	2053489	d__Archaea;p__Promethearchaeota;c__;o__;f__;g__;s__	d__Archaea;x__Promethearchaeati;p__Promethearchaeota;x__unclassified Promethearchaeota;s__Promethearchaeota archaeon	210	5850426	11	47	na	5850216	0	JBHLMN000000000.1	5011	65	163061	2	none	none	none	none	none	none	749	JBHLMN010000014.1	696	1118	0	95.69	JQ989638.1.1405	Archaea;Asgardarchaeota;Lokiarchaeia;Odinarchaeales;Incertae Sedis;LCB-4;uncultured archaeon	210	18	46	0
GB_GCA_048883065.1	Archaea	Asgardarchaeota	Heimdallarchaeia	Heimdallarchaeales	Heimdallarchaeaceae	UBA460	UBA460 sp048883065	0	72.03	1.71	General	74.38	2.8	149	k__Archaea (UID2)	107	0.0	1851289	91.94780206544807	332	640150	31.79790411502581	2013413	GB_GCA_048883065.1	t	d__Archaea;p__Asgardarchaeota;c__Heimdallarchaeia;o__Heimdallarchaeales;f__Heimdallarchaeaceae;g__UBA460;s__UBA460 sp048883065	not type material	none	f	76	75	54936	54936	none	0	none	none	none	0	none	none	none	none	none	none	none	none	6063	6331	f	f	t	7224	7284	Scaffold	ASM4888306v1	na	PRJNA1162170	SAMN43852959	332	7224	none	2025-03-24	GCA_048883065.1	derived from metagenome	full	QM1B.68	none	none	0	0	Candidatus Thorarchaeota archaeon	none	na	0	318	75	7284	4233	3172	2025-03-24	14	2053491	0	QM1B.68	East china normal University	2053491	d__Archaea;p__Candidatus Thorarchaeota;c__;o__;f__;g__;s__	d__Archaea;x__Promethearchaeati;p__Candidatus Thorarchaeota;x__unclassified Candidatus Thorarchaeota;s__Candidatus Thorarchaeota archaeon	230	2013413	11	33	na	2013183	0	JBHLQZ000000000.1	2166	318	none	0	none	none	none	none	none	none	none	none	none	none	none	none	none	none	230	16	33	0
GB_GCA_021498085.1	Archaea	Asgardarchaeota	Heimdallarchaeia	JABLTI01	JABLTI01	JABLTI01	JABLTI01 sp019056785	0	88.14	3.84	General	94.86	6.07	149	k__Archaea (UID2)	107	0.0	2809208	88.20994484853128	11	1233778	38.74098654685991	3184684	GB_GCA_019056785.1	f	d__Archaea;p__Asgardarchaeota;c__Heimdallarchaeia;o__JABLTI01;f__JABLTI01;g__JABLTI01;s__JABLTI01 sp019056785	not type material	none	f	3	3	876162	876162	69002	1	3169	JAIZWM010000010.1	none	0	none	none	898	300	8.3e-79	73.497	KX764886.1.3038	Archaea;Incertae Sedis;Incertae Sedis;Incertae Sedis;Incertae Sedis;Incertae Sedis;uncultured archaeon	289516	289516	f	f	t	442704	442704	Contig	ASM2149808v1	na	PRJNA721962	SAMN21379715	11	442704	Mexico: Gulf of California; Pescadero basin auka vent field	2022-01-18	GCA_021498085.1	derived from metagenome	full	AC18	rock	23.954027 N 108.863325 W	0	0	Candidatus Heimdallarchaeota archaeon	none	na	2	none	none	none	none	none	2022-01-18	0	2026747	1	AC18	California Institute of Technology	2026747	d__Archaea;p__Candidatus Heimdallarchaeota;c__;o__;f__;g__;s__	d__Archaea;x__Promethearchaeati;p__Candidatus Heimdallarchaeota;x__unclassified Candidatus Heimdallarchaeota;s__Candidatus Heimdallarchaeota archaeon	0	3184684	11	47	na	3184684	0	JAIZWM000000000.1	2804	11	69002	1	none	none	none	none	none	none	1489	JAIZWM010000010.1	1458	2621	0	99.108	FR682492.1.1462	Archaea;Asgardarchaeota;Heimdallarchaeia;Incertae Sedis;Incertae Sedis;LC_3;uncultured archaeon	0	19	47	0
GB_GCA_026993975.1	Archaea	Asgardarchaeota	Njordarchaeia	Njordarchaeales	Njordarchaeaceae	Njordarchaeum	Njordarchaeum sp026993975	0	87.31	3.49	General	89.72	2.41	149	k__Archaea (UID2)	107	33.33	2074047	90.04124698657357	245	831579	36.10614327935945	2303441	GB_GCA_026993975.1	t	d__Archaea;p__Asgardarchaeota;c__Njordarchaeia;o__Njordarchaeales;f__Njordarchaeaceae;g__Njordarchaeum;s__Njordarchaeum sp026993975	not type material	none	f	52	45	71673	71673	8531	1	953	JALWRR010000030.1	none	0	none	none	959	492	3.76e-137	76.434	CP002009.900631.903615	Archaea;Methanobacteriota;Methanococci;Methanococcales;Methanocaldococcaceae;Methanocaldococcus;Methanocaldococcus infernus ME	9400	10664	f	f	t	14892	16099	Scaffold	ASM2699397v1	na	PRJNA821212	SAMN27360683	245	14892	Pacific Ocean: Lau Basin	2022-12-19	GCA_026993975.1	derived from metagenome	full	M2_metabat1_scaf2bin.245	marine hydrothermal vent	none	0	none	Promethearchaeati archaeon	none	na	none	216	45	16099	9327	4858	2022-12-19	29	2591838	none	M2_metabat1_scaf2bin.245	Portland State University	2591838	d__Archaea;p__;c__;o__;f__;g__;s__	d__Archaea;x__Promethearchaeati;x__unclassified Promethearchaeati;s__Promethearchaeati archaeon	290	2303441	none	none	na	2303151	0	JALWRR000000000.1	2411	216	none	0	none	none	none	none	none	none	none	none	none	none	none	none	none	none	290	19	41	0
GB_GCA_029855965.1	Archaea	Asgardarchaeota	Thorarchaeia	Thorarchaeales	Thorarchaeaceae	JALVPN01	JALVPN01 sp027031765	0	88.17	3.05	General	82.24	5.61	149	k__Archaea (UID2)	107	0.0	2247118	86.41252642807756	491	1536046	59.06837806013873	2600454	GB_GCA_027031765.1	f	d__Archaea;p__Asgardarchaeota;c__Thorarchaeia;o__Thorarchaeales;f__Thorarchaeaceae;g__JALVPN01;s__JALVPN01 sp027031765	not type material	none	f	110	110	43488	43488	none	0	none	none	22356	1	114	JAGSHO010000367.1	none	none	none	none	none	none	5296	5296	f	f	t	6697	6697	Contig	ASM2985596v1	na	PRJNA495050	SAMN18742758	491	6697	Pacific Ocean: Lau Basin	2023-04-24	GCA_029855965.1	derived from metagenome	full	A381	hydrothermal vent deposit	21.4492 S 176.2599 W	0	none	Candidatus Thorarchaeota archaeon	none	na	none	none	none	none	none	none	2023-04-24	0	2053491	none	A381	Portland State University	2053491	d__Archaea;p__Candidatus Thorarchaeota;c__;o__;f__;g__;s__	d__Archaea;x__Promethearchaeati;p__Candidatus Thorarchaeota;x__unclassified Candidatus Thorarchaeota;s__Candidatus Thorarchaeota archaeon	0	2600454	none	none	na	2600454	0	JAGSHO000000000.1	2716	491	15817	1	none	none	none	none	none	none	507	JAGSHO010000342.1	499	318	3.93e-85	78.958	MTNG01000066.568.2033	Archaea;Thermoplasmatota;Thermoplasmata;Acidiprofundales;Aciduliprofundaceae;JdFR-45;Aciduliprofundum sp. JdFR-45	0	19	45	1
GB_GCA_964534625.1	Archaea	Asgardarchaeota	Heimdallarchaeia	Heimdallarchaeales	Heimdallarchaeaceae	CAZHRF01	CAZHRF01 sp964534625	0	89.82	2.62	General	89.95	2.34	149	k__Archaea (UID2)	107	0.0	2904558	86.17794998188653	158	1088685	32.33763606752056	3370419	GB_GCA_964534625.1	t	d__Archaea;p__Asgardarchaeota;c__Heimdallarchaeia;o__Heimdallarchaeales;f__Heimdallarchaeaceae;g__CAZHRF01;s__CAZHRF01 sp964534625	not type material	none	f	23	19	140215	209756	209756	1	2544	CAZHRF010000001.1	none	0	none	none	2557	2832	0	86.86	MEHH01000225.593.3133	Archaea;Asgardarchaeota;Incertae Sedis;Incertae Sedis;Incertae Sedis;Incertae Sedis;Candidatus Heimdallarchaeota archaeon AB_125	21307	28086	f	f	t	41333	51519	Scaffold	SRP141376_co2_229	na	PRJEB82487	SAMEA117288539	158	41333	none	2025-01-11	GCA_964534625.1	derived from metagenome	full	SRP141376_co2_229	none	none	0	none	uncultured archaeon	none	na	none	120	19	51519	28839	11168	2025-01-11	38	115547	none	SRP141376_co2_229	Centre for Microbiome Research	115547	d__Archaea;p__;c__;o__;f__;g__;s__	d__Archaea;x__environmental samples;s__uncultured archaeon	3800	3370419	none	none	na	3366619	0	CAZHRF000000000.1	2931	120	209756	1	none	none	none	none	none	none	1477	CAZHRF010000001.1	1454	1908	0	90.44	MEHH01000036.3025.4474	Archaea;Asgardarchaeota;Heimdallarchaeia;Incertae Sedis;Incertae Sedis;AB_125;Candidatus Heimdallarchaeota archaeon AB_125	3800	19	46	0
GB_GCA_048941605.1	Archaea	Asgardarchaeota	Lokiarchaeia	Sigyniarchaeales	SOKP01	Loki-b32	Loki-b32 sp048941605	0	94.8	3.69	General	86.34	4.21	149	k__Archaea (UID2)	107	0.0	3131658	88.6360780309094	259	1043603	29.538687190843827	3533164	GB_GCA_048941605.1	t	d__Archaea;p__Asgardarchaeota;c__Lokiarchaeia;o__Sigyniarchaeales;f__SOKP01;g__Loki-b32;s__Loki-b32 sp048941605	not type material	none	f	56	52	67617	68657	none	0	none	none	none	0	none	none	none	none	none	none	none	none	13640	14539	f	f	t	18499	19699	Scaffold	ASM4894160v1	na	PRJNA1162170	SAMN43852867	259	18499	none	2025-03-25	GCA_048941605.1	derived from metagenome	full	DZ2S.275	none	none	0	0	Promethearchaeota archaeon	none	na	1	243	52	19699	11896	7406	2025-03-25	16	2053489	1	DZ2S.275	East china normal University	2053489	d__Archaea;p__Promethearchaeota;c__;o__;f__;g__;s__	d__Archaea;x__Promethearchaeati;p__Promethearchaeota;x__unclassified Promethearchaeota;s__Promethearchaeota archaeon	160	3533164	11	41	na	3533004	0	JBHLNL000000000.1	3468	243	none	0	none	none	none	none	none	none	none	none	none	none	none	none	none	none	160	16	39	0
GB_GCA_037308085.1	Archaea	Asgardarchaeota	Atabeyarchaeia	Atabeyarchaeales	Atabeyarchaeaceae	JAHPYV01	JAHPYV01 sp037308085	0	96.92	5.08	General	97.2	1.87	149	k__Archaea (UID2)	107	0.0	2371404	84.43213485762382	1	1391781	49.55336209447169	2808651	GB_GCA_037308085.1	t	d__Archaea;p__Asgardarchaeota;c__Atabeyarchaeia;o__Atabeyarchaeales;f__Atabeyarchaeaceae;g__JAHPYV01;s__JAHPYV01 sp037308085	not type material	none	f	1	1	2808651	2808651	2808651	1	2841	CP147779.1	none	0	none	none	1895	876	0	75.937	MTMI01000003.1530.4501	Archaea;Halobacteriota;Archaeoglobi;Archaeoglobales;Archaeoglobaceae;Incertae Sedis;Euryarchaeota archaeon JdFR-21	2808651	2808651	f	f	t	2808651	2808651	Complete Genome	ASM3730808v1	na	PRJNA1050611	SAMN40176692	none	none	none	2024-03-19	GCA_037308085.1	derived from metagenome	full	SRVP18_Atabeyarchaeia-1	none	none	1	0	Promethearchaeati archaeon SRVP18_Atabeyarchaeia-1	none	na	2	1	1	2808651	2808651	2808651	2024-03-19	0	3126527	1	SRVP18_Atabeyarchaeia-1	Banfield Lab at UC Berkeley	3126527	d__Archaea;p__;c__;o__;f__;g__;s__	d__Archaea;x__Promethearchaeati;x__unclassified Promethearchaeati;s__Promethearchaeati archaeon SRVP18_Atabeyarchaeia-1	0	2808651	11	41	na	2808651	0	na	2782	1	2808651	2	none	none	none	none	none	none	1033	CP147779.1	1016	1090	0	86.122	KP784731.1.1473	Archaea;Thermoproteota;Bathyarchaeia;Incertae Sedis;Incertae Sedis;Incertae Sedis;uncultured archaeon	0	18	39	0
GB_GCA_041305945.1	Archaea	Asgardarchaeota	Lokiarchaeia	Sigyniarchaeales	Sigyniarchaeaceae	JBGLND01	JBGLND01 sp041305945	0	63.56	2.43	General	66.0	2.34	149	k__Archaea (UID2)	107	0.0	3309749	89.32441065032833	1	1988924	53.67762453536314	3705313	GB_GCA_041305945.1	t	d__Archaea;p__Asgardarchaeota;c__Lokiarchaeia;o__Sigyniarchaeales;f__Sigyniarchaeaceae;g__JBGLND01;s__JBGLND01 sp041305945	not type material	none	f	1	1	3705313	3705313	none	0	none	none	none	0	none	none	none	none	none	none	none	none	3705313	3705313	f	f	t	3705313	3705313	Contig	ASM4130594v1	na	PRJNA1007388	SAMN40438303	1	3705313	none	2024-08-15	GCA_041305945.1	derived from metagenome	full	PPR_0005	none	none	0	none	Promethearchaeota archaeon	none	na	none	none	none	none	none	none	2024-08-15	0	2053489	none	PPR_0005	Colorado State University	2053489	d__Archaea;p__Promethearchaeota;c__;o__;f__;g__;s__	d__Archaea;x__Promethearchaeati;p__Promethearchaeota;x__unclassified Promethearchaeota;s__Promethearchaeota archaeon	0	3705313	none	none	na	3705313	0	JBGLND000000000.1	3498	1	none	0	none	none	none	none	none	none	none	none	none	none	none	none	none	none	0	15	29	2
